g Extruded Mesh
v 1.086032E-07 -0.07649651 8.653688
v 1.086032E-07 -0.1710663 8.653688
v -1.604928E-07 -1.993562 8.653688
v 1.303276 -0.07649651 8.533985
v 1.303276 -0.1710663 8.533985
v 1.303276 -1.993562 8.533985
v 2.5421 -0.07649651 8.238979
v 2.5421 -0.1710663 8.238979
v 2.5421 -1.993562 8.23898
v 3.706599 -0.07649651 7.780861
v 3.706599 -0.1710663 7.780861
v 3.706599 -1.993562 7.780861
v 4.785648 -0.07649651 7.171427
v 4.785648 -0.1710663 7.171427
v 4.785648 -1.993562 7.171427
v 5.767148 -0.07649651 6.422579
v 5.767148 -0.1710663 6.422579
v 5.767148 -1.993562 6.422579
v 6.638419 -0.07649651 5.546594
v 6.638419 -0.1710663 5.546594
v 6.638419 -1.993562 5.546594
v 7.351906 -0.07649651 4.533975
v 7.351906 -0.1710663 4.533975
v 7.351906 -1.993562 4.533976
v 7.915434 -0.07649651 3.425014
v 7.915434 -0.1710663 3.425014
v 7.915434 -1.993562 3.425014
v 8.32241 -0.07649651 2.235903
v 8.32241 -0.1710663 2.235903
v 8.32241 -1.993562 2.235903
v 8.56107 -0.07649651 0.9772072
v 8.56107 -0.1710663 0.9772072
v 8.56107 -1.993562 0.9772074
v 8.620917 -0.07649651 -0.3256408
v 8.620917 -0.1710663 -0.3256408
v 8.620917 -1.993562 -0.3256406
v 8.494636 -0.07649651 -1.624876
v 8.494636 -0.1710663 -1.624876
v 8.494636 -1.993562 -1.624875
v 8.157314 -0.07649651 -2.848841
v 8.157314 -0.1710663 -2.848841
v 8.157314 -1.993562 -2.84884
v 7.647889 -0.07649651 -3.988947
v 7.647889 -0.1710663 -3.988947
v 7.647889 -1.993562 -3.988946
v 6.992377 -0.07649651 -5.038275
v 6.992377 -0.1710663 -5.038275
v 6.992377 -1.993562 -5.038275
v 6.202895 -0.07649651 -5.984432
v 6.202895 -0.1710663 -5.984432
v 6.202895 -1.993562 -5.984432
v 5.291907 -0.07649651 -6.81472
v 5.291907 -0.1710663 -6.81472
v 5.291907 -1.993562 -6.81472
v 4.272116 -0.07649651 -7.51649
v 4.272116 -0.1710663 -7.51649
v 4.272117 -1.993562 -7.51649
v 3.144135 -0.07649651 -8.051635
v 3.144135 -0.1710663 -8.051635
v 3.144135 -1.993562 -8.051634
v 1.930183 -0.07649651 -8.407623
v 1.930183 -0.1710663 -8.407623
v 1.930183 -1.993562 -8.407623
v 0.6513523 -0.07649651 -8.590047
v 0.6513523 -0.1710663 -8.590047
v 0.6513526 -1.993562 -8.590047
v -0.6513528 -0.07649651 -8.590047
v -0.6513528 -0.1710663 -8.590047
v -0.6513525 -1.993562 -8.590047
v -1.930184 -0.07649651 -8.407623
v -1.930184 -0.1710663 -8.407623
v -1.930183 -1.993562 -8.407623
v -3.144135 -0.07649651 -8.051635
v -3.144135 -0.1710663 -8.051635
v -3.144135 -1.993562 -8.051635
v -4.272117 -0.07649651 -7.516489
v -4.272117 -0.1710663 -7.516489
v -4.272117 -1.993562 -7.51649
v -5.291908 -0.07649651 -6.81472
v -5.291908 -0.1710663 -6.81472
v -5.291907 -1.993562 -6.81472
v -6.202895 -0.07649651 -5.984432
v -6.202895 -0.1710663 -5.984432
v -6.202895 -1.993562 -5.984432
v -6.992377 -0.07649651 -5.038274
v -6.992377 -0.1710663 -5.038274
v -6.992377 -1.993562 -5.038274
v -7.64789 -0.07649651 -3.988946
v -7.64789 -0.1710663 -3.988946
v -7.64789 -1.993562 -3.988946
v -8.157313 -0.07649651 -2.84884
v -8.157313 -0.1710663 -2.84884
v -8.157313 -1.993562 -2.84884
v -8.494636 -0.07649651 -1.624875
v -8.494636 -0.1710663 -1.624875
v -8.494637 -1.993562 -1.624875
v -8.620917 -0.07649651 -0.3256404
v -8.620917 -0.1710663 -0.3256404
v -8.620917 -1.993562 -0.3256407
v -8.561071 -0.07649651 0.9772076
v -8.561071 -0.1710663 0.9772076
v -8.561071 -1.993562 0.9772074
v -8.322411 -0.07649651 2.235903
v -8.322411 -0.1710663 2.235903
v -8.322411 -1.993562 2.235903
v -7.915434 -0.07649651 3.425014
v -7.915434 -0.1710663 3.425014
v -7.915435 -1.993562 3.425014
v -7.351904 -0.07649651 4.533976
v -7.351904 -0.1710663 4.533976
v -7.351904 -1.993562 4.533976
v -6.638418 -0.07649651 5.546595
v -6.638418 -0.1710663 5.546595
v -6.638419 -1.993562 5.546595
v -5.767148 -0.07649651 6.422579
v -5.767148 -0.1710663 6.422579
v -5.767148 -1.993562 6.422579
v -4.785647 -0.07649651 7.171428
v -4.785647 -0.1710663 7.171428
v -4.785648 -1.993562 7.171428
v -3.706598 -0.07649651 7.780861
v -3.706598 -0.1710663 7.780861
v -3.706598 -1.993562 7.780862
v -2.5421 -0.07649651 8.238979
v -2.5421 -0.1710663 8.238979
v -2.5421 -1.993562 8.238979
v -1.303276 -0.07649651 8.533985
v -1.303276 -0.1710663 8.533985
v -1.303276 -1.993562 8.533985
v 4.295888E-07 -0.07649651 11.34631
v 4.295888E-07 -0.1710663 11.34631
v 1.706513 -0.1710666 11.19624
v 1.706513 -0.07649681 11.19624
v 4.306195E-07 -0.05086836 11.35496
v 1.707808 -0.05086866 11.20479
v 4.336106E-07 -0.02774897 11.38005
v 1.711565 -0.02774927 11.2296
v 1.187208 -0.05086866 7.767682
v 1.185914 -0.07649681 7.759134
v 1.185913 -1.993563 7.759134
v 1.303276 -1.993563 8.533985
v 1.190966 -0.02774927 7.79249
v 1.196818 -0.009401591 7.831131
v 1.204193 0.002378372 7.879819
v 1.212368 0.006437389 7.933792
v 1.276821 0.006437389 8.359327
v 1.284996 0.002378372 8.4133
v 1.292371 -0.009401591 8.461988
v 1.298223 -0.02774927 8.500628
v 1.301981 -0.05086866 8.525436
v 1.303276 -0.07649681 8.533985
v 1.303276 -0.1710666 8.533985
v 1.706513 -0.1710666 11.19624
v 1.303276 -0.1710666 8.533985
v 1.706512 -1.993563 11.19624
v 1.707808 -0.05086866 11.20479
v 1.706513 -0.07649681 11.19624
v 1.823875 -1.993563 11.97109
v 1.711565 -0.02774927 11.2296
v 1.717418 -0.009401591 11.26824
v 1.724792 0.002378372 11.31693
v 1.732967 0.006437389 11.3709
v 1.797421 0.006437389 11.79644
v 1.805595 0.002378372 11.85041
v 1.81297 -0.009401591 11.8991
v 1.818823 -0.02774927 11.93774
v 1.82258 -0.05086866 11.96255
v 1.823875 -0.07649681 11.97109
v 1.823875 -1.993563 11.97109
v 2.539158E-07 -1.993562 12.13
v 5.230118E-07 -0.07649651 12.13
v 1.823875 -0.07649681 11.97109
v 1.82258 -0.05086866 11.96255
v 5.219812E-07 -0.05086836 12.12136
v 1.818823 -0.02774927 11.93774
v 5.189901E-07 -0.02774897 12.09626
v -1.604928E-07 -1.993562 8.653688
v 1.185913 -1.993563 7.759134
v -2.539158E-07 -1.993562 7.869999
v 1.303276 -1.993563 8.533985
v 1.604928E-07 -1.993562 11.34631
v 1.706512 -1.993563 11.19624
v 2.539158E-07 -1.993562 12.13
v 1.823875 -1.993563 11.97109
v 5.219812E-07 -0.05086836 12.12136
v 5.230118E-07 -0.07649651 12.13
v 2.539158E-07 -1.993562 12.13
v 5.189901E-07 -0.02774897 12.09626
v 5.143313E-07 -0.00940129 12.05718
v 5.084609E-07 0.002378674 12.00794
v 5.019535E-07 0.006437691 11.95335
v 4.506471E-07 0.006437691 11.52296
v 4.441397E-07 0.002378674 11.46837
v 4.382694E-07 -0.00940129 11.41913
v 4.336106E-07 -0.02774897 11.38005
v 4.306195E-07 -0.05086836 11.35496
v 4.295888E-07 -0.07649651 11.34631
v 4.295888E-07 -0.1710663 11.34631
v 1.604928E-07 -1.993562 11.34631
v 1.086032E-07 -0.1710663 8.653688
v 4.295888E-07 -0.1710663 11.34631
v -1.604928E-07 -1.993562 8.653688
v -2.539158E-07 -1.993562 7.869999
v 1.518021E-08 -0.07649651 7.869999
v 1.621086E-08 -0.05086836 7.878645
v 1.920196E-08 -0.02774897 7.903737
v 2.386074E-08 -0.00940129 7.942817
v 2.973113E-08 0.002378674 7.992062
v 3.62385E-08 0.006437691 8.04665
v 8.75449E-08 0.006437691 8.477038
v 9.405225E-08 0.002378674 8.531627
v 9.992264E-08 -0.00940129 8.580871
v 1.045814E-07 -0.02774897 8.619951
v 1.075725E-07 -0.05086836 8.645042
v 1.086032E-07 -0.07649651 8.653688
v -2.539158E-07 -1.993562 7.869999
v 1.185913 -1.993563 7.759134
v 1.185914 -0.07649681 7.759134
v 1.518021E-08 -0.07649651 7.869999
v 1.621086E-08 -0.05086836 7.878645
v 1.187208 -0.05086866 7.767682
v 1.920196E-08 -0.02774897 7.903737
v 1.190966 -0.02774927 7.79249
v 2.386074E-08 -0.00940129 7.942817
v 1.196818 -0.009401591 7.831131
v 2.973113E-08 0.002378674 7.992062
v 1.204193 0.002378372 7.879819
v 3.62385E-08 0.006437691 8.04665
v 1.212368 0.006437389 7.933792
v 1.276821 0.006437389 8.359327
v 8.75449E-08 0.006437691 8.477038
v 9.405225E-08 0.002378674 8.531627
v 1.284996 0.002378372 8.4133
v 9.992264E-08 -0.00940129 8.580871
v 1.292371 -0.009401591 8.461988
v 1.045814E-07 -0.02774897 8.619951
v 1.298223 -0.02774927 8.500628
v 1.075725E-07 -0.05086836 8.645042
v 1.301981 -0.05086866 8.525436
v 1.086032E-07 -0.07649651 8.653688
v 1.303276 -0.07649681 8.533985
v 1.086032E-07 -0.1710663 8.653688
v 1.303276 -0.1710666 8.533985
v 1.81297 -0.009401591 11.8991
v 1.818823 -0.02774927 11.93774
v 5.189901E-07 -0.02774897 12.09626
v 5.143313E-07 -0.00940129 12.05718
v 1.805595 0.002378372 11.85041
v 5.084609E-07 0.002378674 12.00794
v 1.797421 0.006437389 11.79644
v 5.019535E-07 0.006437691 11.95335
v 4.506471E-07 0.006437691 11.52296
v 1.732967 0.006437389 11.3709
v 1.724792 0.002378372 11.31693
v 4.441397E-07 0.002378674 11.46837
v 1.717418 -0.009401591 11.26824
v 4.382694E-07 -0.00940129 11.41913
v 1.711565 -0.02774927 11.2296
v 4.336106E-07 -0.02774897 11.38005
v 1.706513 -0.07649651 11.19624
v 1.706513 -0.1710663 11.19624
v 3.334903 -0.1710666 10.81224
v 3.334903 -0.07649681 10.81224
v 1.707808 -0.05086836 11.20479
v 3.337449 -0.05086866 10.82051
v 1.711565 -0.02774897 11.2296
v 3.344837 -0.02774927 10.84449
v 2.3139 -0.05086866 7.498294
v 2.311354 -0.07649681 7.490032
v 2.311354 -1.993563 7.490032
v 2.542099 -1.993563 8.23898
v 2.321287 -0.02774927 7.522273
v 2.332794 -0.009401591 7.559621
v 2.347293 0.002378372 7.606683
v 2.363366 0.006437389 7.658851
v 2.490088 0.006437389 8.070162
v 2.50616 0.002378372 8.12233
v 2.52066 -0.009401591 8.169391
v 2.532166 -0.02774927 8.206738
v 2.539554 -0.05086866 8.230718
v 2.5421 -0.07649681 8.23898
v 2.5421 -0.1710666 8.23898
v 3.334903 -0.1710666 10.81224
v 2.5421 -0.1710666 8.23898
v 3.334903 -1.993563 10.81224
v 3.337449 -0.05086866 10.82051
v 3.334903 -0.07649681 10.81224
v 3.565649 -1.993563 11.56119
v 3.344837 -0.02774927 10.84449
v 3.356344 -0.009401591 10.88183
v 3.370843 0.002378372 10.92889
v 3.386915 0.006437389 10.98106
v 3.513637 0.006437389 11.39237
v 3.52971 0.002378372 11.44454
v 3.544209 -0.009401591 11.4916
v 3.555716 -0.02774927 11.52895
v 3.563104 -0.05086866 11.55293
v 3.565649 -0.07649681 11.56119
v 3.565649 -1.993563 11.56119
v 1.823875 -1.993562 11.97109
v 1.823875 -0.07649651 11.97109
v 3.565649 -0.07649681 11.56119
v 3.563104 -0.05086866 11.55293
v 1.82258 -0.05086836 11.96255
v 3.555716 -0.02774927 11.52895
v 1.818823 -0.02774897 11.93774
v 1.303276 -1.993562 8.533985
v 2.311354 -1.993563 7.490032
v 1.185914 -1.993562 7.759134
v 2.542099 -1.993563 8.23898
v 1.706513 -1.993562 11.19624
v 3.334903 -1.993563 10.81224
v 1.823875 -1.993562 11.97109
v 3.565649 -1.993563 11.56119
v 1.82258 -0.05086836 11.96255
v 1.823875 -0.07649651 11.97109
v 1.823875 -1.993562 11.97109
v 1.818823 -0.02774897 11.93774
v 1.81297 -0.00940129 11.8991
v 1.805596 0.002378674 11.85041
v 1.797421 0.006437691 11.79644
v 1.732967 0.006437691 11.3709
v 1.724792 0.002378674 11.31693
v 1.717418 -0.00940129 11.26824
v 1.711565 -0.02774897 11.2296
v 1.707808 -0.05086836 11.20479
v 1.706513 -0.07649651 11.19624
v 1.706513 -0.1710663 11.19624
v 1.706513 -1.993562 11.19624
v 1.303276 -0.1710663 8.533985
v 1.706513 -0.1710663 11.19624
v 1.303276 -1.993562 8.533985
v 1.185914 -1.993562 7.759134
v 1.185914 -0.07649651 7.759134
v 1.187209 -0.05086836 7.767682
v 1.190966 -0.02774897 7.79249
v 1.196819 -0.00940129 7.831131
v 1.204193 0.002378674 7.879819
v 1.212368 0.006437691 7.933792
v 1.276822 0.006437691 8.359327
v 1.284997 0.002378674 8.4133
v 1.292371 -0.00940129 8.461988
v 1.298224 -0.02774897 8.500628
v 1.301981 -0.05086836 8.525436
v 1.303276 -0.07649651 8.533985
v 1.185914 -1.993562 7.759134
v 2.311354 -1.993563 7.490032
v 2.311354 -0.07649681 7.490032
v 1.185914 -0.07649651 7.759134
v 1.187209 -0.05086836 7.767682
v 2.3139 -0.05086866 7.498294
v 1.190966 -0.02774897 7.79249
v 2.321287 -0.02774927 7.522273
v 1.196819 -0.00940129 7.831131
v 2.332794 -0.009401591 7.559621
v 1.204193 0.002378674 7.879819
v 2.347293 0.002378372 7.606683
v 1.212368 0.006437691 7.933792
v 2.363366 0.006437389 7.658851
v 2.490088 0.006437389 8.070162
v 1.276822 0.006437691 8.359327
v 1.284997 0.002378674 8.4133
v 2.50616 0.002378372 8.12233
v 1.292371 -0.00940129 8.461988
v 2.52066 -0.009401591 8.169391
v 1.298224 -0.02774897 8.500628
v 2.532166 -0.02774927 8.206738
v 1.301981 -0.05086836 8.525436
v 2.539554 -0.05086866 8.230718
v 1.303276 -0.07649651 8.533985
v 2.5421 -0.07649681 8.23898
v 1.303276 -0.1710663 8.533985
v 2.5421 -0.1710666 8.23898
v 3.544209 -0.009401591 11.4916
v 3.555716 -0.02774927 11.52895
v 1.818823 -0.02774897 11.93774
v 1.81297 -0.00940129 11.8991
v 3.52971 0.002378372 11.44454
v 1.805596 0.002378674 11.85041
v 3.513637 0.006437389 11.39237
v 1.797421 0.006437691 11.79644
v 1.732967 0.006437691 11.3709
v 3.386915 0.006437389 10.98106
v 3.370843 0.002378372 10.92889
v 1.724792 0.002378674 11.31693
v 3.356344 -0.009401591 10.88183
v 1.717418 -0.00940129 11.26824
v 3.344837 -0.02774927 10.84449
v 1.711565 -0.02774897 11.2296
v 3.334904 -0.07649651 10.81224
v 3.334904 -0.1710663 10.81224
v 4.866146 -0.1710666 10.21102
v 4.866146 -0.07649681 10.21102
v 3.337449 -0.05086836 10.82051
v 4.869869 -0.05086866 10.21882
v 3.344837 -0.02774897 10.84448
v 4.880674 -0.02774927 10.24147
v 3.372835 -0.05086866 7.081366
v 3.369112 -0.07649681 7.073563
v 3.369112 -1.993563 7.073563
v 3.706599 -1.993563 7.780861
v 3.38364 -0.02774927 7.104012
v 3.40047 -0.009401591 7.139283
v 3.421676 0.002378372 7.183727
v 3.445184 0.006437389 7.232994
v 3.630526 0.006437389 7.621431
v 3.654034 0.002378372 7.670697
v 3.67524 -0.009401591 7.715142
v 3.69207 -0.02774927 7.750413
v 3.702875 -0.05086866 7.773058
v 3.706599 -0.07649681 7.780861
v 3.706599 -0.1710666 7.780861
v 4.866146 -0.1710666 10.21102
v 3.706599 -0.1710666 7.780861
v 4.866146 -1.993563 10.21102
v 4.869869 -0.05086866 10.21882
v 4.866146 -0.07649681 10.21102
v 5.203633 -1.993563 10.91832
v 4.880674 -0.02774927 10.24147
v 4.897504 -0.009401591 10.27674
v 4.918711 0.002378372 10.32118
v 4.942218 0.006437389 10.37045
v 5.12756 0.006437389 10.75889
v 5.151068 0.002378372 10.80815
v 5.172275 -0.009401591 10.8526
v 5.189104 -0.02774927 10.88787
v 5.199909 -0.05086866 10.91051
v 5.203633 -0.07649681 10.91832
v 5.203633 -1.993563 10.91832
v 3.565649 -1.993562 11.56119
v 3.56565 -0.07649651 11.56119
v 5.203633 -0.07649681 10.91832
v 5.199909 -0.05086866 10.91051
v 3.563104 -0.05086836 11.55293
v 5.189104 -0.02774927 10.88787
v 3.555716 -0.02774897 11.52895
v 2.5421 -1.993562 8.23898
v 3.369112 -1.993563 7.073563
v 2.311354 -1.993562 7.490032
v 3.706599 -1.993563 7.780861
v 3.334903 -1.993562 10.81224
v 4.866146 -1.993563 10.21102
v 3.565649 -1.993562 11.56119
v 5.203633 -1.993563 10.91832
v 3.563104 -0.05086836 11.55293
v 3.56565 -0.07649651 11.56119
v 3.565649 -1.993562 11.56119
v 3.555716 -0.02774897 11.52895
v 3.544209 -0.00940129 11.4916
v 3.52971 0.002378674 11.44454
v 3.513638 0.006437691 11.39237
v 3.386916 0.006437691 10.98106
v 3.370843 0.002378674 10.92889
v 3.356344 -0.00940129 10.88183
v 3.344837 -0.02774897 10.84448
v 3.337449 -0.05086836 10.82051
v 3.334904 -0.07649651 10.81224
v 3.334904 -0.1710663 10.81224
v 3.334903 -1.993562 10.81224
v 2.5421 -0.1710663 8.238979
v 3.334904 -0.1710663 10.81224
v 2.5421 -1.993562 8.23898
v 2.311354 -1.993562 7.490032
v 2.311354 -0.07649651 7.490031
v 2.3139 -0.05086836 7.498293
v 2.321288 -0.02774897 7.522272
v 2.332794 -0.00940129 7.55962
v 2.347294 0.002378674 7.606682
v 2.363366 0.006437691 7.65885
v 2.490088 0.006437691 8.070161
v 2.50616 0.002378674 8.122329
v 2.52066 -0.00940129 8.16939
v 2.532166 -0.02774897 8.206738
v 2.539554 -0.05086836 8.230717
v 2.5421 -0.07649651 8.238979
v 2.311354 -1.993562 7.490032
v 3.369112 -1.993563 7.073563
v 3.369112 -0.07649681 7.073563
v 2.311354 -0.07649651 7.490031
v 2.3139 -0.05086836 7.498293
v 3.372835 -0.05086866 7.081366
v 2.321288 -0.02774897 7.522272
v 3.38364 -0.02774927 7.104012
v 2.332794 -0.00940129 7.55962
v 3.40047 -0.009401591 7.139283
v 2.347294 0.002378674 7.606682
v 3.421676 0.002378372 7.183727
v 2.363366 0.006437691 7.65885
v 3.445184 0.006437389 7.232994
v 3.630526 0.006437389 7.621431
v 2.490088 0.006437691 8.070161
v 2.50616 0.002378674 8.122329
v 3.654034 0.002378372 7.670697
v 2.52066 -0.00940129 8.16939
v 3.67524 -0.009401591 7.715142
v 2.532166 -0.02774897 8.206738
v 3.69207 -0.02774927 7.750413
v 2.539554 -0.05086836 8.230717
v 3.702875 -0.05086866 7.773058
v 2.5421 -0.07649651 8.238979
v 3.706599 -0.07649681 7.780861
v 2.5421 -0.1710663 8.238979
v 3.706599 -0.1710666 7.780861
v 5.172275 -0.009401591 10.8526
v 5.189104 -0.02774927 10.88787
v 3.555716 -0.02774897 11.52895
v 3.544209 -0.00940129 11.4916
v 5.151068 0.002378372 10.80815
v 3.52971 0.002378674 11.44454
v 5.12756 0.006437389 10.75889
v 3.513638 0.006437691 11.39237
v 3.386916 0.006437691 10.98106
v 4.942218 0.006437389 10.37045
v 4.918711 0.002378372 10.32118
v 3.370843 0.002378674 10.92889
v 4.897504 -0.009401591 10.27674
v 3.356344 -0.00940129 10.88183
v 4.880674 -0.02774927 10.24147
v 3.344837 -0.02774897 10.84448
v 4.866147 -0.07649651 10.21102
v 4.866147 -0.1710663 10.21102
v 6.282466 -0.1710666 9.409674
v 6.282466 -0.07649681 9.409674
v 4.86987 -0.05086836 10.21882
v 6.287273 -0.05086866 9.416861
v 4.880675 -0.02774897 10.24147
v 6.301221 -0.02774927 9.437718
v 4.354804 -0.05086866 6.527171
v 4.349998 -0.07649681 6.519984
v 4.349998 -1.993563 6.519984
v 4.785647 -1.993563 7.171427
v 4.368752 -0.02774927 6.548028
v 4.390477 -0.009401591 6.580513
v 4.417852 0.002378372 6.621448
v 4.448197 0.006437389 6.666824
v 4.687449 0.006437389 7.024586
v 4.717794 0.002378372 7.069963
v 4.745169 -0.009401591 7.110897
v 4.766893 -0.02774927 7.143383
v 4.780841 -0.05086866 7.16424
v 4.785648 -0.07649681 7.171427
v 4.785648 -0.1710666 7.171427
v 6.282466 -0.1710666 9.409674
v 4.785648 -0.1710666 7.171427
v 6.282466 -1.993563 9.409674
v 6.287273 -0.05086866 9.416861
v 6.282466 -0.07649681 9.409674
v 6.718116 -1.993563 10.06112
v 6.301221 -0.02774927 9.437718
v 6.322946 -0.009401591 9.470203
v 6.35032 0.002378372 9.511138
v 6.380665 0.006437389 9.556514
v 6.619917 0.006437389 9.914276
v 6.650262 0.002378372 9.959652
v 6.677637 -0.009401591 10.00059
v 6.699362 -0.02774927 10.03307
v 6.71331 -0.05086866 10.05393
v 6.718116 -0.07649681 10.06112
v 6.718116 -1.993563 10.06112
v 5.203633 -1.993562 10.91832
v 5.203633 -0.07649651 10.91832
v 6.718116 -0.07649681 10.06112
v 6.71331 -0.05086866 10.05393
v 5.19991 -0.05086836 10.91051
v 6.699362 -0.02774927 10.03307
v 5.189105 -0.02774897 10.88787
v 3.706599 -1.993562 7.780861
v 4.349998 -1.993563 6.519984
v 3.369112 -1.993562 7.073563
v 4.785647 -1.993563 7.171427
v 4.866146 -1.993562 10.21102
v 6.282466 -1.993563 9.409674
v 5.203633 -1.993562 10.91832
v 6.718116 -1.993563 10.06112
v 5.19991 -0.05086836 10.91051
v 5.203633 -0.07649651 10.91832
v 5.203633 -1.993562 10.91832
v 5.189105 -0.02774897 10.88787
v 5.172275 -0.00940129 10.8526
v 5.151069 0.002378674 10.80815
v 5.127561 0.006437691 10.75889
v 4.942219 0.006437691 10.37045
v 4.918711 0.002378674 10.32118
v 4.897504 -0.00940129 10.27674
v 4.880675 -0.02774897 10.24147
v 4.86987 -0.05086836 10.21882
v 4.866147 -0.07649651 10.21102
v 4.866147 -0.1710663 10.21102
v 4.866146 -1.993562 10.21102
v 3.706599 -0.1710663 7.780861
v 4.866147 -0.1710663 10.21102
v 3.706599 -1.993562 7.780861
v 3.369112 -1.993562 7.073563
v 3.369112 -0.07649651 7.073563
v 3.372835 -0.05086836 7.081366
v 3.383641 -0.02774897 7.104012
v 3.40047 -0.00940129 7.139283
v 3.421677 0.002378674 7.183727
v 3.445184 0.006437691 7.232994
v 3.630527 0.006437691 7.621431
v 3.654034 0.002378674 7.670697
v 3.675241 -0.00940129 7.715142
v 3.69207 -0.02774897 7.750413
v 3.702876 -0.05086836 7.773058
v 3.706599 -0.07649651 7.780861
v 3.369112 -1.993562 7.073563
v 4.349998 -1.993563 6.519984
v 4.349998 -0.07649681 6.519984
v 3.369112 -0.07649651 7.073563
v 3.372835 -0.05086836 7.081366
v 4.354804 -0.05086866 6.527171
v 3.383641 -0.02774897 7.104012
v 4.368752 -0.02774927 6.548028
v 3.40047 -0.00940129 7.139283
v 4.390477 -0.009401591 6.580513
v 3.421677 0.002378674 7.183727
v 4.417852 0.002378372 6.621448
v 3.445184 0.006437691 7.232994
v 4.448197 0.006437389 6.666824
v 4.687449 0.006437389 7.024586
v 3.630527 0.006437691 7.621431
v 3.654034 0.002378674 7.670697
v 4.717794 0.002378372 7.069963
v 3.675241 -0.00940129 7.715142
v 4.745169 -0.009401591 7.110897
v 3.69207 -0.02774897 7.750413
v 4.766893 -0.02774927 7.143383
v 3.702876 -0.05086836 7.773058
v 4.780841 -0.05086866 7.16424
v 3.706599 -0.07649651 7.780861
v 4.785648 -0.07649681 7.171427
v 3.706599 -0.1710663 7.780861
v 4.785648 -0.1710666 7.171427
v 6.677637 -0.009401591 10.00059
v 6.699362 -0.02774927 10.03307
v 5.189105 -0.02774897 10.88787
v 5.172275 -0.00940129 10.8526
v 6.650262 0.002378372 9.959652
v 5.151069 0.002378674 10.80815
v 6.619917 0.006437389 9.914276
v 5.127561 0.006437691 10.75889
v 4.942219 0.006437691 10.37045
v 6.380665 0.006437389 9.556514
v 6.35032 0.002378372 9.511138
v 4.918711 0.002378674 10.32118
v 6.322946 -0.009401591 9.470203
v 4.897504 -0.00940129 10.27674
v 6.301221 -0.02774927 9.437718
v 4.880675 -0.02774897 10.24147
v 6.282466 -0.07649651 9.409674
v 6.282466 -0.1710663 9.409674
v 7.567065 -0.1710666 8.425206
v 7.567065 -0.07649681 8.425206
v 6.287273 -0.05086836 9.416861
v 7.572844 -0.05086866 8.431637
v 6.301221 -0.02774897 9.437718
v 7.589617 -0.02774927 8.450298
v 5.249061 -0.05086866 5.846143
v 5.243281 -0.07649681 5.839713
v 5.243281 -1.993563 5.839714
v 5.767147 -1.993563 6.422579
v 5.265833 -0.02774927 5.864805
v 5.291957 -0.009401591 5.893871
v 5.324875 0.002378372 5.930496
v 5.361365 0.006437389 5.971096
v 5.649064 0.006437389 6.291196
v 5.685554 0.002378372 6.331796
v 5.718472 -0.009401591 6.368421
v 5.744596 -0.02774927 6.397487
v 5.761368 -0.05086866 6.416148
v 5.767148 -0.07649681 6.422579
v 5.767148 -0.1710666 6.422579
v 7.567065 -0.1710666 8.425206
v 5.767148 -0.1710666 6.422579
v 7.567064 -1.993563 8.425207
v 7.572844 -0.05086866 8.431637
v 7.567065 -0.07649681 8.425206
v 8.090931 -1.993563 9.008072
v 7.589617 -0.02774927 8.450298
v 7.61574 -0.009401591 8.479364
v 7.648659 0.002378372 8.515989
v 7.685148 0.006437389 8.556589
v 7.972847 0.006437389 8.876689
v 8.009337 0.002378372 8.917289
v 8.042255 -0.009401591 8.953914
v 8.068379 -0.02774927 8.98298
v 8.085152 -0.05086866 9.001641
v 8.090931 -0.07649681 9.008072
v 8.090931 -1.993563 9.008072
v 6.718116 -1.993562 10.06112
v 6.718116 -0.07649651 10.06112
v 8.090931 -0.07649681 9.008072
v 8.085152 -0.05086866 9.001641
v 6.71331 -0.05086836 10.05393
v 8.068379 -0.02774927 8.98298
v 6.699362 -0.02774897 10.03307
v 4.785648 -1.993562 7.171427
v 5.243281 -1.993563 5.839714
v 4.349998 -1.993562 6.519984
v 5.767147 -1.993563 6.422579
v 6.282466 -1.993562 9.409674
v 7.567064 -1.993563 8.425207
v 6.718116 -1.993562 10.06112
v 8.090931 -1.993563 9.008072
v 6.71331 -0.05086836 10.05393
v 6.718116 -0.07649651 10.06112
v 6.718116 -1.993562 10.06112
v 6.699362 -0.02774897 10.03307
v 6.677637 -0.00940129 10.00059
v 6.650262 0.002378674 9.959652
v 6.619917 0.006437691 9.914276
v 6.380665 0.006437691 9.556514
v 6.35032 0.002378674 9.511138
v 6.322946 -0.00940129 9.470203
v 6.301221 -0.02774897 9.437718
v 6.287273 -0.05086836 9.416861
v 6.282466 -0.07649651 9.409674
v 6.282466 -0.1710663 9.409674
v 6.282466 -1.993562 9.409674
v 4.785648 -0.1710663 7.171427
v 6.282466 -0.1710663 9.409674
v 4.785648 -1.993562 7.171427
v 4.349998 -1.993562 6.519984
v 4.349998 -0.07649651 6.519984
v 4.354804 -0.05086836 6.527171
v 4.368752 -0.02774897 6.548028
v 4.390477 -0.00940129 6.580513
v 4.417852 0.002378674 6.621448
v 4.448197 0.006437691 6.666824
v 4.687449 0.006437691 7.024586
v 4.717794 0.002378674 7.069963
v 4.745169 -0.00940129 7.110897
v 4.766893 -0.02774897 7.143383
v 4.780841 -0.05086836 7.16424
v 4.785648 -0.07649651 7.171427
v 4.349998 -1.993562 6.519984
v 5.243281 -1.993563 5.839714
v 5.243281 -0.07649681 5.839713
v 4.349998 -0.07649651 6.519984
v 4.354804 -0.05086836 6.527171
v 5.249061 -0.05086866 5.846143
v 4.368752 -0.02774897 6.548028
v 5.265833 -0.02774927 5.864805
v 4.390477 -0.00940129 6.580513
v 5.291957 -0.009401591 5.893871
v 4.417852 0.002378674 6.621448
v 5.324875 0.002378372 5.930496
v 4.448197 0.006437691 6.666824
v 5.361365 0.006437389 5.971096
v 5.649064 0.006437389 6.291196
v 4.687449 0.006437691 7.024586
v 4.717794 0.002378674 7.069963
v 5.685554 0.002378372 6.331796
v 4.745169 -0.00940129 7.110897
v 5.718472 -0.009401591 6.368421
v 4.766893 -0.02774897 7.143383
v 5.744596 -0.02774927 6.397487
v 4.780841 -0.05086836 7.16424
v 5.761368 -0.05086866 6.416148
v 4.785648 -0.07649651 7.171427
v 5.767148 -0.07649681 6.422579
v 4.785648 -0.1710663 7.171427
v 5.767148 -0.1710666 6.422579
v 8.042255 -0.009401591 8.953914
v 8.068379 -0.02774927 8.98298
v 6.699362 -0.02774897 10.03307
v 6.677637 -0.00940129 10.00059
v 8.009337 0.002378372 8.917289
v 6.650262 0.002378674 9.959652
v 7.972847 0.006437389 8.876689
v 6.619917 0.006437691 9.914276
v 6.380665 0.006437691 9.556514
v 7.685148 0.006437389 8.556589
v 7.648659 0.002378372 8.515989
v 6.35032 0.002378674 9.511138
v 7.61574 -0.009401591 8.479364
v 6.322946 -0.00940129 9.470203
v 7.589617 -0.02774927 8.450298
v 6.301221 -0.02774897 9.437718
v 7.567065 -0.07649651 8.425206
v 7.567065 -0.1710663 8.425206
v 8.70372 -0.1710666 7.274236
v 8.70372 -0.07649681 7.274236
v 7.572844 -0.05086836 8.431637
v 8.710352 -0.05086866 7.279784
v 7.589617 -0.02774897 8.450298
v 8.729597 -0.02774927 7.295883
v 6.043943 -0.05086866 5.049311
v 6.037312 -0.07649681 5.043763
v 6.037312 -1.993563 5.043764
v 6.638419 -1.993563 5.546595
v 6.063189 -0.02774927 5.06541
v 6.093165 -0.009401591 5.090485
v 6.130936 0.002378372 5.122081
v 6.172806 0.006437389 5.157105
v 6.502924 0.006437389 5.433252
v 6.544795 0.002378372 5.468277
v 6.582566 -0.009401591 5.499873
v 6.612542 -0.02774927 5.524948
v 6.631787 -0.05086866 5.541047
v 6.638419 -0.07649681 5.546594
v 6.638419 -0.1710666 5.546594
v 8.70372 -0.1710666 7.274236
v 6.638419 -0.1710666 5.546594
v 8.70372 -1.993563 7.274237
v 8.710352 -0.05086866 7.279784
v 8.70372 -0.07649681 7.274236
v 9.304827 -1.993563 7.777068
v 8.729597 -0.02774927 7.295883
v 8.759573 -0.009401591 7.320958
v 8.797345 0.002378372 7.352554
v 8.839214 0.006437389 7.387578
v 9.169333 0.006437389 7.663725
v 9.211203 0.002378372 7.69875
v 9.248975 -0.009401591 7.730346
v 9.27895 -0.02774927 7.755421
v 9.298196 -0.05086866 7.77152
v 9.304827 -0.07649681 7.777067
v 9.304827 -1.993563 7.777068
v 8.090931 -1.993562 9.008072
v 8.090931 -0.07649651 9.008072
v 9.304827 -0.07649681 7.777067
v 9.298196 -0.05086866 7.77152
v 8.085152 -0.05086836 9.001641
v 9.27895 -0.02774927 7.755421
v 8.068379 -0.02774897 8.98298
v 5.767148 -1.993562 6.422579
v 6.037312 -1.993563 5.043764
v 5.243281 -1.993562 5.839713
v 6.638419 -1.993563 5.546595
v 7.567065 -1.993562 8.425206
v 8.70372 -1.993563 7.274237
v 8.090931 -1.993562 9.008072
v 9.304827 -1.993563 7.777068
v 8.085152 -0.05086836 9.001641
v 8.090931 -0.07649651 9.008072
v 8.090931 -1.993562 9.008072
v 8.068379 -0.02774897 8.98298
v 8.042255 -0.00940129 8.953914
v 8.009337 0.002378674 8.917289
v 7.972847 0.006437691 8.876689
v 7.685148 0.006437691 8.556589
v 7.648659 0.002378674 8.515989
v 7.61574 -0.00940129 8.479364
v 7.589617 -0.02774897 8.450298
v 7.572844 -0.05086836 8.431637
v 7.567065 -0.07649651 8.425206
v 7.567065 -0.1710663 8.425206
v 7.567065 -1.993562 8.425206
v 5.767148 -0.1710663 6.422579
v 7.567065 -0.1710663 8.425206
v 5.767148 -1.993562 6.422579
v 5.243281 -1.993562 5.839713
v 5.243281 -0.07649651 5.839713
v 5.249061 -0.05086836 5.846143
v 5.265833 -0.02774897 5.864805
v 5.291957 -0.00940129 5.893871
v 5.324875 0.002378674 5.930496
v 5.361365 0.006437691 5.971096
v 5.649064 0.006437691 6.291196
v 5.685554 0.002378674 6.331796
v 5.718472 -0.00940129 6.368421
v 5.744596 -0.02774897 6.397487
v 5.761368 -0.05086836 6.416148
v 5.767148 -0.07649651 6.422579
v 5.243281 -1.993562 5.839713
v 6.037312 -1.993563 5.043764
v 6.037312 -0.07649681 5.043763
v 5.243281 -0.07649651 5.839713
v 5.249061 -0.05086836 5.846143
v 6.043943 -0.05086866 5.049311
v 5.265833 -0.02774897 5.864805
v 6.063189 -0.02774927 5.06541
v 5.291957 -0.00940129 5.893871
v 6.093165 -0.009401591 5.090485
v 5.324875 0.002378674 5.930496
v 6.130936 0.002378372 5.122081
v 5.361365 0.006437691 5.971096
v 6.172806 0.006437389 5.157105
v 6.502924 0.006437389 5.433252
v 5.649064 0.006437691 6.291196
v 5.685554 0.002378674 6.331796
v 6.544795 0.002378372 5.468277
v 5.718472 -0.00940129 6.368421
v 6.582566 -0.009401591 5.499873
v 5.744596 -0.02774897 6.397487
v 6.612542 -0.02774927 5.524948
v 5.761368 -0.05086836 6.416148
v 6.631787 -0.05086866 5.541047
v 5.767148 -0.07649651 6.422579
v 6.638419 -0.07649681 5.546594
v 5.767148 -0.1710663 6.422579
v 6.638419 -0.1710666 5.546594
v 9.248975 -0.009401591 7.730346
v 9.27895 -0.02774927 7.755421
v 8.068379 -0.02774897 8.98298
v 8.042255 -0.00940129 8.953914
v 9.211203 0.002378372 7.69875
v 8.009337 0.002378674 8.917289
v 9.169333 0.006437389 7.663725
v 7.972847 0.006437691 8.876689
v 7.685148 0.006437691 8.556589
v 8.839214 0.006437389 7.387578
v 8.797345 0.002378372 7.352554
v 7.648659 0.002378674 8.515989
v 8.759573 -0.009401591 7.320958
v 7.61574 -0.00940129 8.479364
v 8.729597 -0.02774927 7.295883
v 7.589617 -0.02774897 8.450298
v 8.70372 -0.07649651 7.274236
v 8.70372 -0.1710663 7.274236
v 9.642183 -0.1710666 5.9499
v 9.642183 -0.07649681 5.9499
v 8.710352 -0.05086836 7.279784
v 9.649538 -0.05086866 5.954446
v 8.729597 -0.02774897 7.295883
v 9.670879 -0.02774927 5.967641
v 6.692673 -0.05086866 4.126416
v 6.685319 -0.07649681 4.12187
v 6.685319 -1.993563 4.12187
v 7.351905 -1.993563 4.533976
v 6.714015 -0.02774927 4.139611
v 6.747256 -0.009401591 4.160161
v 6.789142 0.002378372 4.186057
v 6.835573 0.006437389 4.214762
v 7.201652 0.006437389 4.441083
v 7.248083 0.002378372 4.469789
v 7.289968 -0.009401591 4.495684
v 7.323209 -0.02774927 4.516234
v 7.344552 -0.05086866 4.529429
v 7.351906 -0.07649681 4.533976
v 7.351906 -0.1710666 4.533976
v 9.642183 -0.1710666 5.9499
v 7.351906 -0.1710666 4.533976
v 9.642184 -1.993563 5.9499
v 9.649538 -0.05086866 5.954446
v 9.642183 -0.07649681 5.9499
v 10.30877 -1.993563 6.362005
v 9.670879 -0.02774927 5.967641
v 9.704121 -0.009401591 5.988191
v 9.746007 0.002378372 6.014087
v 9.792438 0.006437389 6.042792
v 10.15852 0.006437389 6.269114
v 10.20495 0.002378372 6.297819
v 10.24683 -0.009401591 6.323714
v 10.28007 -0.02774927 6.344265
v 10.30142 -0.05086866 6.357459
v 10.30877 -0.07649681 6.362005
v 10.30877 -1.993563 6.362005
v 9.304827 -1.993562 7.777067
v 9.304827 -0.07649651 7.777067
v 10.30877 -0.07649681 6.362005
v 10.30142 -0.05086866 6.357459
v 9.298196 -0.05086836 7.77152
v 10.28007 -0.02774927 6.344265
v 9.27895 -0.02774897 7.755421
v 6.638419 -1.993562 5.546594
v 6.685319 -1.993563 4.12187
v 6.037312 -1.993562 5.043763
v 7.351905 -1.993563 4.533976
v 8.70372 -1.993562 7.274236
v 9.642184 -1.993563 5.9499
v 9.304827 -1.993562 7.777067
v 10.30877 -1.993563 6.362005
v 9.298196 -0.05086836 7.77152
v 9.304827 -0.07649651 7.777067
v 9.304827 -1.993562 7.777067
v 9.27895 -0.02774897 7.755421
v 9.248975 -0.00940129 7.730346
v 9.211203 0.002378674 7.69875
v 9.169333 0.006437691 7.663725
v 8.839214 0.006437691 7.387578
v 8.797345 0.002378674 7.352554
v 8.759573 -0.00940129 7.320958
v 8.729597 -0.02774897 7.295883
v 8.710352 -0.05086836 7.279784
v 8.70372 -0.07649651 7.274236
v 8.70372 -0.1710663 7.274236
v 8.70372 -1.993562 7.274236
v 6.638419 -0.1710663 5.546594
v 8.70372 -0.1710663 7.274236
v 6.638419 -1.993562 5.546594
v 6.037312 -1.993562 5.043763
v 6.037312 -0.07649651 5.043763
v 6.043943 -0.05086836 5.049311
v 6.063189 -0.02774897 5.06541
v 6.093165 -0.00940129 5.090485
v 6.130936 0.002378674 5.122081
v 6.172806 0.006437691 5.157105
v 6.502924 0.006437691 5.433252
v 6.544795 0.002378674 5.468277
v 6.582566 -0.00940129 5.499873
v 6.612542 -0.02774897 5.524948
v 6.631787 -0.05086836 5.541047
v 6.638419 -0.07649651 5.546594
v 6.037312 -1.993562 5.043763
v 6.685319 -1.993563 4.12187
v 6.685319 -0.07649681 4.12187
v 6.037312 -0.07649651 5.043763
v 6.043943 -0.05086836 5.049311
v 6.692673 -0.05086866 4.126416
v 6.063189 -0.02774897 5.06541
v 6.714015 -0.02774927 4.139611
v 6.093165 -0.00940129 5.090485
v 6.747256 -0.009401591 4.160161
v 6.130936 0.002378674 5.122081
v 6.789142 0.002378372 4.186057
v 6.172806 0.006437691 5.157105
v 6.835573 0.006437389 4.214762
v 7.201652 0.006437389 4.441083
v 6.502924 0.006437691 5.433252
v 6.544795 0.002378674 5.468277
v 7.248083 0.002378372 4.469789
v 6.582566 -0.00940129 5.499873
v 7.289968 -0.009401591 4.495684
v 6.612542 -0.02774897 5.524948
v 7.323209 -0.02774927 4.516234
v 6.631787 -0.05086836 5.541047
v 7.344552 -0.05086866 4.529429
v 6.638419 -0.07649651 5.546594
v 7.351906 -0.07649681 4.533976
v 6.638419 -0.1710663 5.546594
v 7.351906 -0.1710666 4.533976
v 10.24683 -0.009401591 6.323714
v 10.28007 -0.02774927 6.344265
v 9.27895 -0.02774897 7.755421
v 9.248975 -0.00940129 7.730346
v 10.20495 0.002378372 6.297819
v 9.211203 0.002378674 7.69875
v 10.15852 0.006437389 6.269114
v 9.169333 0.006437691 7.663725
v 8.839214 0.006437691 7.387578
v 9.792438 0.006437389 6.042792
v 9.746007 0.002378372 6.014087
v 8.797345 0.002378674 7.352554
v 9.704121 -0.009401591 5.988191
v 8.759573 -0.00940129 7.320958
v 9.670879 -0.02774927 5.967641
v 8.729597 -0.02774897 7.295883
v 9.642183 -0.07649651 5.949899
v 9.642183 -0.1710663 5.949899
v 10.38607 -0.1710666 4.4956
v 10.38607 -0.07649681 4.4956
v 9.649538 -0.05086836 5.954446
v 10.39401 -0.05086866 4.499038
v 9.670879 -0.02774897 5.96764
v 10.41703 -0.02774927 4.509014
v 7.204286 -0.05086866 3.116857
v 7.196353 -0.07649681 3.113419
v 7.196353 -1.993563 3.11342
v 7.915434 -1.993563 3.425014
v 7.227309 -0.02774927 3.126833
v 7.263167 -0.009401591 3.142372
v 7.308352 0.002378372 3.161951
v 7.35844 0.006437389 3.183655
v 7.753347 0.006437389 3.354778
v 7.803435 0.002378372 3.376482
v 7.848619 -0.009401591 3.396061
v 7.884478 -0.02774927 3.4116
v 7.907501 -0.05086866 3.421576
v 7.915434 -0.07649681 3.425014
v 7.915434 -0.1710666 3.425014
v 10.38607 -0.1710666 4.4956
v 7.915434 -0.1710666 3.425014
v 10.38607 -1.993563 4.4956
v 10.39401 -0.05086866 4.499038
v 10.38607 -0.07649681 4.4956
v 11.10515 -1.993563 4.807195
v 10.41703 -0.02774927 4.509014
v 10.45289 -0.009401591 4.524552
v 10.49807 0.002378372 4.544132
v 10.54816 0.006437389 4.565836
v 10.94307 0.006437389 4.736959
v 10.99316 0.002378372 4.758663
v 11.03834 -0.009401591 4.778242
v 11.0742 -0.02774927 4.793781
v 11.09722 -0.05086866 4.803757
v 11.10515 -0.07649681 4.807194
v 11.10515 -1.993563 4.807195
v 10.30877 -1.993562 6.362005
v 10.30877 -0.07649651 6.362005
v 11.10515 -0.07649681 4.807194
v 11.09722 -0.05086866 4.803757
v 10.30142 -0.05086836 6.357459
v 11.0742 -0.02774927 4.793781
v 10.28007 -0.02774897 6.344264
v 7.351906 -1.993562 4.533976
v 7.196353 -1.993563 3.11342
v 6.685319 -1.993562 4.12187
v 7.915434 -1.993563 3.425014
v 9.642183 -1.993562 5.9499
v 10.38607 -1.993563 4.4956
v 10.30877 -1.993562 6.362005
v 11.10515 -1.993563 4.807195
v 10.30142 -0.05086836 6.357459
v 10.30877 -0.07649651 6.362005
v 10.30877 -1.993562 6.362005
v 10.28007 -0.02774897 6.344264
v 10.24683 -0.00940129 6.323713
v 10.20495 0.002378674 6.297818
v 10.15852 0.006437691 6.269113
v 9.792438 0.006437691 6.042791
v 9.746007 0.002378674 6.014086
v 9.704121 -0.00940129 5.988191
v 9.670879 -0.02774897 5.96764
v 9.649538 -0.05086836 5.954446
v 9.642183 -0.07649651 5.949899
v 9.642183 -0.1710663 5.949899
v 9.642183 -1.993562 5.9499
v 7.351906 -0.1710663 4.533975
v 9.642183 -0.1710663 5.949899
v 7.351906 -1.993562 4.533976
v 6.685319 -1.993562 4.12187
v 6.685319 -0.07649651 4.12187
v 6.692673 -0.05086836 4.126416
v 6.714015 -0.02774897 4.13961
v 6.747256 -0.00940129 4.160161
v 6.789142 0.002378674 4.186056
v 6.835573 0.006437691 4.214761
v 7.201652 0.006437691 4.441083
v 7.248083 0.002378674 4.469788
v 7.289968 -0.00940129 4.495684
v 7.323209 -0.02774897 4.516234
v 7.344552 -0.05086836 4.529428
v 7.351906 -0.07649651 4.533975
v 6.685319 -1.993562 4.12187
v 7.196353 -1.993563 3.11342
v 7.196353 -0.07649681 3.113419
v 6.685319 -0.07649651 4.12187
v 6.692673 -0.05086836 4.126416
v 7.204286 -0.05086866 3.116857
v 6.714015 -0.02774897 4.13961
v 7.227309 -0.02774927 3.126833
v 6.747256 -0.00940129 4.160161
v 7.263167 -0.009401591 3.142372
v 6.789142 0.002378674 4.186056
v 7.308352 0.002378372 3.161951
v 6.835573 0.006437691 4.214761
v 7.35844 0.006437389 3.183655
v 7.753347 0.006437389 3.354778
v 7.201652 0.006437691 4.441083
v 7.248083 0.002378674 4.469788
v 7.803435 0.002378372 3.376482
v 7.289968 -0.00940129 4.495684
v 7.848619 -0.009401591 3.396061
v 7.323209 -0.02774897 4.516234
v 7.884478 -0.02774927 3.4116
v 7.344552 -0.05086836 4.529428
v 7.907501 -0.05086866 3.421576
v 7.351906 -0.07649651 4.533975
v 7.915434 -0.07649681 3.425014
v 7.351906 -0.1710663 4.533975
v 7.915434 -0.1710666 3.425014
v 11.03834 -0.009401591 4.778242
v 11.0742 -0.02774927 4.793781
v 10.28007 -0.02774897 6.344264
v 10.24683 -0.00940129 6.323713
v 10.99316 0.002378372 4.758663
v 10.20495 0.002378674 6.297818
v 10.94307 0.006437389 4.736959
v 10.15852 0.006437691 6.269113
v 9.792438 0.006437691 6.042791
v 10.54816 0.006437389 4.565836
v 10.49807 0.002378372 4.544132
v 9.746007 0.002378674 6.014086
v 10.45289 -0.009401591 4.524552
v 9.704121 -0.00940129 5.988191
v 10.41703 -0.02774927 4.509014
v 9.670879 -0.02774897 5.96764
v 10.38607 -0.07649651 4.4956
v 10.38607 -0.1710663 4.4956
v 10.92326 -0.1710666 2.9329
v 10.92326 -0.07649681 2.9329
v 10.39401 -0.05086836 4.499037
v 10.93161 -0.05086866 2.935138
v 10.41703 -0.02774897 4.509014
v 10.95585 -0.02774927 2.941633
v 7.573783 -0.05086866 2.035279
v 7.565432 -0.07649681 2.033041
v 7.565432 -1.993563 2.033041
v 8.32241 -1.993563 2.235903
v 7.598019 -0.02774927 2.041774
v 7.635767 -0.009401591 2.05189
v 7.683333 0.002378372 2.064638
v 7.736061 0.006437389 2.078768
v 8.151781 0.006437389 2.190176
v 8.204508 0.002378372 2.204306
v 8.252074 -0.009401591 2.217053
v 8.289823 -0.02774927 2.22717
v 8.314058 -0.05086866 2.233665
v 8.32241 -0.07649681 2.235903
v 8.32241 -0.1710666 2.235903
v 10.92326 -0.1710666 2.9329
v 8.32241 -0.1710666 2.235903
v 10.92326 -1.993563 2.9329
v 10.93161 -0.05086866 2.935138
v 10.92326 -0.07649681 2.9329
v 11.68024 -1.993563 3.135762
v 10.95585 -0.02774927 2.941633
v 10.99359 -0.009401591 2.951749
v 11.04116 0.002378372 2.964496
v 11.09389 0.006437389 2.978627
v 11.50961 0.006437389 3.090035
v 11.56234 0.002378372 3.104165
v 11.6099 -0.009401591 3.116912
v 11.64765 -0.02774927 3.127028
v 11.67189 -0.05086866 3.133523
v 11.68024 -0.07649681 3.135761
v 11.68024 -1.993563 3.135762
v 11.10515 -1.993562 4.807194
v 11.10515 -0.07649651 4.807194
v 11.68024 -0.07649681 3.135761
v 11.67189 -0.05086866 3.133523
v 11.09722 -0.05086836 4.803757
v 11.64765 -0.02774927 3.127028
v 11.0742 -0.02774897 4.79378
v 7.915434 -1.993562 3.425014
v 7.565432 -1.993563 2.033041
v 7.196353 -1.993562 3.113419
v 8.32241 -1.993563 2.235903
v 10.38607 -1.993562 4.4956
v 10.92326 -1.993563 2.9329
v 11.10515 -1.993562 4.807194
v 11.68024 -1.993563 3.135762
v 11.09722 -0.05086836 4.803757
v 11.10515 -0.07649651 4.807194
v 11.10515 -1.993562 4.807194
v 11.0742 -0.02774897 4.79378
v 11.03834 -0.00940129 4.778242
v 10.99316 0.002378674 4.758662
v 10.94307 0.006437691 4.736958
v 10.54816 0.006437691 4.565835
v 10.49807 0.002378674 4.544131
v 10.45289 -0.00940129 4.524552
v 10.41703 -0.02774897 4.509014
v 10.39401 -0.05086836 4.499037
v 10.38607 -0.07649651 4.4956
v 10.38607 -0.1710663 4.4956
v 10.38607 -1.993562 4.4956
v 7.915434 -0.1710663 3.425014
v 10.38607 -0.1710663 4.4956
v 7.915434 -1.993562 3.425014
v 7.196353 -1.993562 3.113419
v 7.196353 -0.07649651 3.113419
v 7.204286 -0.05086836 3.116857
v 7.227309 -0.02774897 3.126833
v 7.263167 -0.00940129 3.142371
v 7.308352 0.002378674 3.161951
v 7.35844 0.006437691 3.183655
v 7.753347 0.006437691 3.354778
v 7.803435 0.002378674 3.376482
v 7.848619 -0.00940129 3.396061
v 7.884478 -0.02774897 3.4116
v 7.907501 -0.05086836 3.421576
v 7.915434 -0.07649651 3.425014
v 7.196353 -1.993562 3.113419
v 7.565432 -1.993563 2.033041
v 7.565432 -0.07649681 2.033041
v 7.196353 -0.07649651 3.113419
v 7.204286 -0.05086836 3.116857
v 7.573783 -0.05086866 2.035279
v 7.227309 -0.02774897 3.126833
v 7.598019 -0.02774927 2.041774
v 7.263167 -0.00940129 3.142371
v 7.635767 -0.009401591 2.05189
v 7.308352 0.002378674 3.161951
v 7.683333 0.002378372 2.064638
v 7.35844 0.006437691 3.183655
v 7.736061 0.006437389 2.078768
v 8.151781 0.006437389 2.190176
v 7.753347 0.006437691 3.354778
v 7.803435 0.002378674 3.376482
v 8.204508 0.002378372 2.204306
v 7.848619 -0.00940129 3.396061
v 8.252074 -0.009401591 2.217053
v 7.884478 -0.02774897 3.4116
v 8.289823 -0.02774927 2.22717
v 7.907501 -0.05086836 3.421576
v 8.314058 -0.05086866 2.233665
v 7.915434 -0.07649651 3.425014
v 8.32241 -0.07649681 2.235903
v 7.915434 -0.1710663 3.425014
v 8.32241 -0.1710666 2.235903
v 11.6099 -0.009401591 3.116912
v 11.64765 -0.02774927 3.127028
v 11.0742 -0.02774897 4.79378
v 11.03834 -0.00940129 4.778242
v 11.56234 0.002378372 3.104165
v 10.99316 0.002378674 4.758662
v 11.50961 0.006437389 3.090035
v 10.94307 0.006437691 4.736958
v 10.54816 0.006437691 4.565835
v 11.09389 0.006437389 2.978627
v 11.04116 0.002378372 2.964496
v 10.49807 0.002378674 4.544131
v 10.99359 -0.009401591 2.951749
v 10.45289 -0.00940129 4.524552
v 10.95585 -0.02774927 2.941633
v 10.41703 -0.02774897 4.509014
v 10.92326 -0.07649651 2.9329
v 10.92326 -0.1710663 2.9329
v 11.2366 -0.1710666 1.280134
v 11.2366 -0.07649681 1.280134
v 10.93161 -0.05086836 2.935138
v 11.24519 -0.05086866 1.281106
v 10.95585 -0.02774897 2.941633
v 11.27012 -0.02774927 1.283929
v 7.790948 -0.05086866 0.8900132
v 7.782357 -0.07649681 0.8890405
v 7.782357 -1.993563 0.8890407
v 8.56107 -1.993563 0.9772076
v 7.81588 -0.02774927 0.892836
v 7.854712 -0.009401591 0.8972327
v 7.903644 0.002378372 0.9027728
v 7.957885 0.006437389 0.908914
v 8.385543 0.006437389 0.9573339
v 8.439783 0.002378372 0.963475
v 8.488715 -0.009401591 0.9690152
v 8.527548 -0.02774927 0.9734119
v 8.55248 -0.05086866 0.9762347
v 8.56107 -0.07649681 0.9772074
v 8.56107 -0.1710666 0.9772074
v 11.2366 -0.1710666 1.280134
v 8.56107 -0.1710666 0.9772074
v 11.2366 -1.993563 1.280134
v 11.24519 -0.05086866 1.281106
v 11.2366 -0.07649681 1.280134
v 12.01531 -1.993563 1.368301
v 11.27012 -0.02774927 1.283929
v 11.30896 -0.009401591 1.288326
v 11.35789 0.002378372 1.293866
v 11.41213 0.006437389 1.300007
v 11.83978 0.006437389 1.348427
v 11.89403 0.002378372 1.354568
v 11.94296 -0.009401591 1.360108
v 11.98179 -0.02774927 1.364505
v 12.00672 -0.05086866 1.367328
v 12.01531 -0.07649681 1.368301
v 12.01531 -1.993563 1.368301
v 11.68024 -1.993562 3.135761
v 11.68024 -0.07649651 3.135761
v 12.01531 -0.07649681 1.368301
v 12.00672 -0.05086866 1.367328
v 11.67189 -0.05086836 3.133523
v 11.98179 -0.02774927 1.364505
v 11.64765 -0.02774897 3.127028
v 8.32241 -1.993562 2.235903
v 7.782357 -1.993563 0.8890407
v 7.565432 -1.993562 2.033041
v 8.56107 -1.993563 0.9772076
v 10.92326 -1.993562 2.9329
v 11.2366 -1.993563 1.280134
v 11.68024 -1.993562 3.135761
v 12.01531 -1.993563 1.368301
v 11.67189 -0.05086836 3.133523
v 11.68024 -0.07649651 3.135761
v 11.68024 -1.993562 3.135761
v 11.64765 -0.02774897 3.127028
v 11.6099 -0.00940129 3.116912
v 11.56234 0.002378674 3.104165
v 11.50961 0.006437691 3.090034
v 11.09389 0.006437691 2.978626
v 11.04116 0.002378674 2.964496
v 10.99359 -0.00940129 2.951749
v 10.95585 -0.02774897 2.941633
v 10.93161 -0.05086836 2.935138
v 10.92326 -0.07649651 2.9329
v 10.92326 -0.1710663 2.9329
v 10.92326 -1.993562 2.9329
v 8.32241 -0.1710663 2.235903
v 10.92326 -0.1710663 2.9329
v 8.32241 -1.993562 2.235903
v 7.565432 -1.993562 2.033041
v 7.565432 -0.07649651 2.033041
v 7.573783 -0.05086836 2.035279
v 7.598019 -0.02774897 2.041774
v 7.635767 -0.00940129 2.05189
v 7.683333 0.002378674 2.064637
v 7.736061 0.006437691 2.078768
v 8.151781 0.006437691 2.190176
v 8.204508 0.002378674 2.204306
v 8.252074 -0.00940129 2.217053
v 8.289823 -0.02774897 2.22717
v 8.314058 -0.05086836 2.233665
v 8.32241 -0.07649651 2.235903
v 7.565432 -1.993562 2.033041
v 7.782357 -1.993563 0.8890407
v 7.782357 -0.07649681 0.8890405
v 7.565432 -0.07649651 2.033041
v 7.573783 -0.05086836 2.035279
v 7.790948 -0.05086866 0.8900132
v 7.598019 -0.02774897 2.041774
v 7.81588 -0.02774927 0.892836
v 7.635767 -0.00940129 2.05189
v 7.854712 -0.009401591 0.8972327
v 7.683333 0.002378674 2.064637
v 7.903644 0.002378372 0.9027728
v 7.736061 0.006437691 2.078768
v 7.957885 0.006437389 0.908914
v 8.385543 0.006437389 0.9573339
v 8.151781 0.006437691 2.190176
v 8.204508 0.002378674 2.204306
v 8.439783 0.002378372 0.963475
v 8.252074 -0.00940129 2.217053
v 8.488715 -0.009401591 0.9690152
v 8.289823 -0.02774897 2.22717
v 8.527548 -0.02774927 0.9734119
v 8.314058 -0.05086836 2.233665
v 8.55248 -0.05086866 0.9762347
v 8.32241 -0.07649651 2.235903
v 8.56107 -0.07649681 0.9772074
v 8.32241 -0.1710663 2.235903
v 8.56107 -0.1710666 0.9772074
v 11.94296 -0.009401591 1.360108
v 11.98179 -0.02774927 1.364505
v 11.64765 -0.02774897 3.127028
v 11.6099 -0.00940129 3.116912
v 11.89403 0.002378372 1.354568
v 11.56234 0.002378674 3.104165
v 11.83978 0.006437389 1.348427
v 11.50961 0.006437691 3.090034
v 11.09389 0.006437691 2.978626
v 11.41213 0.006437389 1.300007
v 11.35789 0.002378372 1.293866
v 11.04116 0.002378674 2.964496
v 11.30896 -0.009401591 1.288326
v 10.99359 -0.00940129 2.951749
v 11.27012 -0.02774927 1.283929
v 10.95585 -0.02774897 2.941633
v 11.2366 -0.07649651 1.280133
v 11.2366 -0.1710663 1.280133
v 11.31164 -0.1710666 -0.4268065
v 11.31164 -0.07649681 -0.4268065
v 11.24519 -0.05086836 1.281106
v 11.32028 -0.05086866 -0.4271314
v 11.27012 -0.02774897 1.283929
v 11.34535 -0.02774927 -0.4280741
v 7.846421 -0.05086866 -0.296521
v 7.837781 -0.07649681 -0.2961962
v 7.837781 -1.993563 -0.296196
v 8.620917 -1.993563 -0.3256404
v 7.871494 -0.02774927 -0.2974637
v 7.910548 -0.009401591 -0.298932
v 7.959757 0.002378372 -0.3007822
v 8.014306 0.006437389 -0.3028332
v 8.444392 0.006437389 -0.3190036
v 8.498941 0.002378372 -0.3210545
v 8.548151 -0.009401591 -0.3229047
v 8.587204 -0.02774927 -0.324373
v 8.612277 -0.05086866 -0.3253157
v 8.620917 -0.07649681 -0.3256406
v 8.620917 -0.1710666 -0.3256406
v 11.31164 -0.1710666 -0.4268065
v 8.620917 -0.1710666 -0.3256406
v 11.31164 -1.993563 -0.4268063
v 11.32028 -0.05086866 -0.4271314
v 11.31164 -0.07649681 -0.4268065
v 12.09478 -1.993563 -0.4562507
v 11.34535 -0.02774927 -0.4280741
v 11.38441 -0.009401591 -0.4295424
v 11.43361 0.002378372 -0.4313926
v 11.48816 0.006437389 -0.4334435
v 11.91825 0.006437389 -0.449614
v 11.9728 0.002378372 -0.4516649
v 12.02201 -0.009401591 -0.4535151
v 12.06106 -0.02774927 -0.4549834
v 12.08613 -0.05086866 -0.4559261
v 12.09478 -0.07649681 -0.456251
v 12.09478 -1.993563 -0.4562507
v 12.01531 -1.993562 1.368301
v 12.01531 -0.07649651 1.3683
v 12.09478 -0.07649681 -0.456251
v 12.08613 -0.05086866 -0.4559261
v 12.00672 -0.05086836 1.367328
v 12.06106 -0.02774927 -0.4549834
v 11.98179 -0.02774897 1.364505
v 8.56107 -1.993562 0.9772074
v 7.837781 -1.993563 -0.296196
v 7.782357 -1.993562 0.8890405
v 8.620917 -1.993563 -0.3256404
v 11.2366 -1.993562 1.280134
v 11.31164 -1.993563 -0.4268063
v 12.01531 -1.993562 1.368301
v 12.09478 -1.993563 -0.4562507
v 12.00672 -0.05086836 1.367328
v 12.01531 -0.07649651 1.3683
v 12.01531 -1.993562 1.368301
v 11.98179 -0.02774897 1.364505
v 11.94296 -0.00940129 1.360108
v 11.89403 0.002378674 1.354568
v 11.83978 0.006437691 1.348427
v 11.41213 0.006437691 1.300007
v 11.35789 0.002378674 1.293866
v 11.30896 -0.00940129 1.288326
v 11.27012 -0.02774897 1.283929
v 11.24519 -0.05086836 1.281106
v 11.2366 -0.07649651 1.280133
v 11.2366 -0.1710663 1.280133
v 11.2366 -1.993562 1.280134
v 8.56107 -0.1710663 0.9772072
v 11.2366 -0.1710663 1.280133
v 8.56107 -1.993562 0.9772074
v 7.782357 -1.993562 0.8890405
v 7.782357 -0.07649651 0.8890404
v 7.790948 -0.05086836 0.890013
v 7.81588 -0.02774897 0.8928358
v 7.854712 -0.00940129 0.8972325
v 7.903644 0.002378674 0.9027726
v 7.957885 0.006437691 0.9089139
v 8.385543 0.006437691 0.9573336
v 8.439783 0.002378674 0.9634749
v 8.488715 -0.00940129 0.969015
v 8.527548 -0.02774897 0.9734116
v 8.55248 -0.05086836 0.9762345
v 8.56107 -0.07649651 0.9772072
v 7.782357 -1.993562 0.8890405
v 7.837781 -1.993563 -0.296196
v 7.837781 -0.07649681 -0.2961962
v 7.782357 -0.07649651 0.8890404
v 7.790948 -0.05086836 0.890013
v 7.846421 -0.05086866 -0.296521
v 7.81588 -0.02774897 0.8928358
v 7.871494 -0.02774927 -0.2974637
v 7.854712 -0.00940129 0.8972325
v 7.910548 -0.009401591 -0.298932
v 7.903644 0.002378674 0.9027726
v 7.959757 0.002378372 -0.3007822
v 7.957885 0.006437691 0.9089139
v 8.014306 0.006437389 -0.3028332
v 8.444392 0.006437389 -0.3190036
v 8.385543 0.006437691 0.9573336
v 8.439783 0.002378674 0.9634749
v 8.498941 0.002378372 -0.3210545
v 8.488715 -0.00940129 0.969015
v 8.548151 -0.009401591 -0.3229047
v 8.527548 -0.02774897 0.9734116
v 8.587204 -0.02774927 -0.324373
v 8.55248 -0.05086836 0.9762345
v 8.612277 -0.05086866 -0.3253157
v 8.56107 -0.07649651 0.9772072
v 8.620917 -0.07649681 -0.3256406
v 8.56107 -0.1710663 0.9772072
v 8.620917 -0.1710666 -0.3256406
v 12.02201 -0.009401591 -0.4535151
v 12.06106 -0.02774927 -0.4549834
v 11.98179 -0.02774897 1.364505
v 11.94296 -0.00940129 1.360108
v 11.9728 0.002378372 -0.4516649
v 11.89403 0.002378674 1.354568
v 11.91825 0.006437389 -0.449614
v 11.83978 0.006437691 1.348427
v 11.41213 0.006437691 1.300007
v 11.48816 0.006437389 -0.4334435
v 11.43361 0.002378372 -0.4313926
v 11.35789 0.002378674 1.293866
v 11.38441 -0.009401591 -0.4295424
v 11.30896 -0.00940129 1.288326
v 11.34535 -0.02774927 -0.4280741
v 11.27012 -0.02774897 1.283929
v 11.31164 -0.07649651 -0.4268069
v 11.31164 -0.1710663 -0.4268069
v 11.13993 -0.1710666 -2.127527
v 11.13993 -0.07649681 -2.127527
v 11.32028 -0.05086836 -0.4271317
v 11.14842 -0.05086866 -2.129142
v 11.34535 -0.02774897 -0.4280744
v 11.17307 -0.02774927 -2.133826
v 7.733217 -0.05086866 -1.480192
v 7.724723 -0.07649681 -1.478578
v 7.724723 -1.993563 -1.478578
v 8.494636 -1.993563 -1.624875
v 7.757867 -0.02774927 -1.484876
v 7.796261 -0.009401591 -1.492172
v 7.84464 0.002378372 -1.501364
v 7.898268 0.006437389 -1.511555
v 8.321092 0.006437389 -1.591899
v 8.37472 0.002378372 -1.602089
v 8.423099 -0.009401591 -1.611282
v 8.461492 -0.02774927 -1.618577
v 8.486142 -0.05086866 -1.623261
v 8.494636 -0.07649681 -1.624875
v 8.494636 -0.1710666 -1.624875
v 11.13993 -0.1710666 -2.127527
v 8.494636 -0.1710666 -1.624875
v 11.13993 -1.993563 -2.127527
v 11.14842 -0.05086866 -2.129142
v 11.13993 -0.07649681 -2.127527
v 11.90984 -1.993563 -2.273824
v 11.17307 -0.02774927 -2.133826
v 11.21146 -0.009401591 -2.141121
v 11.25984 0.002378372 -2.150314
v 11.31347 0.006437389 -2.160504
v 11.73629 0.006437389 -2.240848
v 11.78992 0.002378372 -2.251038
v 11.8383 -0.009401591 -2.260231
v 11.87669 -0.02774927 -2.267527
v 11.90134 -0.05086866 -2.272211
v 11.90984 -0.07649681 -2.273825
v 11.90984 -1.993563 -2.273824
v 12.09478 -1.993562 -0.456251
v 12.09478 -0.07649651 -0.4562513
v 11.90984 -0.07649681 -2.273825
v 11.90134 -0.05086866 -2.272211
v 12.08613 -0.05086836 -0.4559264
v 11.87669 -0.02774927 -2.267527
v 12.06106 -0.02774897 -0.4549837
v 8.620917 -1.993562 -0.3256406
v 7.724723 -1.993563 -1.478578
v 7.837781 -1.993562 -0.2961962
v 8.494636 -1.993563 -1.624875
v 11.31164 -1.993562 -0.4268065
v 11.13993 -1.993563 -2.127527
v 12.09478 -1.993562 -0.456251
v 11.90984 -1.993563 -2.273824
v 12.08613 -0.05086836 -0.4559264
v 12.09478 -0.07649651 -0.4562513
v 12.09478 -1.993562 -0.456251
v 12.06106 -0.02774897 -0.4549837
v 12.02201 -0.00940129 -0.4535154
v 11.9728 0.002378674 -0.4516652
v 11.91825 0.006437691 -0.4496143
v 11.48816 0.006437691 -0.4334439
v 11.43361 0.002378674 -0.4313929
v 11.38441 -0.00940129 -0.4295428
v 11.34535 -0.02774897 -0.4280744
v 11.32028 -0.05086836 -0.4271317
v 11.31164 -0.07649651 -0.4268069
v 11.31164 -0.1710663 -0.4268069
v 11.31164 -1.993562 -0.4268065
v 8.620917 -0.1710663 -0.3256408
v 11.31164 -0.1710663 -0.4268069
v 8.620917 -1.993562 -0.3256406
v 7.837781 -1.993562 -0.2961962
v 7.837781 -0.07649651 -0.2961964
v 7.846421 -0.05086836 -0.2965212
v 7.871494 -0.02774897 -0.2974639
v 7.910548 -0.00940129 -0.2989323
v 7.959757 0.002378674 -0.3007824
v 8.014306 0.006437691 -0.3028334
v 8.444392 0.006437691 -0.3190038
v 8.498941 0.002378674 -0.3210547
v 8.548151 -0.00940129 -0.3229049
v 8.587204 -0.02774897 -0.3243732
v 8.612277 -0.05086836 -0.325316
v 8.620917 -0.07649651 -0.3256408
v 7.837781 -1.993562 -0.2961962
v 7.724723 -1.993563 -1.478578
v 7.724723 -0.07649681 -1.478578
v 7.837781 -0.07649651 -0.2961964
v 7.846421 -0.05086836 -0.2965212
v 7.733217 -0.05086866 -1.480192
v 7.871494 -0.02774897 -0.2974639
v 7.757867 -0.02774927 -1.484876
v 7.910548 -0.00940129 -0.2989323
v 7.796261 -0.009401591 -1.492172
v 7.959757 0.002378674 -0.3007824
v 7.84464 0.002378372 -1.501364
v 8.014306 0.006437691 -0.3028334
v 7.898268 0.006437389 -1.511555
v 8.321092 0.006437389 -1.591899
v 8.444392 0.006437691 -0.3190038
v 8.498941 0.002378674 -0.3210547
v 8.37472 0.002378372 -1.602089
v 8.548151 -0.00940129 -0.3229049
v 8.423099 -0.009401591 -1.611282
v 8.587204 -0.02774897 -0.3243732
v 8.461492 -0.02774927 -1.618577
v 8.612277 -0.05086836 -0.325316
v 8.486142 -0.05086866 -1.623261
v 8.620917 -0.07649651 -0.3256408
v 8.494636 -0.07649681 -1.624875
v 8.620917 -0.1710663 -0.3256408
v 8.494636 -0.1710666 -1.624875
v 11.8383 -0.009401591 -2.260231
v 11.87669 -0.02774927 -2.267527
v 12.06106 -0.02774897 -0.4549837
v 12.02201 -0.00940129 -0.4535154
v 11.78992 0.002378372 -2.251038
v 11.9728 0.002378674 -0.4516652
v 11.73629 0.006437389 -2.240848
v 11.91825 0.006437691 -0.4496143
v 11.48816 0.006437691 -0.4334439
v 11.31347 0.006437389 -2.160504
v 11.25984 0.002378372 -2.150314
v 11.43361 0.002378674 -0.4313929
v 11.21146 -0.009401591 -2.141121
v 11.38441 -0.00940129 -0.4295428
v 11.17307 -0.02774927 -2.133826
v 11.34535 -0.02774897 -0.4280744
v 11.13993 -0.07649651 -2.127528
v 11.13993 -0.1710663 -2.127528
v 10.69946 -0.1710666 -3.736363
v 10.69946 -0.07649681 -3.736363
v 11.14842 -0.05086836 -2.129142
v 10.70763 -0.05086866 -3.739213
v 11.17307 -0.02774897 -2.133826
v 10.73131 -0.02774927 -3.747483
v 7.425583 -0.05086866 -2.593377
v 7.41742 -0.07649681 -2.590527
v 7.41742 -1.993563 -2.590527
v 8.157314 -1.993563 -2.84884
v 7.449272 -0.02774927 -2.601647
v 7.486169 -0.009401591 -2.614528
v 7.532661 0.002378372 -2.63076
v 7.584198 0.006437389 -2.648753
v 7.990536 0.006437389 -2.790615
v 8.042073 0.002378372 -2.808607
v 8.088566 -0.009401591 -2.824839
v 8.125463 -0.02774927 -2.83772
v 8.149151 -0.05086866 -2.845991
v 8.157314 -0.07649681 -2.84884
v 8.157314 -0.1710666 -2.84884
v 10.69946 -0.1710666 -3.736363
v 8.157314 -0.1710666 -2.84884
v 10.69946 -1.993563 -3.736362
v 10.70763 -0.05086866 -3.739213
v 10.69946 -0.07649681 -3.736363
v 11.43936 -1.993563 -3.994676
v 10.73131 -0.02774927 -3.747483
v 10.76821 -0.009401591 -3.760364
v 10.8147 0.002378372 -3.776596
v 10.86624 0.006437389 -3.794589
v 11.27258 0.006437389 -3.93645
v 11.32412 0.002378372 -3.954443
v 11.37061 -0.009401591 -3.970675
v 11.40751 -0.02774927 -3.983556
v 11.43119 -0.05086866 -3.991827
v 11.43936 -0.07649681 -3.994676
v 11.43936 -1.993563 -3.994676
v 11.90984 -1.993562 -2.273825
v 11.90984 -0.07649651 -2.273825
v 11.43936 -0.07649681 -3.994676
v 11.43119 -0.05086866 -3.991827
v 11.90134 -0.05086836 -2.272211
v 11.40751 -0.02774927 -3.983556
v 11.87669 -0.02774897 -2.267527
v 8.494636 -1.993562 -1.624875
v 7.41742 -1.993563 -2.590527
v 7.724723 -1.993562 -1.478578
v 8.157314 -1.993563 -2.84884
v 11.13993 -1.993562 -2.127527
v 10.69946 -1.993563 -3.736362
v 11.90984 -1.993562 -2.273825
v 11.43936 -1.993563 -3.994676
v 11.90134 -0.05086836 -2.272211
v 11.90984 -0.07649651 -2.273825
v 11.90984 -1.993562 -2.273825
v 11.87669 -0.02774897 -2.267527
v 11.8383 -0.00940129 -2.260231
v 11.78992 0.002378674 -2.251039
v 11.73629 0.006437691 -2.240848
v 11.31347 0.006437691 -2.160504
v 11.25984 0.002378674 -2.150314
v 11.21146 -0.00940129 -2.141121
v 11.17307 -0.02774897 -2.133826
v 11.14842 -0.05086836 -2.129142
v 11.13993 -0.07649651 -2.127528
v 11.13993 -0.1710663 -2.127528
v 11.13993 -1.993562 -2.127527
v 8.494636 -0.1710663 -1.624876
v 11.13993 -0.1710663 -2.127528
v 8.494636 -1.993562 -1.624875
v 7.724723 -1.993562 -1.478578
v 7.724723 -0.07649651 -1.478578
v 7.733217 -0.05086836 -1.480192
v 7.757867 -0.02774897 -1.484876
v 7.796261 -0.00940129 -1.492172
v 7.84464 0.002378674 -1.501365
v 7.898268 0.006437691 -1.511555
v 8.321092 0.006437691 -1.591899
v 8.37472 0.002378674 -1.602089
v 8.423099 -0.00940129 -1.611282
v 8.461492 -0.02774897 -1.618577
v 8.486142 -0.05086836 -1.623261
v 8.494636 -0.07649651 -1.624876
v 7.724723 -1.993562 -1.478578
v 7.41742 -1.993563 -2.590527
v 7.41742 -0.07649681 -2.590527
v 7.724723 -0.07649651 -1.478578
v 7.733217 -0.05086836 -1.480192
v 7.425583 -0.05086866 -2.593377
v 7.757867 -0.02774897 -1.484876
v 7.449272 -0.02774927 -2.601647
v 7.796261 -0.00940129 -1.492172
v 7.486169 -0.009401591 -2.614528
v 7.84464 0.002378674 -1.501365
v 7.532661 0.002378372 -2.63076
v 7.898268 0.006437691 -1.511555
v 7.584198 0.006437389 -2.648753
v 7.990536 0.006437389 -2.790615
v 8.321092 0.006437691 -1.591899
v 8.37472 0.002378674 -1.602089
v 8.042073 0.002378372 -2.808607
v 8.423099 -0.00940129 -1.611282
v 8.088566 -0.009401591 -2.824839
v 8.461492 -0.02774897 -1.618577
v 8.125463 -0.02774927 -2.83772
v 8.486142 -0.05086836 -1.623261
v 8.149151 -0.05086866 -2.845991
v 8.494636 -0.07649651 -1.624876
v 8.157314 -0.07649681 -2.84884
v 8.494636 -0.1710663 -1.624876
v 8.157314 -0.1710666 -2.84884
v 11.37061 -0.009401591 -3.970675
v 11.40751 -0.02774927 -3.983556
v 11.87669 -0.02774897 -2.267527
v 11.8383 -0.00940129 -2.260231
v 11.32412 0.002378372 -3.954443
v 11.78992 0.002378674 -2.251039
v 11.27258 0.006437389 -3.93645
v 11.73629 0.006437691 -2.240848
v 11.31347 0.006437691 -2.160504
v 10.86624 0.006437389 -3.794589
v 10.8147 0.002378372 -3.776596
v 11.25984 0.002378674 -2.150314
v 10.76821 -0.009401591 -3.760364
v 11.21146 -0.00940129 -2.141121
v 10.73131 -0.02774927 -3.747483
v 11.17307 -0.02774897 -2.133826
v 10.69946 -0.07649651 -3.736363
v 10.69946 -0.1710663 -3.736363
v 10.03436 -0.1710666 -5.235928
v 10.03436 -0.07649681 -5.235928
v 10.70763 -0.05086836 -3.739213
v 10.04202 -0.05086866 -5.239932
v 10.73131 -0.02774897 -3.747483
v 10.06426 -0.02774927 -5.251552
v 6.960968 -0.05086866 -3.630016
v 6.953305 -0.07649681 -3.626012
v 6.953305 -1.993563 -3.626012
v 7.647889 -1.993563 -3.988946
v 6.983206 -0.02774927 -3.641636
v 7.017843 -0.009401591 -3.659734
v 7.061489 0.002378372 -3.68254
v 7.10987 0.006437389 -3.70782
v 7.491324 0.006437389 -3.907138
v 7.539705 0.002378372 -3.932418
v 7.583351 -0.009401591 -3.955224
v 7.617988 -0.02774927 -3.973322
v 7.640226 -0.05086866 -3.984942
v 7.647889 -0.07649681 -3.988946
v 7.647889 -0.1710666 -3.988946
v 10.03436 -0.1710666 -5.235928
v 7.647889 -0.1710666 -3.988946
v 10.03436 -1.993563 -5.235928
v 10.04202 -0.05086866 -5.239932
v 10.03436 -0.07649681 -5.235928
v 10.72895 -1.993563 -5.598863
v 10.06426 -0.02774927 -5.251552
v 10.0989 -0.009401591 -5.269651
v 10.14255 0.002378372 -5.292456
v 10.19093 0.006437389 -5.317737
v 10.57238 0.006437389 -5.517054
v 10.62076 0.002378372 -5.542335
v 10.66441 -0.009401591 -5.56514
v 10.69905 -0.02774927 -5.583239
v 10.72128 -0.05086866 -5.594859
v 10.72895 -0.07649681 -5.598863
v 10.72895 -1.993563 -5.598863
v 11.43936 -1.993562 -3.994676
v 11.43936 -0.07649651 -3.994677
v 10.72895 -0.07649681 -5.598863
v 10.72128 -0.05086866 -5.594859
v 11.43119 -0.05086836 -3.991827
v 10.69905 -0.02774927 -5.583239
v 11.40751 -0.02774897 -3.983557
v 8.157314 -1.993562 -2.84884
v 6.953305 -1.993563 -3.626012
v 7.41742 -1.993562 -2.590527
v 7.647889 -1.993563 -3.988946
v 10.69946 -1.993562 -3.736363
v 10.03436 -1.993563 -5.235928
v 11.43936 -1.993562 -3.994676
v 10.72895 -1.993563 -5.598863
v 11.43119 -0.05086836 -3.991827
v 11.43936 -0.07649651 -3.994677
v 11.43936 -1.993562 -3.994676
v 11.40751 -0.02774897 -3.983557
v 11.37061 -0.00940129 -3.970675
v 11.32412 0.002378674 -3.954443
v 11.27258 0.006437691 -3.936451
v 10.86624 0.006437691 -3.794589
v 10.8147 0.002378674 -3.776596
v 10.76821 -0.00940129 -3.760365
v 10.73131 -0.02774897 -3.747483
v 10.70763 -0.05086836 -3.739213
v 10.69946 -0.07649651 -3.736363
v 10.69946 -0.1710663 -3.736363
v 10.69946 -1.993562 -3.736363
v 8.157314 -0.1710663 -2.848841
v 10.69946 -0.1710663 -3.736363
v 8.157314 -1.993562 -2.84884
v 7.41742 -1.993562 -2.590527
v 7.417421 -0.07649651 -2.590527
v 7.425583 -0.05086836 -2.593377
v 7.449273 -0.02774897 -2.601647
v 7.486169 -0.00940129 -2.614529
v 7.532661 0.002378674 -2.63076
v 7.584199 0.006437691 -2.648753
v 7.990536 0.006437691 -2.790615
v 8.042073 0.002378674 -2.808608
v 8.088566 -0.00940129 -2.824839
v 8.125463 -0.02774897 -2.83772
v 8.149152 -0.05086836 -2.845991
v 8.157314 -0.07649651 -2.848841
v 7.41742 -1.993562 -2.590527
v 6.953305 -1.993563 -3.626012
v 6.953305 -0.07649681 -3.626012
v 7.417421 -0.07649651 -2.590527
v 7.425583 -0.05086836 -2.593377
v 6.960968 -0.05086866 -3.630016
v 7.449273 -0.02774897 -2.601647
v 6.983206 -0.02774927 -3.641636
v 7.486169 -0.00940129 -2.614529
v 7.017843 -0.009401591 -3.659734
v 7.532661 0.002378674 -2.63076
v 7.061489 0.002378372 -3.68254
v 7.584199 0.006437691 -2.648753
v 7.10987 0.006437389 -3.70782
v 7.491324 0.006437389 -3.907138
v 7.990536 0.006437691 -2.790615
v 8.042073 0.002378674 -2.808608
v 7.539705 0.002378372 -3.932418
v 8.088566 -0.00940129 -2.824839
v 7.583351 -0.009401591 -3.955224
v 8.125463 -0.02774897 -2.83772
v 7.617988 -0.02774927 -3.973322
v 8.149152 -0.05086836 -2.845991
v 7.640226 -0.05086866 -3.984942
v 8.157314 -0.07649651 -2.848841
v 7.647889 -0.07649681 -3.988946
v 8.157314 -0.1710663 -2.848841
v 7.647889 -0.1710666 -3.988946
v 10.66441 -0.009401591 -5.56514
v 10.69905 -0.02774927 -5.583239
v 11.40751 -0.02774897 -3.983557
v 11.37061 -0.00940129 -3.970675
v 10.62076 0.002378372 -5.542335
v 11.32412 0.002378674 -3.954443
v 10.57238 0.006437389 -5.517054
v 11.27258 0.006437691 -3.936451
v 10.86624 0.006437691 -3.794589
v 10.19093 0.006437389 -5.317737
v 10.14255 0.002378372 -5.292456
v 10.8147 0.002378674 -3.776596
v 10.0989 -0.009401591 -5.269651
v 10.76821 -0.00940129 -3.760365
v 10.06426 -0.02774927 -5.251552
v 10.73131 -0.02774897 -3.747483
v 10.03436 -0.07649651 -5.235929
v 10.03436 -0.1710663 -5.235929
v 9.175737 -0.1710666 -6.614078
v 9.175737 -0.07649681 -6.614078
v 10.04202 -0.05086836 -5.239933
v 9.182748 -0.05086866 -6.619137
v 10.06426 -0.02774897 -5.251553
v 9.203094 -0.02774927 -6.633821
v 6.363919 -0.05086866 -4.584697
v 6.356909 -0.07649681 -4.579637
v 6.356909 -1.993563 -4.579637
v 6.992377 -1.993563 -5.038275
v 6.384265 -0.02774927 -4.59938
v 6.415954 -0.009401591 -4.622252
v 6.455885 0.002378372 -4.651071
v 6.500148 0.006437389 -4.683018
v 6.849137 0.006437389 -4.934894
v 6.893401 0.002378372 -4.96684
v 6.933331 -0.009401591 -4.99566
v 6.96502 -0.02774927 -5.018531
v 6.985366 -0.05086866 -5.033215
v 6.992377 -0.07649681 -5.038275
v 6.992377 -0.1710666 -5.038275
v 9.175737 -0.1710666 -6.614078
v 6.992377 -0.1710666 -5.038275
v 9.175737 -1.993563 -6.614078
v 9.182748 -0.05086866 -6.619137
v 9.175737 -0.07649681 -6.614078
v 9.811205 -1.993563 -7.072715
v 9.203094 -0.02774927 -6.633821
v 9.234782 -0.009401591 -6.656693
v 9.274714 0.002378372 -6.685512
v 9.318976 0.006437389 -6.717458
v 9.667965 0.006437389 -6.969335
v 9.712229 0.002378372 -7.001281
v 9.752159 -0.009401591 -7.0301
v 9.783849 -0.02774927 -7.052972
v 9.804194 -0.05086866 -7.067656
v 9.811205 -0.07649681 -7.072715
v 9.811205 -1.993563 -7.072715
v 10.72895 -1.993562 -5.598863
v 10.72895 -0.07649651 -5.598863
v 9.811205 -0.07649681 -7.072715
v 9.804194 -0.05086866 -7.067656
v 10.72128 -0.05086836 -5.594859
v 9.783849 -0.02774927 -7.052972
v 10.69905 -0.02774897 -5.583239
v 7.647889 -1.993562 -3.988946
v 6.356909 -1.993563 -4.579637
v 6.953305 -1.993562 -3.626012
v 6.992377 -1.993563 -5.038275
v 10.03436 -1.993562 -5.235928
v 9.175737 -1.993563 -6.614078
v 10.72895 -1.993562 -5.598863
v 9.811205 -1.993563 -7.072715
v 10.72128 -0.05086836 -5.594859
v 10.72895 -0.07649651 -5.598863
v 10.72895 -1.993562 -5.598863
v 10.69905 -0.02774897 -5.583239
v 10.66441 -0.00940129 -5.565141
v 10.62076 0.002378674 -5.542335
v 10.57238 0.006437691 -5.517055
v 10.19093 0.006437691 -5.317737
v 10.14255 0.002378674 -5.292457
v 10.0989 -0.00940129 -5.269651
v 10.06426 -0.02774897 -5.251553
v 10.04202 -0.05086836 -5.239933
v 10.03436 -0.07649651 -5.235929
v 10.03436 -0.1710663 -5.235929
v 10.03436 -1.993562 -5.235928
v 7.647889 -0.1710663 -3.988947
v 10.03436 -0.1710663 -5.235929
v 7.647889 -1.993562 -3.988946
v 6.953305 -1.993562 -3.626012
v 6.953305 -0.07649651 -3.626012
v 6.960968 -0.05086836 -3.630016
v 6.983206 -0.02774897 -3.641636
v 7.017843 -0.00940129 -3.659735
v 7.061489 0.002378674 -3.68254
v 7.10987 0.006437691 -3.707821
v 7.491324 0.006437691 -3.907139
v 7.539705 0.002378674 -3.932419
v 7.583351 -0.00940129 -3.955224
v 7.617988 -0.02774897 -3.973323
v 7.640226 -0.05086836 -3.984943
v 7.647889 -0.07649651 -3.988947
v 6.953305 -1.993562 -3.626012
v 6.356909 -1.993563 -4.579637
v 6.356909 -0.07649681 -4.579637
v 6.953305 -0.07649651 -3.626012
v 6.960968 -0.05086836 -3.630016
v 6.363919 -0.05086866 -4.584697
v 6.983206 -0.02774897 -3.641636
v 6.384265 -0.02774927 -4.59938
v 7.017843 -0.00940129 -3.659735
v 6.415954 -0.009401591 -4.622252
v 7.061489 0.002378674 -3.68254
v 6.455885 0.002378372 -4.651071
v 7.10987 0.006437691 -3.707821
v 6.500148 0.006437389 -4.683018
v 6.849137 0.006437389 -4.934894
v 7.491324 0.006437691 -3.907139
v 7.539705 0.002378674 -3.932419
v 6.893401 0.002378372 -4.96684
v 7.583351 -0.00940129 -3.955224
v 6.933331 -0.009401591 -4.99566
v 7.617988 -0.02774897 -3.973323
v 6.96502 -0.02774927 -5.018531
v 7.640226 -0.05086836 -3.984943
v 6.985366 -0.05086866 -5.033215
v 7.647889 -0.07649651 -3.988947
v 6.992377 -0.07649681 -5.038275
v 7.647889 -0.1710663 -3.988947
v 6.992377 -0.1710666 -5.038275
v 9.752159 -0.009401591 -7.0301
v 9.783849 -0.02774927 -7.052972
v 10.69905 -0.02774897 -5.583239
v 10.66441 -0.00940129 -5.565141
v 9.712229 0.002378372 -7.001281
v 10.62076 0.002378674 -5.542335
v 9.667965 0.006437389 -6.969335
v 10.57238 0.006437691 -5.517055
v 10.19093 0.006437691 -5.317737
v 9.318976 0.006437389 -6.717458
v 9.274714 0.002378372 -6.685512
v 10.14255 0.002378674 -5.292457
v 9.234782 -0.009401591 -6.656693
v 10.0989 -0.00940129 -5.269651
v 9.203094 -0.02774927 -6.633821
v 10.06426 -0.02774897 -5.251553
v 9.175737 -0.07649651 -6.614078
v 9.175737 -0.1710663 -6.614078
v 8.140366 -0.1710666 -7.854304
v 8.140366 -0.07649681 -7.854304
v 9.182748 -0.05086836 -6.619138
v 8.146587 -0.05086866 -7.860308
v 9.203094 -0.02774897 -6.633822
v 8.164641 -0.02774927 -7.877733
v 5.645214 -0.05086866 -5.446209
v 5.638993 -0.07649681 -5.440205
v 5.638993 -1.993563 -5.440205
v 6.202895 -1.993563 -5.984432
v 5.663268 -0.02774927 -5.463634
v 5.691389 -0.009401591 -5.490773
v 5.726822 0.002378372 -5.524971
v 5.766101 0.006437389 -5.562879
v 6.075787 0.006437389 -5.861759
v 6.115065 0.002378372 -5.899667
v 6.150499 -0.009401591 -5.933865
v 6.178619 -0.02774927 -5.961004
v 6.196673 -0.05086866 -5.978428
v 6.202895 -0.07649681 -5.984432
v 6.202895 -0.1710666 -5.984432
v 8.140366 -0.1710666 -7.854304
v 6.202895 -0.1710666 -5.984432
v 8.140366 -1.993563 -7.854304
v 8.146587 -0.05086866 -7.860308
v 8.140366 -0.07649681 -7.854304
v 8.704268 -1.993563 -8.398531
v 8.164641 -0.02774927 -7.877733
v 8.192762 -0.009401591 -7.904872
v 8.228196 0.002378372 -7.939069
v 8.267474 0.006437389 -7.976977
v 8.57716 0.006437389 -8.275858
v 8.616439 0.002378372 -8.313766
v 8.651873 -0.009401591 -8.347963
v 8.679993 -0.02774927 -8.375103
v 8.698047 -0.05086866 -8.392528
v 8.704268 -0.07649681 -8.398531
v 8.704268 -1.993563 -8.398531
v 9.811205 -1.993562 -7.072715
v 9.811205 -0.07649651 -7.072716
v 8.704268 -0.07649681 -8.398531
v 8.698047 -0.05086866 -8.392528
v 9.804194 -0.05086836 -7.067656
v 8.679993 -0.02774927 -8.375103
v 9.783849 -0.02774897 -7.052972
v 6.992377 -1.993562 -5.038275
v 5.638993 -1.993563 -5.440205
v 6.356909 -1.993562 -4.579637
v 6.202895 -1.993563 -5.984432
v 9.175737 -1.993562 -6.614078
v 8.140366 -1.993563 -7.854304
v 9.811205 -1.993562 -7.072715
v 8.704268 -1.993563 -8.398531
v 9.804194 -0.05086836 -7.067656
v 9.811205 -0.07649651 -7.072716
v 9.811205 -1.993562 -7.072715
v 9.783849 -0.02774897 -7.052972
v 9.752159 -0.00940129 -7.030101
v 9.712229 0.002378674 -7.001282
v 9.667965 0.006437691 -6.969335
v 9.318976 0.006437691 -6.717459
v 9.274714 0.002378674 -6.685513
v 9.234782 -0.00940129 -6.656693
v 9.203094 -0.02774897 -6.633822
v 9.182748 -0.05086836 -6.619138
v 9.175737 -0.07649651 -6.614078
v 9.175737 -0.1710663 -6.614078
v 9.175737 -1.993562 -6.614078
v 6.992377 -0.1710663 -5.038275
v 9.175737 -0.1710663 -6.614078
v 6.992377 -1.993562 -5.038275
v 6.356909 -1.993562 -4.579637
v 6.356909 -0.07649651 -4.579638
v 6.363919 -0.05086836 -4.584697
v 6.384265 -0.02774897 -4.599381
v 6.415954 -0.00940129 -4.622252
v 6.455885 0.002378674 -4.651072
v 6.500148 0.006437691 -4.683018
v 6.849137 0.006437691 -4.934895
v 6.893401 0.002378674 -4.966841
v 6.933331 -0.00940129 -4.99566
v 6.96502 -0.02774897 -5.018531
v 6.985366 -0.05086836 -5.033216
v 6.992377 -0.07649651 -5.038275
v 6.356909 -1.993562 -4.579637
v 5.638993 -1.993563 -5.440205
v 5.638993 -0.07649681 -5.440205
v 6.356909 -0.07649651 -4.579638
v 6.363919 -0.05086836 -4.584697
v 5.645214 -0.05086866 -5.446209
v 6.384265 -0.02774897 -4.599381
v 5.663268 -0.02774927 -5.463634
v 6.415954 -0.00940129 -4.622252
v 5.691389 -0.009401591 -5.490773
v 6.455885 0.002378674 -4.651072
v 5.726822 0.002378372 -5.524971
v 6.500148 0.006437691 -4.683018
v 5.766101 0.006437389 -5.562879
v 6.075787 0.006437389 -5.861759
v 6.849137 0.006437691 -4.934895
v 6.893401 0.002378674 -4.966841
v 6.115065 0.002378372 -5.899667
v 6.933331 -0.00940129 -4.99566
v 6.150499 -0.009401591 -5.933865
v 6.96502 -0.02774897 -5.018531
v 6.178619 -0.02774927 -5.961004
v 6.985366 -0.05086836 -5.033216
v 6.196673 -0.05086866 -5.978428
v 6.992377 -0.07649651 -5.038275
v 6.202895 -0.07649681 -5.984432
v 6.992377 -0.1710663 -5.038275
v 6.202895 -0.1710666 -5.984432
v 8.651873 -0.009401591 -8.347963
v 8.679993 -0.02774927 -8.375103
v 9.783849 -0.02774897 -7.052972
v 9.752159 -0.00940129 -7.030101
v 8.616439 0.002378372 -8.313766
v 9.712229 0.002378674 -7.001282
v 8.57716 0.006437389 -8.275858
v 9.667965 0.006437691 -6.969335
v 9.318976 0.006437691 -6.717459
v 8.267474 0.006437389 -7.976977
v 8.228196 0.002378372 -7.939069
v 9.274714 0.002378674 -6.685513
v 8.192762 -0.009401591 -7.904872
v 9.234782 -0.00940129 -6.656693
v 8.164641 -0.02774927 -7.877733
v 9.203094 -0.02774897 -6.633822
v 8.140366 -0.07649651 -7.854304
v 8.140366 -0.1710663 -7.854304
v 6.944685 -0.1710666 -8.940407
v 6.944685 -0.07649681 -8.940407
v 8.146587 -0.05086836 -7.860308
v 6.949991 -0.05086866 -8.947232
v 8.164641 -0.02774897 -7.877733
v 6.965393 -0.02774927 -8.967041
v 4.816173 -0.05086866 -6.202863
v 4.810865 -0.07649681 -6.196038
v 4.810866 -1.993563 -6.196037
v 5.291907 -1.993563 -6.81472
v 4.831574 -0.02774927 -6.222672
v 4.855562 -0.009401591 -6.253524
v 4.885789 0.002378372 -6.292399
v 4.919296 0.006437389 -6.335494
v 5.183476 0.006437389 -6.675264
v 5.216983 0.002378372 -6.718358
v 5.24721 -0.009401591 -6.757234
v 5.271198 -0.02774927 -6.788086
v 5.2866 -0.05086866 -6.807894
v 5.291907 -0.07649681 -6.81472
v 5.291907 -0.1710666 -6.81472
v 6.944685 -0.1710666 -8.940407
v 5.291907 -0.1710666 -6.81472
v 6.944685 -1.993563 -8.940407
v 6.949991 -0.05086866 -8.947232
v 6.944685 -0.07649681 -8.940407
v 7.425726 -1.993563 -9.559089
v 6.965393 -0.02774927 -8.967041
v 6.989381 -0.009401591 -8.997892
v 7.019608 0.002378372 -9.036769
v 7.053115 0.006437389 -9.079863
v 7.317295 0.006437389 -9.419633
v 7.350802 0.002378372 -9.462728
v 7.381029 -0.009401591 -9.501603
v 7.405017 -0.02774927 -9.532455
v 7.420419 -0.05086866 -9.552263
v 7.425726 -0.07649681 -9.559089
v 7.425726 -1.993563 -9.559089
v 8.704268 -1.993562 -8.398531
v 8.704268 -0.07649651 -8.398531
v 7.425726 -0.07649681 -9.559089
v 7.420419 -0.05086866 -9.552263
v 8.698047 -0.05086836 -8.392528
v 7.405017 -0.02774927 -9.532455
v 8.679993 -0.02774897 -8.375103
v 6.202895 -1.993562 -5.984432
v 4.810866 -1.993563 -6.196037
v 5.638993 -1.993562 -5.440205
v 5.291907 -1.993563 -6.81472
v 8.140366 -1.993562 -7.854304
v 6.944685 -1.993563 -8.940407
v 8.704268 -1.993562 -8.398531
v 7.425726 -1.993563 -9.559089
v 8.698047 -0.05086836 -8.392528
v 8.704268 -0.07649651 -8.398531
v 8.704268 -1.993562 -8.398531
v 8.679993 -0.02774897 -8.375103
v 8.651873 -0.00940129 -8.347963
v 8.616439 0.002378674 -8.313766
v 8.57716 0.006437691 -8.275858
v 8.267474 0.006437691 -7.976977
v 8.228196 0.002378674 -7.939069
v 8.192762 -0.00940129 -7.904872
v 8.164641 -0.02774897 -7.877733
v 8.146587 -0.05086836 -7.860308
v 8.140366 -0.07649651 -7.854304
v 8.140366 -0.1710663 -7.854304
v 8.140366 -1.993562 -7.854304
v 6.202895 -0.1710663 -5.984432
v 8.140366 -0.1710663 -7.854304
v 6.202895 -1.993562 -5.984432
v 5.638993 -1.993562 -5.440205
v 5.638993 -0.07649651 -5.440205
v 5.645214 -0.05086836 -5.446209
v 5.663268 -0.02774897 -5.463634
v 5.691389 -0.00940129 -5.490773
v 5.726822 0.002378674 -5.524971
v 5.766101 0.006437691 -5.562879
v 6.075787 0.006437691 -5.861759
v 6.115065 0.002378674 -5.899667
v 6.150499 -0.00940129 -5.933865
v 6.178619 -0.02774897 -5.961004
v 6.196673 -0.05086836 -5.978428
v 6.202895 -0.07649651 -5.984432
v 5.638993 -1.993562 -5.440205
v 4.810866 -1.993563 -6.196037
v 4.810865 -0.07649681 -6.196038
v 5.638993 -0.07649651 -5.440205
v 5.645214 -0.05086836 -5.446209
v 4.816173 -0.05086866 -6.202863
v 5.663268 -0.02774897 -5.463634
v 4.831574 -0.02774927 -6.222672
v 5.691389 -0.00940129 -5.490773
v 4.855562 -0.009401591 -6.253524
v 5.726822 0.002378674 -5.524971
v 4.885789 0.002378372 -6.292399
v 5.766101 0.006437691 -5.562879
v 4.919296 0.006437389 -6.335494
v 5.183476 0.006437389 -6.675264
v 6.075787 0.006437691 -5.861759
v 6.115065 0.002378674 -5.899667
v 5.216983 0.002378372 -6.718358
v 6.150499 -0.00940129 -5.933865
v 5.24721 -0.009401591 -6.757234
v 6.178619 -0.02774897 -5.961004
v 5.271198 -0.02774927 -6.788086
v 6.196673 -0.05086836 -5.978428
v 5.2866 -0.05086866 -6.807894
v 6.202895 -0.07649651 -5.984432
v 5.291907 -0.07649681 -6.81472
v 6.202895 -0.1710663 -5.984432
v 5.291907 -0.1710666 -6.81472
v 7.381029 -0.009401591 -9.501603
v 7.405017 -0.02774927 -9.532455
v 8.679993 -0.02774897 -8.375103
v 8.651873 -0.00940129 -8.347963
v 7.350802 0.002378372 -9.462728
v 8.616439 0.002378674 -8.313766
v 7.317295 0.006437389 -9.419633
v 8.57716 0.006437691 -8.275858
v 8.267474 0.006437691 -7.976977
v 7.053115 0.006437389 -9.079863
v 7.019608 0.002378372 -9.036769
v 8.228196 0.002378674 -7.939069
v 6.989381 -0.009401591 -8.997892
v 8.192762 -0.00940129 -7.904872
v 6.965393 -0.02774927 -8.967041
v 8.164641 -0.02774897 -7.877733
v 6.944685 -0.07649651 -8.940407
v 6.944685 -0.1710663 -8.940407
v 5.604889 -0.1710666 -9.856133
v 5.604889 -0.07649681 -9.856133
v 6.949991 -0.05086836 -8.947232
v 5.609169 -0.05086866 -9.863647
v 6.965393 -0.02774897 -8.967041
v 5.621588 -0.02774927 -9.885448
v 3.888492 -0.05086866 -6.843048
v 3.884213 -0.07649681 -6.835536
v 3.884212 -1.993563 -6.835536
v 4.272116 -1.993563 -7.51649
v 3.900912 -0.02774927 -6.86485
v 3.920255 -0.009401591 -6.898807
v 3.94463 0.002378372 -6.941596
v 3.971649 0.006437389 -6.989028
v 4.18468 0.006437389 -7.362997
v 4.211699 0.002378372 -7.410429
v 4.236074 -0.009401591 -7.453218
v 4.255418 -0.02774927 -7.487175
v 4.267837 -0.05086866 -7.508977
v 4.272117 -0.07649681 -7.51649
v 4.272117 -0.1710666 -7.51649
v 5.604889 -0.1710666 -9.856133
v 4.272117 -0.1710666 -7.51649
v 5.604889 -1.993563 -9.856133
v 5.609169 -0.05086866 -9.863647
v 5.604889 -0.07649681 -9.856133
v 5.992794 -1.993563 -10.53709
v 5.621588 -0.02774927 -9.885448
v 5.640932 -0.009401591 -9.919406
v 5.665306 0.002378372 -9.962194
v 5.692326 0.006437389 -10.00963
v 5.905356 0.006437389 -10.3836
v 5.932376 0.002378372 -10.43103
v 5.95675 -0.009401591 -10.47382
v 5.976094 -0.02774927 -10.50777
v 5.988513 -0.05086866 -10.52958
v 5.992793 -0.07649681 -10.53709
v 5.992794 -1.993563 -10.53709
v 7.425726 -1.993562 -9.559089
v 7.425726 -0.07649651 -9.559089
v 5.992793 -0.07649681 -10.53709
v 5.988513 -0.05086866 -10.52958
v 7.420419 -0.05086836 -9.552263
v 5.976094 -0.02774927 -10.50777
v 7.405017 -0.02774897 -9.532455
v 5.291907 -1.993562 -6.81472
v 3.884212 -1.993563 -6.835536
v 4.810865 -1.993562 -6.196038
v 4.272116 -1.993563 -7.51649
v 6.944685 -1.993562 -8.940407
v 5.604889 -1.993563 -9.856133
v 7.425726 -1.993562 -9.559089
v 5.992794 -1.993563 -10.53709
v 7.420419 -0.05086836 -9.552263
v 7.425726 -0.07649651 -9.559089
v 7.425726 -1.993562 -9.559089
v 7.405017 -0.02774897 -9.532455
v 7.381029 -0.00940129 -9.501603
v 7.350802 0.002378674 -9.462728
v 7.317295 0.006437691 -9.419633
v 7.053115 0.006437691 -9.079863
v 7.019608 0.002378674 -9.036769
v 6.989381 -0.00940129 -8.997892
v 6.965393 -0.02774897 -8.967041
v 6.949991 -0.05086836 -8.947232
v 6.944685 -0.07649651 -8.940407
v 6.944685 -0.1710663 -8.940407
v 6.944685 -1.993562 -8.940407
v 5.291907 -0.1710663 -6.81472
v 6.944685 -0.1710663 -8.940407
v 5.291907 -1.993562 -6.81472
v 4.810865 -1.993562 -6.196038
v 4.810865 -0.07649651 -6.196038
v 4.816173 -0.05086836 -6.202863
v 4.831574 -0.02774897 -6.222672
v 4.855562 -0.00940129 -6.253524
v 4.885789 0.002378674 -6.292399
v 4.919296 0.006437691 -6.335494
v 5.183476 0.006437691 -6.675264
v 5.216983 0.002378674 -6.718358
v 5.24721 -0.00940129 -6.757234
v 5.271198 -0.02774897 -6.788086
v 5.2866 -0.05086836 -6.807894
v 5.291907 -0.07649651 -6.81472
v 4.810865 -1.993562 -6.196038
v 3.884212 -1.993563 -6.835536
v 3.884213 -0.07649681 -6.835536
v 4.810865 -0.07649651 -6.196038
v 4.816173 -0.05086836 -6.202863
v 3.888492 -0.05086866 -6.843048
v 4.831574 -0.02774897 -6.222672
v 3.900912 -0.02774927 -6.86485
v 4.855562 -0.00940129 -6.253524
v 3.920255 -0.009401591 -6.898807
v 4.885789 0.002378674 -6.292399
v 3.94463 0.002378372 -6.941596
v 4.919296 0.006437691 -6.335494
v 3.971649 0.006437389 -6.989028
v 4.18468 0.006437389 -7.362997
v 5.183476 0.006437691 -6.675264
v 5.216983 0.002378674 -6.718358
v 4.211699 0.002378372 -7.410429
v 5.24721 -0.00940129 -6.757234
v 4.236074 -0.009401591 -7.453218
v 5.271198 -0.02774897 -6.788086
v 4.255418 -0.02774927 -7.487175
v 5.2866 -0.05086836 -6.807894
v 4.267837 -0.05086866 -7.508977
v 5.291907 -0.07649651 -6.81472
v 4.272117 -0.07649681 -7.51649
v 5.291907 -0.1710663 -6.81472
v 4.272117 -0.1710666 -7.51649
v 5.95675 -0.009401591 -10.47382
v 5.976094 -0.02774927 -10.50777
v 7.405017 -0.02774897 -9.532455
v 7.381029 -0.00940129 -9.501603
v 5.932376 0.002378372 -10.43103
v 7.350802 0.002378674 -9.462728
v 5.905356 0.006437389 -10.3836
v 7.317295 0.006437691 -9.419633
v 7.053115 0.006437691 -9.079863
v 5.692326 0.006437389 -10.00963
v 5.665306 0.002378372 -9.962194
v 7.019608 0.002378674 -9.036769
v 5.640932 -0.009401591 -9.919406
v 6.989381 -0.00940129 -8.997892
v 5.621588 -0.02774927 -9.885448
v 6.965393 -0.02774897 -8.967041
v 5.604888 -0.07649651 -9.856134
v 5.604888 -0.1710663 -9.856134
v 4.124349 -0.1710666 -10.5595
v 4.124349 -0.07649681 -10.5595
v 5.609168 -0.05086836 -9.863647
v 4.127496 -0.05086866 -10.56755
v 5.621587 -0.02774897 -9.885449
v 4.136631 -0.02774927 -10.59092
v 2.86199 -0.05086866 -7.329771
v 2.858843 -0.07649681 -7.321718
v 2.858843 -1.993563 -7.321718
v 3.144135 -1.993563 -8.051634
v 2.871124 -0.02774927 -7.35314
v 2.885351 -0.009401591 -7.38954
v 2.903278 0.002378372 -7.435405
v 2.92315 0.006437389 -7.486248
v 3.079827 0.006437389 -7.887105
v 3.099699 0.002378372 -7.937947
v 3.117626 -0.009401591 -7.983813
v 3.131853 -0.02774927 -8.020212
v 3.140987 -0.05086866 -8.043581
v 3.144135 -0.07649681 -8.051634
v 3.144135 -0.1710666 -8.051634
v 4.124349 -0.1710666 -10.5595
v 3.144135 -0.1710666 -8.051634
v 4.124349 -1.993563 -10.5595
v 4.127496 -0.05086866 -10.56755
v 4.124349 -0.07649681 -10.5595
v 4.40964 -1.993563 -11.28942
v 4.136631 -0.02774927 -10.59092
v 4.150857 -0.009401591 -10.62732
v 4.168784 0.002378372 -10.67319
v 4.188656 0.006437389 -10.72403
v 4.345334 0.006437389 -11.12489
v 4.365205 0.002378372 -11.17573
v 4.383132 -0.009401591 -11.2216
v 4.397359 -0.02774927 -11.25799
v 4.406493 -0.05086866 -11.28136
v 4.40964 -0.07649681 -11.28942
v 4.40964 -1.993563 -11.28942
v 5.992793 -1.993562 -10.53709
v 5.992793 -0.07649651 -10.53709
v 4.40964 -0.07649681 -11.28942
v 4.406493 -0.05086866 -11.28136
v 5.988513 -0.05086836 -10.52958
v 4.397359 -0.02774927 -11.25799
v 5.976094 -0.02774897 -10.50777
v 4.272117 -1.993562 -7.51649
v 2.858843 -1.993563 -7.321718
v 3.884213 -1.993562 -6.835536
v 3.144135 -1.993563 -8.051634
v 5.604889 -1.993562 -9.856133
v 4.124349 -1.993563 -10.5595
v 5.992793 -1.993562 -10.53709
v 4.40964 -1.993563 -11.28942
v 5.988513 -0.05086836 -10.52958
v 5.992793 -0.07649651 -10.53709
v 5.992793 -1.993562 -10.53709
v 5.976094 -0.02774897 -10.50777
v 5.95675 -0.00940129 -10.47382
v 5.932375 0.002378674 -10.43103
v 5.905356 0.006437691 -10.3836
v 5.692325 0.006437691 -10.00963
v 5.665306 0.002378674 -9.962195
v 5.640931 -0.00940129 -9.919407
v 5.621587 -0.02774897 -9.885449
v 5.609168 -0.05086836 -9.863647
v 5.604888 -0.07649651 -9.856134
v 5.604888 -0.1710663 -9.856134
v 5.604889 -1.993562 -9.856133
v 4.272116 -0.1710663 -7.51649
v 5.604888 -0.1710663 -9.856134
v 4.272117 -1.993562 -7.51649
v 3.884213 -1.993562 -6.835536
v 3.884212 -0.07649651 -6.835536
v 3.888492 -0.05086836 -6.843049
v 3.900911 -0.02774897 -6.864851
v 3.920255 -0.00940129 -6.898808
v 3.944629 0.002378674 -6.941597
v 3.971649 0.006437691 -6.989029
v 4.18468 0.006437691 -7.362998
v 4.211699 0.002378674 -7.410429
v 4.236073 -0.00940129 -7.453218
v 4.255417 -0.02774897 -7.487176
v 4.267837 -0.05086836 -7.508978
v 4.272116 -0.07649651 -7.51649
v 3.884213 -1.993562 -6.835536
v 2.858843 -1.993563 -7.321718
v 2.858843 -0.07649681 -7.321718
v 3.884212 -0.07649651 -6.835536
v 3.888492 -0.05086836 -6.843049
v 2.86199 -0.05086866 -7.329771
v 3.900911 -0.02774897 -6.864851
v 2.871124 -0.02774927 -7.35314
v 3.920255 -0.00940129 -6.898808
v 2.885351 -0.009401591 -7.38954
v 3.944629 0.002378674 -6.941597
v 2.903278 0.002378372 -7.435405
v 3.971649 0.006437691 -6.989029
v 2.92315 0.006437389 -7.486248
v 3.079827 0.006437389 -7.887105
v 4.18468 0.006437691 -7.362998
v 4.211699 0.002378674 -7.410429
v 3.099699 0.002378372 -7.937947
v 4.236073 -0.00940129 -7.453218
v 3.117626 -0.009401591 -7.983813
v 4.255417 -0.02774897 -7.487176
v 3.131853 -0.02774927 -8.020212
v 4.267837 -0.05086836 -7.508978
v 3.140987 -0.05086866 -8.043581
v 4.272116 -0.07649651 -7.51649
v 3.144135 -0.07649681 -8.051634
v 4.272116 -0.1710663 -7.51649
v 3.144135 -0.1710666 -8.051634
v 4.383132 -0.009401591 -11.2216
v 4.397359 -0.02774927 -11.25799
v 5.976094 -0.02774897 -10.50777
v 5.95675 -0.00940129 -10.47382
v 4.365205 0.002378372 -11.17573
v 5.932375 0.002378674 -10.43103
v 4.345334 0.006437389 -11.12489
v 5.905356 0.006437691 -10.3836
v 5.692325 0.006437691 -10.00963
v 4.188656 0.006437389 -10.72403
v 4.168784 0.002378372 -10.67319
v 5.665306 0.002378674 -9.962195
v 4.150857 -0.009401591 -10.62732
v 5.640931 -0.00940129 -9.919407
v 4.136631 -0.02774927 -10.59092
v 5.621587 -0.02774897 -9.885449
v 4.124348 -0.07649651 -10.5595
v 4.124348 -0.1710663 -10.5595
v 2.53042 -0.1710666 -11.03249
v 2.53042 -0.07649681 -11.03249
v 4.127496 -0.05086836 -10.56756
v 2.532347 -0.05086866 -11.04092
v 4.13663 -0.02774897 -10.59093
v 2.53794 -0.02774927 -11.06538
v 1.757411 -0.05086866 -7.652083
v 1.755484 -0.07649681 -7.643654
v 1.755484 -1.993563 -7.643654
v 1.930183 -1.993563 -8.407623
v 1.763005 -0.02774927 -7.676543
v 1.771717 -0.009401591 -7.71464
v 1.782694 0.002378372 -7.762645
v 1.794863 0.006437389 -7.815859
v 1.890805 0.006437389 -8.235418
v 1.902973 0.002378372 -8.288632
v 1.913951 -0.009401591 -8.336638
v 1.922662 -0.02774927 -8.374735
v 1.928256 -0.05086866 -8.399195
v 1.930183 -0.07649681 -8.407623
v 1.930183 -0.1710666 -8.407623
v 2.53042 -0.1710666 -11.03249
v 1.930183 -0.1710666 -8.407623
v 2.53042 -1.993563 -11.03249
v 2.532347 -0.05086866 -11.04092
v 2.53042 -0.07649681 -11.03249
v 2.705119 -1.993563 -11.79646
v 2.53794 -0.02774927 -11.06538
v 2.546652 -0.009401591 -11.10348
v 2.55763 0.002378372 -11.15148
v 2.569798 0.006437389 -11.2047
v 2.66574 0.006437389 -11.62426
v 2.677909 0.002378372 -11.67747
v 2.688886 -0.009401591 -11.72548
v 2.697598 -0.02774927 -11.76357
v 2.703191 -0.05086866 -11.78803
v 2.705119 -0.07649681 -11.79646
v 2.705119 -1.993563 -11.79646
v 4.40964 -1.993562 -11.28942
v 4.40964 -0.07649651 -11.28942
v 2.705119 -0.07649681 -11.79646
v 2.703191 -0.05086866 -11.78803
v 4.406492 -0.05086836 -11.28137
v 2.697598 -0.02774927 -11.76357
v 4.397358 -0.02774897 -11.258
v 3.144135 -1.993562 -8.051634
v 1.755484 -1.993563 -7.643654
v 2.858843 -1.993562 -7.321718
v 1.930183 -1.993563 -8.407623
v 4.124349 -1.993562 -10.5595
v 2.53042 -1.993563 -11.03249
v 4.40964 -1.993562 -11.28942
v 2.705119 -1.993563 -11.79646
v 4.406492 -0.05086836 -11.28137
v 4.40964 -0.07649651 -11.28942
v 4.40964 -1.993562 -11.28942
v 4.397358 -0.02774897 -11.258
v 4.383132 -0.00940129 -11.2216
v 4.365205 0.002378674 -11.17573
v 4.345333 0.006437691 -11.12489
v 4.188655 0.006437691 -10.72403
v 4.168783 0.002378674 -10.67319
v 4.150856 -0.00940129 -10.62732
v 4.13663 -0.02774897 -10.59093
v 4.127496 -0.05086836 -10.56756
v 4.124348 -0.07649651 -10.5595
v 4.124348 -0.1710663 -10.5595
v 4.124349 -1.993562 -10.5595
v 3.144135 -0.1710663 -8.051635
v 4.124348 -0.1710663 -10.5595
v 3.144135 -1.993562 -8.051634
v 2.858843 -1.993562 -7.321718
v 2.858843 -0.07649651 -7.321719
v 2.86199 -0.05086836 -7.329772
v 2.871125 -0.02774897 -7.353141
v 2.885351 -0.00940129 -7.38954
v 2.903278 0.002378674 -7.435406
v 2.92315 0.006437691 -7.486248
v 3.079828 0.006437691 -7.887106
v 3.099699 0.002378674 -7.937948
v 3.117626 -0.00940129 -7.983814
v 3.131853 -0.02774897 -8.020212
v 3.140987 -0.05086836 -8.043582
v 3.144135 -0.07649651 -8.051635
v 2.858843 -1.993562 -7.321718
v 1.755484 -1.993563 -7.643654
v 1.755484 -0.07649681 -7.643654
v 2.858843 -0.07649651 -7.321719
v 2.86199 -0.05086836 -7.329772
v 1.757411 -0.05086866 -7.652083
v 2.871125 -0.02774897 -7.353141
v 1.763005 -0.02774927 -7.676543
v 2.885351 -0.00940129 -7.38954
v 1.771717 -0.009401591 -7.71464
v 2.903278 0.002378674 -7.435406
v 1.782694 0.002378372 -7.762645
v 2.92315 0.006437691 -7.486248
v 1.794863 0.006437389 -7.815859
v 1.890805 0.006437389 -8.235418
v 3.079828 0.006437691 -7.887106
v 3.099699 0.002378674 -7.937948
v 1.902973 0.002378372 -8.288632
v 3.117626 -0.00940129 -7.983814
v 1.913951 -0.009401591 -8.336638
v 3.131853 -0.02774897 -8.020212
v 1.922662 -0.02774927 -8.374735
v 3.140987 -0.05086836 -8.043582
v 1.928256 -0.05086866 -8.399195
v 3.144135 -0.07649651 -8.051635
v 1.930183 -0.07649681 -8.407623
v 3.144135 -0.1710663 -8.051635
v 1.930183 -0.1710666 -8.407623
v 2.688886 -0.009401591 -11.72548
v 2.697598 -0.02774927 -11.76357
v 4.397358 -0.02774897 -11.258
v 4.383132 -0.00940129 -11.2216
v 2.677909 0.002378372 -11.67747
v 4.365205 0.002378674 -11.17573
v 2.66574 0.006437389 -11.62426
v 4.345333 0.006437691 -11.12489
v 4.188655 0.006437691 -10.72403
v 2.569798 0.006437389 -11.2047
v 2.55763 0.002378372 -11.15148
v 4.168783 0.002378674 -10.67319
v 2.546652 -0.009401591 -11.10348
v 4.150856 -0.00940129 -10.62732
v 2.53794 -0.02774927 -11.06538
v 4.13663 -0.02774897 -10.59093
v 2.530419 -0.07649651 -11.03249
v 2.530419 -0.1710663 -11.03249
v 0.8535415 -0.1710666 -11.27507
v 0.8535415 -0.07649681 -11.27507
v 2.532346 -0.05086836 -11.04092
v 0.8541907 -0.05086866 -11.28369
v 2.53794 -0.02774897 -11.06538
v 0.8560748 -0.02774927 -11.30871
v 0.5931547 -0.05086866 -7.817192
v 0.5925055 -0.07649681 -7.80857
v 0.5925058 -1.993563 -7.80857
v 0.6513529 -1.993563 -8.590047
v 0.5950388 -0.02774927 -7.842212
v 0.5979733 -0.009401591 -7.881183
v 0.6016712 0.002378372 -7.930288
v 0.6057701 0.006437389 -7.984722
v 0.638088 0.006437389 -8.413896
v 0.642187 0.002378372 -8.468329
v 0.6458848 -0.009401591 -8.517435
v 0.6488193 -0.02774927 -8.556405
v 0.6507034 -0.05086866 -8.581426
v 0.6513526 -0.07649681 -8.590047
v 0.6513526 -0.1710666 -8.590047
v 0.8535415 -0.1710666 -11.27507
v 0.6513526 -0.1710666 -8.590047
v 0.8535417 -1.993563 -11.27507
v 0.8541907 -0.05086866 -11.28369
v 0.8535415 -0.07649681 -11.27507
v 0.9123889 -1.993563 -12.05654
v 0.8560748 -0.02774927 -11.30871
v 0.8590094 -0.009401591 -11.34768
v 0.8627071 0.002378372 -11.39678
v 0.8668061 0.006437389 -11.45122
v 0.899124 0.006437389 -11.88039
v 0.903223 0.002378372 -11.93483
v 0.9069208 -0.009401591 -11.98393
v 0.9098553 -0.02774927 -12.0229
v 0.9117394 -0.05086866 -12.04792
v 0.9123886 -0.07649681 -12.05654
v 0.9123889 -1.993563 -12.05654
v 2.705119 -1.993562 -11.79646
v 2.705118 -0.07649651 -11.79646
v 0.9123886 -0.07649681 -12.05654
v 0.9117394 -0.05086866 -12.04792
v 2.703191 -0.05086836 -11.78803
v 0.9098553 -0.02774927 -12.0229
v 2.697597 -0.02774897 -11.76357
v 1.930183 -1.993562 -8.407623
v 0.5925058 -1.993563 -7.80857
v 1.755484 -1.993562 -7.643654
v 0.6513529 -1.993563 -8.590047
v 2.53042 -1.993562 -11.03249
v 0.8535417 -1.993563 -11.27507
v 2.705119 -1.993562 -11.79646
v 0.9123889 -1.993563 -12.05654
v 2.703191 -0.05086836 -11.78803
v 2.705118 -0.07649651 -11.79646
v 2.705119 -1.993562 -11.79646
v 2.697597 -0.02774897 -11.76357
v 2.688885 -0.00940129 -11.72548
v 2.677908 0.002378674 -11.67747
v 2.665739 0.006437691 -11.62426
v 2.569798 0.006437691 -11.2047
v 2.557629 0.002378674 -11.15148
v 2.546651 -0.00940129 -11.10348
v 2.53794 -0.02774897 -11.06538
v 2.532346 -0.05086836 -11.04092
v 2.530419 -0.07649651 -11.03249
v 2.530419 -0.1710663 -11.03249
v 2.53042 -1.993562 -11.03249
v 1.930183 -0.1710663 -8.407623
v 2.530419 -0.1710663 -11.03249
v 1.930183 -1.993562 -8.407623
v 1.755484 -1.993562 -7.643654
v 1.755484 -0.07649651 -7.643654
v 1.757412 -0.05086836 -7.652082
v 1.763005 -0.02774897 -7.676542
v 1.771717 -0.00940129 -7.71464
v 1.782694 0.002378674 -7.762645
v 1.794863 0.006437691 -7.815859
v 1.890805 0.006437691 -8.235418
v 1.902973 0.002378674 -8.288632
v 1.913951 -0.00940129 -8.336637
v 1.922663 -0.02774897 -8.374735
v 1.928256 -0.05086836 -8.399195
v 1.930183 -0.07649651 -8.407623
v 1.755484 -1.993562 -7.643654
v 0.5925058 -1.993563 -7.80857
v 0.5925055 -0.07649681 -7.80857
v 1.755484 -0.07649651 -7.643654
v 1.757412 -0.05086836 -7.652082
v 0.5931547 -0.05086866 -7.817192
v 1.763005 -0.02774897 -7.676542
v 0.5950388 -0.02774927 -7.842212
v 1.771717 -0.00940129 -7.71464
v 0.5979733 -0.009401591 -7.881183
v 1.782694 0.002378674 -7.762645
v 0.6016712 0.002378372 -7.930288
v 1.794863 0.006437691 -7.815859
v 0.6057701 0.006437389 -7.984722
v 0.638088 0.006437389 -8.413896
v 1.890805 0.006437691 -8.235418
v 1.902973 0.002378674 -8.288632
v 0.642187 0.002378372 -8.468329
v 1.913951 -0.00940129 -8.336637
v 0.6458848 -0.009401591 -8.517435
v 1.922663 -0.02774897 -8.374735
v 0.6488193 -0.02774927 -8.556405
v 1.928256 -0.05086836 -8.399195
v 0.6507034 -0.05086866 -8.581426
v 1.930183 -0.07649651 -8.407623
v 0.6513526 -0.07649681 -8.590047
v 1.930183 -0.1710663 -8.407623
v 0.6513526 -0.1710666 -8.590047
v 0.9069208 -0.009401591 -11.98393
v 0.9098553 -0.02774927 -12.0229
v 2.697597 -0.02774897 -11.76357
v 2.688885 -0.00940129 -11.72548
v 0.903223 0.002378372 -11.93483
v 2.677908 0.002378674 -11.67747
v 0.899124 0.006437389 -11.88039
v 2.665739 0.006437691 -11.62426
v 2.569798 0.006437691 -11.2047
v 0.8668061 0.006437389 -11.45122
v 0.8627071 0.002378372 -11.39678
v 2.557629 0.002378674 -11.15148
v 0.8590094 -0.009401591 -11.34768
v 2.546651 -0.00940129 -11.10348
v 0.8560748 -0.02774927 -11.30871
v 2.53794 -0.02774897 -11.06538
v 0.8535412 -0.07649651 -11.27507
v 0.8535412 -0.1710663 -11.27507
v -0.8535417 -0.1710666 -11.27507
v -0.8535417 -0.07649681 -11.27507
v 0.8541904 -0.05086836 -11.28369
v -0.8541909 -0.05086866 -11.28369
v 0.8560745 -0.02774897 -11.30871
v -0.856075 -0.02774927 -11.30871
v -0.5931545 -0.05086866 -7.817192
v -0.5925053 -0.07649681 -7.80857
v -0.5925051 -1.993563 -7.80857
v -0.6513523 -1.993563 -8.590047
v -0.5950386 -0.02774927 -7.842212
v -0.5979732 -0.009401591 -7.881183
v -0.601671 0.002378372 -7.930288
v -0.6057699 0.006437389 -7.984722
v -0.6380879 0.006437389 -8.413896
v -0.6421869 0.002378372 -8.468329
v -0.6458846 -0.009401591 -8.517435
v -0.6488192 -0.02774927 -8.556405
v -0.6507033 -0.05086866 -8.581426
v -0.6513525 -0.07649681 -8.590047
v -0.6513525 -0.1710666 -8.590047
v -0.8535417 -0.1710666 -11.27507
v -0.6513525 -0.1710666 -8.590047
v -0.8535415 -1.993563 -11.27507
v -0.8541909 -0.05086866 -11.28369
v -0.8535417 -0.07649681 -11.27507
v -0.9123887 -1.993563 -12.05654
v -0.856075 -0.02774927 -11.30871
v -0.8590096 -0.009401591 -11.34768
v -0.8627074 0.002378372 -11.39678
v -0.8668063 0.006437389 -11.45122
v -0.8991243 0.006437389 -11.88039
v -0.9032233 0.002378372 -11.93483
v -0.9069211 -0.009401591 -11.98393
v -0.9098557 -0.02774927 -12.0229
v -0.9117397 -0.05086866 -12.04792
v -0.9123889 -0.07649681 -12.05654
v -0.9123887 -1.993563 -12.05654
v 0.9123886 -1.993562 -12.05654
v 0.9123883 -0.07649651 -12.05654
v -0.9123889 -0.07649681 -12.05654
v -0.9117397 -0.05086866 -12.04792
v 0.9117391 -0.05086836 -12.04792
v -0.9098557 -0.02774927 -12.0229
v 0.909855 -0.02774897 -12.0229
v 0.6513526 -1.993562 -8.590047
v -0.5925051 -1.993563 -7.80857
v 0.5925055 -1.993562 -7.80857
v -0.6513523 -1.993563 -8.590047
v 0.8535415 -1.993562 -11.27507
v -0.8535415 -1.993563 -11.27507
v 0.9123886 -1.993562 -12.05654
v -0.9123887 -1.993563 -12.05654
v 0.9117391 -0.05086836 -12.04792
v 0.9123883 -0.07649651 -12.05654
v 0.9123886 -1.993562 -12.05654
v 0.909855 -0.02774897 -12.0229
v 0.9069205 -0.00940129 -11.98393
v 0.9032227 0.002378674 -11.93483
v 0.8991237 0.006437691 -11.88039
v 0.8668058 0.006437691 -11.45122
v 0.8627068 0.002378674 -11.39678
v 0.8590091 -0.00940129 -11.34768
v 0.8560745 -0.02774897 -11.30871
v 0.8541904 -0.05086836 -11.28369
v 0.8535412 -0.07649651 -11.27507
v 0.8535412 -0.1710663 -11.27507
v 0.8535415 -1.993562 -11.27507
v 0.6513523 -0.1710663 -8.590047
v 0.8535412 -0.1710663 -11.27507
v 0.6513526 -1.993562 -8.590047
v 0.5925055 -1.993562 -7.80857
v 0.5925052 -0.07649651 -7.80857
v 0.5931544 -0.05086836 -7.817192
v 0.5950385 -0.02774897 -7.842212
v 0.597973 -0.00940129 -7.881183
v 0.6016709 0.002378674 -7.930288
v 0.6057698 0.006437691 -7.984722
v 0.6380877 0.006437691 -8.413896
v 0.6421867 0.002378674 -8.468329
v 0.6458845 -0.00940129 -8.517435
v 0.648819 -0.02774897 -8.556405
v 0.6507031 -0.05086836 -8.581426
v 0.6513523 -0.07649651 -8.590047
v 0.5925055 -1.993562 -7.80857
v -0.5925051 -1.993563 -7.80857
v -0.5925053 -0.07649681 -7.80857
v 0.5925052 -0.07649651 -7.80857
v 0.5931544 -0.05086836 -7.817192
v -0.5931545 -0.05086866 -7.817192
v 0.5950385 -0.02774897 -7.842212
v -0.5950386 -0.02774927 -7.842212
v 0.597973 -0.00940129 -7.881183
v -0.5979732 -0.009401591 -7.881183
v 0.6016709 0.002378674 -7.930288
v -0.601671 0.002378372 -7.930288
v 0.6057698 0.006437691 -7.984722
v -0.6057699 0.006437389 -7.984722
v -0.6380879 0.006437389 -8.413896
v 0.6380877 0.006437691 -8.413896
v 0.6421867 0.002378674 -8.468329
v -0.6421869 0.002378372 -8.468329
v 0.6458845 -0.00940129 -8.517435
v -0.6458846 -0.009401591 -8.517435
v 0.648819 -0.02774897 -8.556405
v -0.6488192 -0.02774927 -8.556405
v 0.6507031 -0.05086836 -8.581426
v -0.6507033 -0.05086866 -8.581426
v 0.6513523 -0.07649651 -8.590047
v -0.6513525 -0.07649681 -8.590047
v 0.6513523 -0.1710663 -8.590047
v -0.6513525 -0.1710666 -8.590047
v -0.9069211 -0.009401591 -11.98393
v -0.9098557 -0.02774927 -12.0229
v 0.909855 -0.02774897 -12.0229
v 0.9069205 -0.00940129 -11.98393
v -0.9032233 0.002378372 -11.93483
v 0.9032227 0.002378674 -11.93483
v -0.8991243 0.006437389 -11.88039
v 0.8991237 0.006437691 -11.88039
v 0.8668058 0.006437691 -11.45122
v -0.8668063 0.006437389 -11.45122
v -0.8627074 0.002378372 -11.39678
v 0.8627068 0.002378674 -11.39678
v -0.8590096 -0.009401591 -11.34768
v 0.8590091 -0.00940129 -11.34768
v -0.856075 -0.02774927 -11.30871
v 0.8560745 -0.02774897 -11.30871
v -0.853542 -0.07649651 -11.27507
v -0.853542 -0.1710663 -11.27507
v -2.53042 -0.1710666 -11.03249
v -2.53042 -0.07649681 -11.03249
v -0.8541912 -0.05086836 -11.28369
v -2.532347 -0.05086866 -11.04092
v -0.8560753 -0.02774897 -11.30871
v -2.53794 -0.02774927 -11.06538
v -1.757412 -0.05086866 -7.652083
v -1.755484 -0.07649681 -7.643654
v -1.755484 -1.993563 -7.643654
v -1.930183 -1.993563 -8.407623
v -1.763005 -0.02774927 -7.676543
v -1.771717 -0.009401591 -7.71464
v -1.782694 0.002378372 -7.762645
v -1.794863 0.006437389 -7.815859
v -1.890805 0.006437389 -8.235418
v -1.902973 0.002378372 -8.288632
v -1.913951 -0.009401591 -8.336638
v -1.922663 -0.02774927 -8.374735
v -1.928256 -0.05086866 -8.399195
v -1.930183 -0.07649681 -8.407623
v -1.930183 -0.1710666 -8.407623
v -2.53042 -0.1710666 -11.03249
v -1.930183 -0.1710666 -8.407623
v -2.53042 -1.993563 -11.03249
v -2.532347 -0.05086866 -11.04092
v -2.53042 -0.07649681 -11.03249
v -2.705118 -1.993563 -11.79646
v -2.53794 -0.02774927 -11.06538
v -2.546652 -0.009401591 -11.10348
v -2.557629 0.002378372 -11.15148
v -2.569798 0.006437389 -11.2047
v -2.66574 0.006437389 -11.62426
v -2.677909 0.002378372 -11.67747
v -2.688886 -0.009401591 -11.72548
v -2.697598 -0.02774927 -11.76357
v -2.703191 -0.05086866 -11.78803
v -2.705118 -0.07649681 -11.79646
v -2.705118 -1.993563 -11.79646
v -0.9123889 -1.993562 -12.05654
v -0.9123892 -0.07649651 -12.05654
v -2.705118 -0.07649681 -11.79646
v -2.703191 -0.05086866 -11.78803
v -0.9117399 -0.05086836 -12.04792
v -2.697598 -0.02774927 -11.76357
v -0.9098559 -0.02774897 -12.0229
v -0.6513525 -1.993562 -8.590047
v -1.755484 -1.993563 -7.643654
v -0.5925053 -1.993562 -7.80857
v -1.930183 -1.993563 -8.407623
v -0.8535417 -1.993562 -11.27507
v -2.53042 -1.993563 -11.03249
v -0.9123889 -1.993562 -12.05654
v -2.705118 -1.993563 -11.79646
v -0.9117399 -0.05086836 -12.04792
v -0.9123892 -0.07649651 -12.05654
v -0.9123889 -1.993562 -12.05654
v -0.9098559 -0.02774897 -12.0229
v -0.9069213 -0.00940129 -11.98393
v -0.9032235 0.002378674 -11.93483
v -0.8991246 0.006437691 -11.88039
v -0.8668066 0.006437691 -11.45122
v -0.8627076 0.002378674 -11.39678
v -0.8590099 -0.00940129 -11.34768
v -0.8560753 -0.02774897 -11.30871
v -0.8541912 -0.05086836 -11.28369
v -0.853542 -0.07649651 -11.27507
v -0.853542 -0.1710663 -11.27507
v -0.8535417 -1.993562 -11.27507
v -0.6513528 -0.1710663 -8.590047
v -0.853542 -0.1710663 -11.27507
v -0.6513525 -1.993562 -8.590047
v -0.5925053 -1.993562 -7.80857
v -0.5925056 -0.07649651 -7.80857
v -0.5931548 -0.05086836 -7.817192
v -0.5950388 -0.02774897 -7.842212
v -0.5979734 -0.00940129 -7.881183
v -0.6016712 0.002378674 -7.930288
v -0.6057702 0.006437691 -7.984722
v -0.6380882 0.006437691 -8.413896
v -0.6421871 0.002378674 -8.468329
v -0.6458849 -0.00940129 -8.517435
v -0.6488194 -0.02774897 -8.556405
v -0.6507035 -0.05086836 -8.581426
v -0.6513528 -0.07649651 -8.590047
v -0.5925053 -1.993562 -7.80857
v -1.755484 -1.993563 -7.643654
v -1.755484 -0.07649681 -7.643654
v -0.5925056 -0.07649651 -7.80857
v -0.5931548 -0.05086836 -7.817192
v -1.757412 -0.05086866 -7.652083
v -0.5950388 -0.02774897 -7.842212
v -1.763005 -0.02774927 -7.676543
v -0.5979734 -0.00940129 -7.881183
v -1.771717 -0.009401591 -7.71464
v -0.6016712 0.002378674 -7.930288
v -1.782694 0.002378372 -7.762645
v -0.6057702 0.006437691 -7.984722
v -1.794863 0.006437389 -7.815859
v -1.890805 0.006437389 -8.235418
v -0.6380882 0.006437691 -8.413896
v -0.6421871 0.002378674 -8.468329
v -1.902973 0.002378372 -8.288632
v -0.6458849 -0.00940129 -8.517435
v -1.913951 -0.009401591 -8.336638
v -0.6488194 -0.02774897 -8.556405
v -1.922663 -0.02774927 -8.374735
v -0.6507035 -0.05086836 -8.581426
v -1.928256 -0.05086866 -8.399195
v -0.6513528 -0.07649651 -8.590047
v -1.930183 -0.07649681 -8.407623
v -0.6513528 -0.1710663 -8.590047
v -1.930183 -0.1710666 -8.407623
v -2.688886 -0.009401591 -11.72548
v -2.697598 -0.02774927 -11.76357
v -0.9098559 -0.02774897 -12.0229
v -0.9069213 -0.00940129 -11.98393
v -2.677909 0.002378372 -11.67747
v -0.9032235 0.002378674 -11.93483
v -2.66574 0.006437389 -11.62426
v -0.8991246 0.006437691 -11.88039
v -0.8668066 0.006437691 -11.45122
v -2.569798 0.006437389 -11.2047
v -2.557629 0.002378372 -11.15148
v -0.8627076 0.002378674 -11.39678
v -2.546652 -0.009401591 -11.10348
v -0.8590099 -0.00940129 -11.34768
v -2.53794 -0.02774927 -11.06538
v -0.8560753 -0.02774897 -11.30871
v -2.53042 -0.07649651 -11.03249
v -2.53042 -0.1710663 -11.03249
v -4.124348 -0.1710666 -10.5595
v -4.124348 -0.07649681 -10.5595
v -2.532347 -0.05086836 -11.04092
v -4.127496 -0.05086866 -10.56756
v -2.537941 -0.02774897 -11.06538
v -4.13663 -0.02774927 -10.59093
v -2.861991 -0.05086866 -7.329772
v -2.858844 -0.07649681 -7.321719
v -2.858844 -1.993563 -7.321719
v -3.144135 -1.993563 -8.051635
v -2.871125 -0.02774927 -7.353141
v -2.885352 -0.009401591 -7.38954
v -2.903279 0.002378372 -7.435406
v -2.923151 0.006437389 -7.486248
v -3.079828 0.006437389 -7.887106
v -3.0997 0.002378372 -7.937948
v -3.117627 -0.009401591 -7.983814
v -3.131854 -0.02774927 -8.020212
v -3.140988 -0.05086866 -8.043582
v -3.144135 -0.07649681 -8.051635
v -3.144135 -0.1710666 -8.051635
v -4.124348 -0.1710666 -10.5595
v -3.144135 -0.1710666 -8.051635
v -4.124348 -1.993563 -10.5595
v -4.127496 -0.05086866 -10.56756
v -4.124348 -0.07649681 -10.5595
v -4.409639 -1.993563 -11.28942
v -4.13663 -0.02774927 -10.59093
v -4.150856 -0.009401591 -10.62732
v -4.168784 0.002378372 -10.67319
v -4.188655 0.006437389 -10.72403
v -4.345333 0.006437389 -11.12489
v -4.365205 0.002378372 -11.17573
v -4.383132 -0.009401591 -11.2216
v -4.397358 -0.02774927 -11.258
v -4.406492 -0.05086866 -11.28137
v -4.40964 -0.07649681 -11.28942
v -4.409639 -1.993563 -11.28942
v -2.705118 -1.993562 -11.79646
v -2.705119 -0.07649651 -11.79646
v -4.40964 -0.07649681 -11.28942
v -4.406492 -0.05086866 -11.28137
v -2.703192 -0.05086836 -11.78803
v -4.397358 -0.02774927 -11.258
v -2.697598 -0.02774897 -11.76357
v -1.930183 -1.993562 -8.407623
v -2.858844 -1.993563 -7.321719
v -1.755484 -1.993562 -7.643654
v -3.144135 -1.993563 -8.051635
v -2.53042 -1.993562 -11.03249
v -4.124348 -1.993563 -10.5595
v -2.705118 -1.993562 -11.79646
v -4.409639 -1.993563 -11.28942
v -2.703192 -0.05086836 -11.78803
v -2.705119 -0.07649651 -11.79646
v -2.705118 -1.993562 -11.79646
v -2.697598 -0.02774897 -11.76357
v -2.688886 -0.00940129 -11.72548
v -2.677909 0.002378674 -11.67747
v -2.66574 0.006437691 -11.62426
v -2.569798 0.006437691 -11.2047
v -2.55763 0.002378674 -11.15148
v -2.546652 -0.00940129 -11.10348
v -2.537941 -0.02774897 -11.06538
v -2.532347 -0.05086836 -11.04092
v -2.53042 -0.07649651 -11.03249
v -2.53042 -0.1710663 -11.03249
v -2.53042 -1.993562 -11.03249
v -1.930184 -0.1710663 -8.407623
v -2.53042 -0.1710663 -11.03249
v -1.930183 -1.993562 -8.407623
v -1.755484 -1.993562 -7.643654
v -1.755485 -0.07649651 -7.643654
v -1.757412 -0.05086836 -7.652083
v -1.763005 -0.02774897 -7.676543
v -1.771717 -0.00940129 -7.71464
v -1.782694 0.002378674 -7.762645
v -1.794863 0.006437691 -7.815859
v -1.890805 0.006437691 -8.235418
v -1.902974 0.002378674 -8.288632
v -1.913951 -0.00940129 -8.336638
v -1.922663 -0.02774897 -8.374735
v -1.928256 -0.05086836 -8.399195
v -1.930184 -0.07649651 -8.407623
v -1.755484 -1.993562 -7.643654
v -2.858844 -1.993563 -7.321719
v -2.858844 -0.07649681 -7.321719
v -1.755485 -0.07649651 -7.643654
v -1.757412 -0.05086836 -7.652083
v -2.861991 -0.05086866 -7.329772
v -1.763005 -0.02774897 -7.676543
v -2.871125 -0.02774927 -7.353141
v -1.771717 -0.00940129 -7.71464
v -2.885352 -0.009401591 -7.38954
v -1.782694 0.002378674 -7.762645
v -2.903279 0.002378372 -7.435406
v -1.794863 0.006437691 -7.815859
v -2.923151 0.006437389 -7.486248
v -3.079828 0.006437389 -7.887106
v -1.890805 0.006437691 -8.235418
v -1.902974 0.002378674 -8.288632
v -3.0997 0.002378372 -7.937948
v -1.913951 -0.00940129 -8.336638
v -3.117627 -0.009401591 -7.983814
v -1.922663 -0.02774897 -8.374735
v -3.131854 -0.02774927 -8.020212
v -1.928256 -0.05086836 -8.399195
v -3.140988 -0.05086866 -8.043582
v -1.930184 -0.07649651 -8.407623
v -3.144135 -0.07649681 -8.051635
v -1.930184 -0.1710663 -8.407623
v -3.144135 -0.1710666 -8.051635
v -4.383132 -0.009401591 -11.2216
v -4.397358 -0.02774927 -11.258
v -2.697598 -0.02774897 -11.76357
v -2.688886 -0.00940129 -11.72548
v -4.365205 0.002378372 -11.17573
v -2.677909 0.002378674 -11.67747
v -4.345333 0.006437389 -11.12489
v -2.66574 0.006437691 -11.62426
v -2.569798 0.006437691 -11.2047
v -4.188655 0.006437389 -10.72403
v -4.168784 0.002378372 -10.67319
v -2.55763 0.002378674 -11.15148
v -4.150856 -0.009401591 -10.62732
v -2.546652 -0.00940129 -11.10348
v -4.13663 -0.02774927 -10.59093
v -2.537941 -0.02774897 -11.06538
v -4.124349 -0.07649651 -10.5595
v -4.124349 -0.1710663 -10.5595
v -5.604889 -0.1710666 -9.856133
v -5.604889 -0.07649681 -9.856133
v -4.127496 -0.05086836 -10.56756
v -5.609169 -0.05086866 -9.863647
v -4.13663 -0.02774897 -10.59093
v -5.621588 -0.02774927 -9.885448
v -3.888492 -0.05086866 -6.843048
v -3.884213 -0.07649681 -6.835536
v -3.884212 -1.993563 -6.835536
v -4.272116 -1.993563 -7.51649
v -3.900912 -0.02774927 -6.86485
v -3.920255 -0.009401591 -6.898807
v -3.94463 0.002378372 -6.941596
v -3.971649 0.006437389 -6.989028
v -4.18468 0.006437389 -7.362997
v -4.211699 0.002378372 -7.410429
v -4.236074 -0.009401591 -7.453218
v -4.255418 -0.02774927 -7.487175
v -4.267837 -0.05086866 -7.508977
v -4.272117 -0.07649681 -7.51649
v -4.272117 -0.1710666 -7.51649
v -5.604889 -0.1710666 -9.856133
v -4.272117 -0.1710666 -7.51649
v -5.604888 -1.993563 -9.856133
v -5.609169 -0.05086866 -9.863647
v -5.604889 -0.07649681 -9.856133
v -5.992792 -1.993563 -10.53709
v -5.621588 -0.02774927 -9.885448
v -5.640932 -0.009401591 -9.919406
v -5.665306 0.002378372 -9.962194
v -5.692326 0.006437389 -10.00963
v -5.905356 0.006437389 -10.3836
v -5.932375 0.002378372 -10.43103
v -5.95675 -0.009401591 -10.47382
v -5.976094 -0.02774927 -10.50777
v -5.988513 -0.05086866 -10.52958
v -5.992793 -0.07649681 -10.53709
v -5.992792 -1.993563 -10.53709
v -4.40964 -1.993562 -11.28942
v -4.40964 -0.07649651 -11.28942
v -5.992793 -0.07649681 -10.53709
v -5.988513 -0.05086866 -10.52958
v -4.406493 -0.05086836 -11.28137
v -5.976094 -0.02774927 -10.50777
v -4.397358 -0.02774897 -11.258
v -3.144135 -1.993562 -8.051635
v -3.884212 -1.993563 -6.835536
v -2.858844 -1.993562 -7.321719
v -4.272116 -1.993563 -7.51649
v -4.124348 -1.993562 -10.5595
v -5.604888 -1.993563 -9.856133
v -4.40964 -1.993562 -11.28942
v -5.992792 -1.993563 -10.53709
v -4.406493 -0.05086836 -11.28137
v -4.40964 -0.07649651 -11.28942
v -4.40964 -1.993562 -11.28942
v -4.397358 -0.02774897 -11.258
v -4.383132 -0.00940129 -11.2216
v -4.365205 0.002378674 -11.17573
v -4.345333 0.006437691 -11.12489
v -4.188655 0.006437691 -10.72403
v -4.168784 0.002378674 -10.67319
v -4.150857 -0.00940129 -10.62732
v -4.13663 -0.02774897 -10.59093
v -4.127496 -0.05086836 -10.56756
v -4.124349 -0.07649651 -10.5595
v -4.124349 -0.1710663 -10.5595
v -4.124348 -1.993562 -10.5595
v -3.144135 -0.1710663 -8.051635
v -4.124349 -0.1710663 -10.5595
v -3.144135 -1.993562 -8.051635
v -2.858844 -1.993562 -7.321719
v -2.858844 -0.07649651 -7.321719
v -2.861991 -0.05086836 -7.329772
v -2.871126 -0.02774897 -7.353141
v -2.885352 -0.00940129 -7.38954
v -2.903279 0.002378674 -7.435406
v -2.923151 0.006437691 -7.486248
v -3.079829 0.006437691 -7.887106
v -3.0997 0.002378674 -7.937948
v -3.117627 -0.00940129 -7.983814
v -3.131854 -0.02774897 -8.020212
v -3.140988 -0.05086836 -8.043582
v -3.144135 -0.07649651 -8.051635
v -2.858844 -1.993562 -7.321719
v -3.884212 -1.993563 -6.835536
v -3.884213 -0.07649681 -6.835536
v -2.858844 -0.07649651 -7.321719
v -2.861991 -0.05086836 -7.329772
v -3.888492 -0.05086866 -6.843048
v -2.871126 -0.02774897 -7.353141
v -3.900912 -0.02774927 -6.86485
v -2.885352 -0.00940129 -7.38954
v -3.920255 -0.009401591 -6.898807
v -2.903279 0.002378674 -7.435406
v -3.94463 0.002378372 -6.941596
v -2.923151 0.006437691 -7.486248
v -3.971649 0.006437389 -6.989028
v -4.18468 0.006437389 -7.362997
v -3.079829 0.006437691 -7.887106
v -3.0997 0.002378674 -7.937948
v -4.211699 0.002378372 -7.410429
v -3.117627 -0.00940129 -7.983814
v -4.236074 -0.009401591 -7.453218
v -3.131854 -0.02774897 -8.020212
v -4.255418 -0.02774927 -7.487175
v -3.140988 -0.05086836 -8.043582
v -4.267837 -0.05086866 -7.508977
v -3.144135 -0.07649651 -8.051635
v -4.272117 -0.07649681 -7.51649
v -3.144135 -0.1710663 -8.051635
v -4.272117 -0.1710666 -7.51649
v -5.95675 -0.009401591 -10.47382
v -5.976094 -0.02774927 -10.50777
v -4.397358 -0.02774897 -11.258
v -4.383132 -0.00940129 -11.2216
v -5.932375 0.002378372 -10.43103
v -4.365205 0.002378674 -11.17573
v -5.905356 0.006437389 -10.3836
v -4.345333 0.006437691 -11.12489
v -4.188655 0.006437691 -10.72403
v -5.692326 0.006437389 -10.00963
v -5.665306 0.002378372 -9.962194
v -4.168784 0.002378674 -10.67319
v -5.640932 -0.009401591 -9.919406
v -4.150857 -0.00940129 -10.62732
v -5.621588 -0.02774927 -9.885448
v -4.13663 -0.02774897 -10.59093
v -5.604889 -0.07649651 -9.856133
v -5.604889 -0.1710663 -9.856133
v -6.944684 -0.1710666 -8.940407
v -6.944684 -0.07649681 -8.940407
v -5.609169 -0.05086836 -9.863646
v -6.949991 -0.05086866 -8.947232
v -5.621588 -0.02774897 -9.885448
v -6.965393 -0.02774927 -8.96704
v -4.816173 -0.05086866 -6.202863
v -4.810866 -0.07649681 -6.196037
v -4.810866 -1.993563 -6.196037
v -5.291907 -1.993563 -6.814719
v -4.831574 -0.02774927 -6.222671
v -4.855563 -0.009401591 -6.253523
v -4.885789 0.002378372 -6.292399
v -4.919297 0.006437389 -6.335493
v -5.183477 0.006437389 -6.675263
v -5.216983 0.002378372 -6.718358
v -5.247211 -0.009401591 -6.757234
v -5.271199 -0.02774927 -6.788085
v -5.2866 -0.05086866 -6.807894
v -5.291907 -0.07649681 -6.81472
v -5.291907 -0.1710666 -6.81472
v -6.944684 -0.1710666 -8.940407
v -5.291907 -0.1710666 -6.81472
v -6.944684 -1.993563 -8.940407
v -6.949991 -0.05086866 -8.947232
v -6.944684 -0.07649681 -8.940407
v -7.425725 -1.993563 -9.559089
v -6.965393 -0.02774927 -8.96704
v -6.989381 -0.009401591 -8.997892
v -7.019608 0.002378372 -9.036768
v -7.053114 0.006437389 -9.079863
v -7.317295 0.006437389 -9.419633
v -7.350802 0.002378372 -9.462727
v -7.381029 -0.009401591 -9.501603
v -7.405017 -0.02774927 -9.532455
v -7.420418 -0.05086866 -9.552263
v -7.425725 -0.07649681 -9.559089
v -7.425725 -1.993563 -9.559089
v -5.992793 -1.993562 -10.53709
v -5.992793 -0.07649651 -10.53709
v -7.425725 -0.07649681 -9.559089
v -7.420418 -0.05086866 -9.552263
v -5.988513 -0.05086836 -10.52957
v -7.405017 -0.02774927 -9.532455
v -5.976094 -0.02774897 -10.50777
v -4.272117 -1.993562 -7.51649
v -4.810866 -1.993563 -6.196037
v -3.884213 -1.993562 -6.835536
v -5.291907 -1.993563 -6.814719
v -5.604889 -1.993562 -9.856133
v -6.944684 -1.993563 -8.940407
v -5.992793 -1.993562 -10.53709
v -7.425725 -1.993563 -9.559089
v -5.988513 -0.05086836 -10.52957
v -5.992793 -0.07649651 -10.53709
v -5.992793 -1.993562 -10.53709
v -5.976094 -0.02774897 -10.50777
v -5.95675 -0.00940129 -10.47381
v -5.932375 0.002378674 -10.43103
v -5.905356 0.006437691 -10.38359
v -5.692326 0.006437691 -10.00963
v -5.665306 0.002378674 -9.962193
v -5.640932 -0.00940129 -9.919405
v -5.621588 -0.02774897 -9.885448
v -5.609169 -0.05086836 -9.863646
v -5.604889 -0.07649651 -9.856133
v -5.604889 -0.1710663 -9.856133
v -5.604889 -1.993562 -9.856133
v -4.272117 -0.1710663 -7.516489
v -5.604889 -0.1710663 -9.856133
v -4.272117 -1.993562 -7.51649
v -3.884213 -1.993562 -6.835536
v -3.884213 -0.07649651 -6.835535
v -3.888492 -0.05086836 -6.843047
v -3.900912 -0.02774897 -6.864849
v -3.920255 -0.00940129 -6.898806
v -3.94463 0.002378674 -6.941595
v -3.971649 0.006437691 -6.989027
v -4.18468 0.006437691 -7.362996
v -4.211699 0.002378674 -7.410428
v -4.236074 -0.00940129 -7.453217
v -4.255418 -0.02774897 -7.487174
v -4.267837 -0.05086836 -7.508976
v -4.272117 -0.07649651 -7.516489
v -3.884213 -1.993562 -6.835536
v -4.810866 -1.993563 -6.196037
v -4.810866 -0.07649681 -6.196037
v -3.884213 -0.07649651 -6.835535
v -3.888492 -0.05086836 -6.843047
v -4.816173 -0.05086866 -6.202863
v -3.900912 -0.02774897 -6.864849
v -4.831574 -0.02774927 -6.222671
v -3.920255 -0.00940129 -6.898806
v -4.855563 -0.009401591 -6.253523
v -3.94463 0.002378674 -6.941595
v -4.885789 0.002378372 -6.292399
v -3.971649 0.006437691 -6.989027
v -4.919297 0.006437389 -6.335493
v -5.183477 0.006437389 -6.675263
v -4.18468 0.006437691 -7.362996
v -4.211699 0.002378674 -7.410428
v -5.216983 0.002378372 -6.718358
v -4.236074 -0.00940129 -7.453217
v -5.247211 -0.009401591 -6.757234
v -4.255418 -0.02774897 -7.487174
v -5.271199 -0.02774927 -6.788085
v -4.267837 -0.05086836 -7.508976
v -5.2866 -0.05086866 -6.807894
v -4.272117 -0.07649651 -7.516489
v -5.291907 -0.07649681 -6.81472
v -4.272117 -0.1710663 -7.516489
v -5.291907 -0.1710666 -6.81472
v -7.381029 -0.009401591 -9.501603
v -7.405017 -0.02774927 -9.532455
v -5.976094 -0.02774897 -10.50777
v -5.95675 -0.00940129 -10.47381
v -7.350802 0.002378372 -9.462727
v -5.932375 0.002378674 -10.43103
v -7.317295 0.006437389 -9.419633
v -5.905356 0.006437691 -10.38359
v -5.692326 0.006437691 -10.00963
v -7.053114 0.006437389 -9.079863
v -7.019608 0.002378372 -9.036768
v -5.665306 0.002378674 -9.962193
v -6.989381 -0.009401591 -8.997892
v -5.640932 -0.00940129 -9.919405
v -6.965393 -0.02774927 -8.96704
v -5.621588 -0.02774897 -9.885448
v -6.944685 -0.07649651 -8.940407
v -6.944685 -0.1710663 -8.940407
v -8.140366 -0.1710666 -7.854304
v -8.140366 -0.07649681 -7.854304
v -6.949992 -0.05086836 -8.947232
v -8.146587 -0.05086866 -7.860309
v -6.965393 -0.02774897 -8.96704
v -8.164641 -0.02774927 -7.877733
v -5.645215 -0.05086866 -5.446209
v -5.638993 -0.07649681 -5.440205
v -5.638993 -1.993563 -5.440205
v -6.202895 -1.993563 -5.984432
v -5.663269 -0.02774927 -5.463633
v -5.691389 -0.009401591 -5.490773
v -5.726823 0.002378372 -5.52497
v -5.766101 0.006437389 -5.562878
v -6.075787 0.006437389 -5.861759
v -6.115066 0.002378372 -5.899667
v -6.150499 -0.009401591 -5.933864
v -6.178619 -0.02774927 -5.961003
v -6.196674 -0.05086866 -5.978428
v -6.202895 -0.07649681 -5.984432
v -6.202895 -0.1710666 -5.984432
v -8.140366 -0.1710666 -7.854304
v -6.202895 -0.1710666 -5.984432
v -8.140366 -1.993563 -7.854304
v -8.146587 -0.05086866 -7.860309
v -8.140366 -0.07649681 -7.854304
v -8.704268 -1.993563 -8.398532
v -8.164641 -0.02774927 -7.877733
v -8.192761 -0.009401591 -7.904872
v -8.228195 0.002378372 -7.93907
v -8.267474 0.006437389 -7.976978
v -8.57716 0.006437389 -8.275859
v -8.616438 0.002378372 -8.313766
v -8.651872 -0.009401591 -8.347964
v -8.679992 -0.02774927 -8.375103
v -8.698047 -0.05086866 -8.392528
v -8.704268 -0.07649681 -8.398532
v -8.704268 -1.993563 -8.398532
v -7.425725 -1.993562 -9.559089
v -7.425726 -0.07649651 -9.559089
v -8.704268 -0.07649681 -8.398532
v -8.698047 -0.05086866 -8.392528
v -7.420419 -0.05086836 -9.552263
v -8.679992 -0.02774927 -8.375103
v -7.405017 -0.02774897 -9.532455
v -5.291907 -1.993562 -6.81472
v -5.638993 -1.993563 -5.440205
v -4.810866 -1.993562 -6.196037
v -6.202895 -1.993563 -5.984432
v -6.944684 -1.993562 -8.940407
v -8.140366 -1.993563 -7.854304
v -7.425725 -1.993562 -9.559089
v -8.704268 -1.993563 -8.398532
v -7.420419 -0.05086836 -9.552263
v -7.425726 -0.07649651 -9.559089
v -7.425725 -1.993562 -9.559089
v -7.405017 -0.02774897 -9.532455
v -7.381029 -0.00940129 -9.501603
v -7.350802 0.002378674 -9.462727
v -7.317295 0.006437691 -9.419633
v -7.053115 0.006437691 -9.079863
v -7.019608 0.002378674 -9.036768
v -6.989381 -0.00940129 -8.997892
v -6.965393 -0.02774897 -8.96704
v -6.949992 -0.05086836 -8.947232
v -6.944685 -0.07649651 -8.940407
v -6.944685 -0.1710663 -8.940407
v -6.944684 -1.993562 -8.940407
v -5.291908 -0.1710663 -6.81472
v -6.944685 -0.1710663 -8.940407
v -5.291907 -1.993562 -6.81472
v -4.810866 -1.993562 -6.196037
v -4.810866 -0.07649651 -6.196037
v -4.816174 -0.05086836 -6.202863
v -4.831575 -0.02774897 -6.222671
v -4.855563 -0.00940129 -6.253523
v -4.88579 0.002378674 -6.292399
v -4.919297 0.006437691 -6.335493
v -5.183477 0.006437691 -6.675263
v -5.216984 0.002378674 -6.718358
v -5.247211 -0.00940129 -6.757234
v -5.271199 -0.02774897 -6.788085
v -5.286601 -0.05086836 -6.807894
v -5.291908 -0.07649651 -6.81472
v -4.810866 -1.993562 -6.196037
v -5.638993 -1.993563 -5.440205
v -5.638993 -0.07649681 -5.440205
v -4.810866 -0.07649651 -6.196037
v -4.816174 -0.05086836 -6.202863
v -5.645215 -0.05086866 -5.446209
v -4.831575 -0.02774897 -6.222671
v -5.663269 -0.02774927 -5.463633
v -4.855563 -0.00940129 -6.253523
v -5.691389 -0.009401591 -5.490773
v -4.88579 0.002378674 -6.292399
v -5.726823 0.002378372 -5.52497
v -4.919297 0.006437691 -6.335493
v -5.766101 0.006437389 -5.562878
v -6.075787 0.006437389 -5.861759
v -5.183477 0.006437691 -6.675263
v -5.216984 0.002378674 -6.718358
v -6.115066 0.002378372 -5.899667
v -5.247211 -0.00940129 -6.757234
v -6.150499 -0.009401591 -5.933864
v -5.271199 -0.02774897 -6.788085
v -6.178619 -0.02774927 -5.961003
v -5.286601 -0.05086836 -6.807894
v -6.196674 -0.05086866 -5.978428
v -5.291908 -0.07649651 -6.81472
v -6.202895 -0.07649681 -5.984432
v -5.291908 -0.1710663 -6.81472
v -6.202895 -0.1710666 -5.984432
v -8.651872 -0.009401591 -8.347964
v -8.679992 -0.02774927 -8.375103
v -7.405017 -0.02774897 -9.532455
v -7.381029 -0.00940129 -9.501603
v -8.616438 0.002378372 -8.313766
v -7.350802 0.002378674 -9.462727
v -8.57716 0.006437389 -8.275859
v -7.317295 0.006437691 -9.419633
v -7.053115 0.006437691 -9.079863
v -8.267474 0.006437389 -7.976978
v -8.228195 0.002378372 -7.93907
v -7.019608 0.002378674 -9.036768
v -8.192761 -0.009401591 -7.904872
v -6.989381 -0.00940129 -8.997892
v -8.164641 -0.02774927 -7.877733
v -6.965393 -0.02774897 -8.96704
v -8.140366 -0.07649651 -7.854304
v -8.140366 -0.1710663 -7.854304
v -9.175736 -0.1710666 -6.614078
v -9.175736 -0.07649681 -6.614078
v -8.146587 -0.05086836 -7.860309
v -9.182748 -0.05086866 -6.619138
v -8.164641 -0.02774897 -7.877733
v -9.203094 -0.02774927 -6.633822
v -6.36392 -0.05086866 -4.584696
v -6.356909 -0.07649681 -4.579636
v -6.356909 -1.993563 -4.579637
v -6.992377 -1.993563 -5.038275
v -6.384265 -0.02774927 -4.59938
v -6.415955 -0.009401591 -4.622251
v -6.455885 0.002378372 -4.651071
v -6.500149 0.006437389 -4.683017
v -6.849137 0.006437389 -4.934894
v -6.893401 0.002378372 -4.96684
v -6.933331 -0.009401591 -4.995659
v -6.965021 -0.02774927 -5.01853
v -6.985366 -0.05086866 -5.033215
v -6.992377 -0.07649681 -5.038274
v -6.992377 -0.1710666 -5.038274
v -9.175736 -0.1710666 -6.614078
v -6.992377 -0.1710666 -5.038274
v -9.175736 -1.993563 -6.614078
v -9.182748 -0.05086866 -6.619138
v -9.175736 -0.07649681 -6.614078
v -9.811205 -1.993563 -7.072716
v -9.203094 -0.02774927 -6.633822
v -9.234782 -0.009401591 -6.656693
v -9.274713 0.002378372 -6.685513
v -9.318976 0.006437389 -6.717459
v -9.667965 0.006437389 -6.969336
v -9.712229 0.002378372 -7.001282
v -9.752159 -0.009401591 -7.030101
v -9.783848 -0.02774927 -7.052972
v -9.804193 -0.05086866 -7.067657
v -9.811205 -0.07649681 -7.072716
v -9.811205 -1.993563 -7.072716
v -8.704268 -1.993562 -8.398532
v -8.704268 -0.07649651 -8.398532
v -9.811205 -0.07649681 -7.072716
v -9.804193 -0.05086866 -7.067657
v -8.698047 -0.05086836 -8.392528
v -9.783848 -0.02774927 -7.052972
v -8.679993 -0.02774897 -8.375103
v -6.202895 -1.993562 -5.984432
v -6.356909 -1.993563 -4.579637
v -5.638993 -1.993562 -5.440205
v -6.992377 -1.993563 -5.038275
v -8.140366 -1.993562 -7.854304
v -9.175736 -1.993563 -6.614078
v -8.704268 -1.993562 -8.398532
v -9.811205 -1.993563 -7.072716
v -8.698047 -0.05086836 -8.392528
v -8.704268 -0.07649651 -8.398532
v -8.704268 -1.993562 -8.398532
v -8.679993 -0.02774897 -8.375103
v -8.651872 -0.00940129 -8.347964
v -8.616438 0.002378674 -8.313766
v -8.57716 0.006437691 -8.275858
v -8.267474 0.006437691 -7.976978
v -8.228195 0.002378674 -7.93907
v -8.192761 -0.00940129 -7.904872
v -8.164641 -0.02774897 -7.877733
v -8.146587 -0.05086836 -7.860309
v -8.140366 -0.07649651 -7.854304
v -8.140366 -0.1710663 -7.854304
v -8.140366 -1.993562 -7.854304
v -6.202895 -0.1710663 -5.984432
v -8.140366 -0.1710663 -7.854304
v -6.202895 -1.993562 -5.984432
v -5.638993 -1.993562 -5.440205
v -5.638993 -0.07649651 -5.440205
v -5.645214 -0.05086836 -5.446209
v -5.663269 -0.02774897 -5.463634
v -5.691389 -0.00940129 -5.490773
v -5.726823 0.002378674 -5.52497
v -5.766101 0.006437691 -5.562878
v -6.075787 0.006437691 -5.861759
v -6.115065 0.002378674 -5.899667
v -6.150499 -0.00940129 -5.933864
v -6.178619 -0.02774897 -5.961003
v -6.196674 -0.05086836 -5.978428
v -6.202895 -0.07649651 -5.984432
v -5.638993 -1.993562 -5.440205
v -6.356909 -1.993563 -4.579637
v -6.356909 -0.07649681 -4.579636
v -5.638993 -0.07649651 -5.440205
v -5.645214 -0.05086836 -5.446209
v -6.36392 -0.05086866 -4.584696
v -5.663269 -0.02774897 -5.463634
v -6.384265 -0.02774927 -4.59938
v -5.691389 -0.00940129 -5.490773
v -6.415955 -0.009401591 -4.622251
v -5.726823 0.002378674 -5.52497
v -6.455885 0.002378372 -4.651071
v -5.766101 0.006437691 -5.562878
v -6.500149 0.006437389 -4.683017
v -6.849137 0.006437389 -4.934894
v -6.075787 0.006437691 -5.861759
v -6.115065 0.002378674 -5.899667
v -6.893401 0.002378372 -4.96684
v -6.150499 -0.00940129 -5.933864
v -6.933331 -0.009401591 -4.995659
v -6.178619 -0.02774897 -5.961003
v -6.965021 -0.02774927 -5.01853
v -6.196674 -0.05086836 -5.978428
v -6.985366 -0.05086866 -5.033215
v -6.202895 -0.07649651 -5.984432
v -6.992377 -0.07649681 -5.038274
v -6.202895 -0.1710663 -5.984432
v -6.992377 -0.1710666 -5.038274
v -9.752159 -0.009401591 -7.030101
v -9.783848 -0.02774927 -7.052972
v -8.679993 -0.02774897 -8.375103
v -8.651872 -0.00940129 -8.347964
v -9.712229 0.002378372 -7.001282
v -8.616438 0.002378674 -8.313766
v -9.667965 0.006437389 -6.969336
v -8.57716 0.006437691 -8.275858
v -8.267474 0.006437691 -7.976978
v -9.318976 0.006437389 -6.717459
v -9.274713 0.002378372 -6.685513
v -8.228195 0.002378674 -7.93907
v -9.234782 -0.009401591 -6.656693
v -8.192761 -0.00940129 -7.904872
v -9.203094 -0.02774927 -6.633822
v -8.164641 -0.02774897 -7.877733
v -9.175736 -0.07649651 -6.614078
v -9.175736 -0.1710663 -6.614078
v -10.03436 -0.1710666 -5.235928
v -10.03436 -0.07649681 -5.235928
v -9.182748 -0.05086836 -6.619138
v -10.04203 -0.05086866 -5.239932
v -9.203094 -0.02774897 -6.633822
v -10.06426 -0.02774927 -5.251552
v -6.960969 -0.05086866 -3.630016
v -6.953306 -0.07649681 -3.626012
v -6.953306 -1.993563 -3.626012
v -7.64789 -1.993563 -3.988947
v -6.983207 -0.02774927 -3.641636
v -7.017844 -0.009401591 -3.659734
v -7.06149 0.002378372 -3.68254
v -7.109871 0.006437389 -3.70782
v -7.491325 0.006437389 -3.907138
v -7.539706 0.002378372 -3.932418
v -7.583352 -0.009401591 -3.955224
v -7.617989 -0.02774927 -3.973322
v -7.640227 -0.05086866 -3.984942
v -7.64789 -0.07649681 -3.988946
v -7.64789 -0.1710666 -3.988946
v -10.03436 -0.1710666 -5.235928
v -7.64789 -0.1710666 -3.988946
v -10.03436 -1.993563 -5.235929
v -10.04203 -0.05086866 -5.239932
v -10.03436 -0.07649681 -5.235928
v -10.72895 -1.993563 -5.598863
v -10.06426 -0.02774927 -5.251552
v -10.0989 -0.009401591 -5.269651
v -10.14255 0.002378372 -5.292456
v -10.19093 0.006437389 -5.317737
v -10.57238 0.006437389 -5.517054
v -10.62076 0.002378372 -5.542335
v -10.66441 -0.009401591 -5.56514
v -10.69905 -0.02774927 -5.583239
v -10.72128 -0.05086866 -5.594859
v -10.72895 -0.07649681 -5.598863
v -10.72895 -1.993563 -5.598863
v -9.811205 -1.993562 -7.072716
v -9.811205 -0.07649651 -7.072716
v -10.72895 -0.07649681 -5.598863
v -10.72128 -0.05086866 -5.594859
v -9.804193 -0.05086836 -7.067657
v -10.69905 -0.02774927 -5.583239
v -9.783848 -0.02774897 -7.052972
v -6.992377 -1.993562 -5.038274
v -6.953306 -1.993563 -3.626012
v -6.356909 -1.993562 -4.579636
v -7.64789 -1.993563 -3.988947
v -9.175736 -1.993562 -6.614078
v -10.03436 -1.993563 -5.235929
v -9.811205 -1.993562 -7.072716
v -10.72895 -1.993563 -5.598863
v -9.804193 -0.05086836 -7.067657
v -9.811205 -0.07649651 -7.072716
v -9.811205 -1.993562 -7.072716
v -9.783848 -0.02774897 -7.052972
v -9.752159 -0.00940129 -7.030101
v -9.712229 0.002378674 -7.001282
v -9.667965 0.006437691 -6.969336
v -9.318976 0.006437691 -6.717459
v -9.274713 0.002378674 -6.685513
v -9.234782 -0.00940129 -6.656693
v -9.203094 -0.02774897 -6.633822
v -9.182748 -0.05086836 -6.619138
v -9.175736 -0.07649651 -6.614078
v -9.175736 -0.1710663 -6.614078
v -9.175736 -1.993562 -6.614078
v -6.992377 -0.1710663 -5.038274
v -9.175736 -0.1710663 -6.614078
v -6.992377 -1.993562 -5.038274
v -6.356909 -1.993562 -4.579636
v -6.356909 -0.07649651 -4.579636
v -6.36392 -0.05086836 -4.584696
v -6.384265 -0.02774897 -4.59938
v -6.415955 -0.00940129 -4.622251
v -6.455885 0.002378674 -4.651071
v -6.500149 0.006437691 -4.683017
v -6.849137 0.006437691 -4.934894
v -6.893401 0.002378674 -4.96684
v -6.933331 -0.00940129 -4.995659
v -6.965021 -0.02774897 -5.01853
v -6.985366 -0.05086836 -5.033215
v -6.992377 -0.07649651 -5.038274
v -6.356909 -1.993562 -4.579636
v -6.953306 -1.993563 -3.626012
v -6.953306 -0.07649681 -3.626012
v -6.356909 -0.07649651 -4.579636
v -6.36392 -0.05086836 -4.584696
v -6.960969 -0.05086866 -3.630016
v -6.384265 -0.02774897 -4.59938
v -6.983207 -0.02774927 -3.641636
v -6.415955 -0.00940129 -4.622251
v -7.017844 -0.009401591 -3.659734
v -6.455885 0.002378674 -4.651071
v -7.06149 0.002378372 -3.68254
v -6.500149 0.006437691 -4.683017
v -7.109871 0.006437389 -3.70782
v -7.491325 0.006437389 -3.907138
v -6.849137 0.006437691 -4.934894
v -6.893401 0.002378674 -4.96684
v -7.539706 0.002378372 -3.932418
v -6.933331 -0.00940129 -4.995659
v -7.583352 -0.009401591 -3.955224
v -6.965021 -0.02774897 -5.01853
v -7.617989 -0.02774927 -3.973322
v -6.985366 -0.05086836 -5.033215
v -7.640227 -0.05086866 -3.984942
v -6.992377 -0.07649651 -5.038274
v -7.64789 -0.07649681 -3.988946
v -6.992377 -0.1710663 -5.038274
v -7.64789 -0.1710666 -3.988946
v -10.66441 -0.009401591 -5.56514
v -10.69905 -0.02774927 -5.583239
v -9.783848 -0.02774897 -7.052972
v -9.752159 -0.00940129 -7.030101
v -10.62076 0.002378372 -5.542335
v -9.712229 0.002378674 -7.001282
v -10.57238 0.006437389 -5.517054
v -9.667965 0.006437691 -6.969336
v -9.318976 0.006437691 -6.717459
v -10.19093 0.006437389 -5.317737
v -10.14255 0.002378372 -5.292456
v -9.274713 0.002378674 -6.685513
v -10.0989 -0.009401591 -5.269651
v -9.234782 -0.00940129 -6.656693
v -10.06426 -0.02774927 -5.251552
v -9.203094 -0.02774897 -6.633822
v -10.03436 -0.07649651 -5.235928
v -10.03436 -0.1710663 -5.235928
v -10.69946 -0.1710666 -3.736362
v -10.69946 -0.07649681 -3.736362
v -10.04203 -0.05086836 -5.239932
v -10.70762 -0.05086866 -3.739212
v -10.06426 -0.02774897 -5.251552
v -10.73131 -0.02774927 -3.747483
v -7.425582 -0.05086866 -2.593376
v -7.41742 -0.07649681 -2.590527
v -7.41742 -1.993563 -2.590527
v -8.157313 -1.993563 -2.84884
v -7.449271 -0.02774927 -2.601647
v -7.486168 -0.009401591 -2.614528
v -7.53266 0.002378372 -2.63076
v -7.584198 0.006437389 -2.648753
v -7.990535 0.006437389 -2.790614
v -8.042072 0.002378372 -2.808607
v -8.088565 -0.009401591 -2.824839
v -8.125462 -0.02774927 -2.83772
v -8.149151 -0.05086866 -2.84599
v -8.157313 -0.07649681 -2.84884
v -8.157313 -0.1710666 -2.84884
v -10.69946 -0.1710666 -3.736362
v -8.157313 -0.1710666 -2.84884
v -10.69946 -1.993563 -3.736363
v -10.70762 -0.05086866 -3.739212
v -10.69946 -0.07649681 -3.736362
v -11.43936 -1.993563 -3.994676
v -10.73131 -0.02774927 -3.747483
v -10.76821 -0.009401591 -3.760364
v -10.8147 0.002378372 -3.776596
v -10.86624 0.006437389 -3.794588
v -11.27258 0.006437389 -3.93645
v -11.32411 0.002378372 -3.954443
v -11.37061 -0.009401591 -3.970675
v -11.4075 -0.02774927 -3.983556
v -11.43119 -0.05086866 -3.991826
v -11.43936 -0.07649681 -3.994676
v -11.43936 -1.993563 -3.994676
v -10.72895 -1.993562 -5.598863
v -10.72895 -0.07649651 -5.598863
v -11.43936 -0.07649681 -3.994676
v -11.43119 -0.05086866 -3.991826
v -10.72128 -0.05086836 -5.594859
v -11.4075 -0.02774927 -3.983556
v -10.69905 -0.02774897 -5.583239
v -7.64789 -1.993562 -3.988946
v -7.41742 -1.993563 -2.590527
v -6.953306 -1.993562 -3.626012
v -8.157313 -1.993563 -2.84884
v -10.03436 -1.993562 -5.235928
v -10.69946 -1.993563 -3.736363
v -10.72895 -1.993562 -5.598863
v -11.43936 -1.993563 -3.994676
v -10.72128 -0.05086836 -5.594859
v -10.72895 -0.07649651 -5.598863
v -10.72895 -1.993562 -5.598863
v -10.69905 -0.02774897 -5.583239
v -10.66441 -0.00940129 -5.56514
v -10.62076 0.002378674 -5.542335
v -10.57238 0.006437691 -5.517054
v -10.19093 0.006437691 -5.317736
v -10.14255 0.002378674 -5.292456
v -10.0989 -0.00940129 -5.26965
v -10.06426 -0.02774897 -5.251552
v -10.04203 -0.05086836 -5.239932
v -10.03436 -0.07649651 -5.235928
v -10.03436 -0.1710663 -5.235928
v -10.03436 -1.993562 -5.235928
v -7.64789 -0.1710663 -3.988946
v -10.03436 -0.1710663 -5.235928
v -7.64789 -1.993562 -3.988946
v -6.953306 -1.993562 -3.626012
v -6.953306 -0.07649651 -3.626012
v -6.960969 -0.05086836 -3.630016
v -6.983207 -0.02774897 -3.641636
v -7.017844 -0.00940129 -3.659734
v -7.06149 0.002378674 -3.68254
v -7.109871 0.006437691 -3.70782
v -7.491325 0.006437691 -3.907138
v -7.539706 0.002378674 -3.932418
v -7.583352 -0.00940129 -3.955224
v -7.617989 -0.02774897 -3.973322
v -7.640227 -0.05086836 -3.984942
v -7.64789 -0.07649651 -3.988946
v -6.953306 -1.993562 -3.626012
v -7.41742 -1.993563 -2.590527
v -7.41742 -0.07649681 -2.590527
v -6.953306 -0.07649651 -3.626012
v -6.960969 -0.05086836 -3.630016
v -7.425582 -0.05086866 -2.593376
v -6.983207 -0.02774897 -3.641636
v -7.449271 -0.02774927 -2.601647
v -7.017844 -0.00940129 -3.659734
v -7.486168 -0.009401591 -2.614528
v -7.06149 0.002378674 -3.68254
v -7.53266 0.002378372 -2.63076
v -7.109871 0.006437691 -3.70782
v -7.584198 0.006437389 -2.648753
v -7.990535 0.006437389 -2.790614
v -7.491325 0.006437691 -3.907138
v -7.539706 0.002378674 -3.932418
v -8.042072 0.002378372 -2.808607
v -7.583352 -0.00940129 -3.955224
v -8.088565 -0.009401591 -2.824839
v -7.617989 -0.02774897 -3.973322
v -8.125462 -0.02774927 -2.83772
v -7.640227 -0.05086836 -3.984942
v -8.149151 -0.05086866 -2.84599
v -7.64789 -0.07649651 -3.988946
v -8.157313 -0.07649681 -2.84884
v -7.64789 -0.1710663 -3.988946
v -8.157313 -0.1710666 -2.84884
v -11.37061 -0.009401591 -3.970675
v -11.4075 -0.02774927 -3.983556
v -10.69905 -0.02774897 -5.583239
v -10.66441 -0.00940129 -5.56514
v -11.32411 0.002378372 -3.954443
v -10.62076 0.002378674 -5.542335
v -11.27258 0.006437389 -3.93645
v -10.57238 0.006437691 -5.517054
v -10.19093 0.006437691 -5.317736
v -10.86624 0.006437389 -3.794588
v -10.8147 0.002378372 -3.776596
v -10.14255 0.002378674 -5.292456
v -10.76821 -0.009401591 -3.760364
v -10.0989 -0.00940129 -5.26965
v -10.73131 -0.02774927 -3.747483
v -10.06426 -0.02774897 -5.251552
v -10.69946 -0.07649651 -3.736362
v -10.69946 -0.1710663 -3.736362
v -11.13993 -0.1710666 -2.127527
v -11.13993 -0.07649681 -2.127527
v -10.70762 -0.05086836 -3.739212
v -11.14842 -0.05086866 -2.129141
v -10.73131 -0.02774897 -3.747482
v -11.17307 -0.02774927 -2.133825
v -7.733217 -0.05086866 -1.480192
v -7.724723 -0.07649681 -1.478578
v -7.724723 -1.993563 -1.478578
v -8.494637 -1.993563 -1.624875
v -7.757867 -0.02774927 -1.484876
v -7.796261 -0.009401591 -1.492172
v -7.84464 0.002378372 -1.501364
v -7.898268 0.006437389 -1.511555
v -8.321092 0.006437389 -1.591899
v -8.37472 0.002378372 -1.602089
v -8.423099 -0.009401591 -1.611282
v -8.461492 -0.02774927 -1.618577
v -8.486142 -0.05086866 -1.623261
v -8.494637 -0.07649681 -1.624875
v -8.494637 -0.1710666 -1.624875
v -11.13993 -0.1710666 -2.127527
v -8.494637 -0.1710666 -1.624875
v -11.13993 -1.993563 -2.127528
v -11.14842 -0.05086866 -2.129141
v -11.13993 -0.07649681 -2.127527
v -11.90984 -1.993563 -2.273825
v -11.17307 -0.02774927 -2.133825
v -11.21146 -0.009401591 -2.141121
v -11.25984 0.002378372 -2.150314
v -11.31347 0.006437389 -2.160504
v -11.73629 0.006437389 -2.240848
v -11.78992 0.002378372 -2.251038
v -11.8383 -0.009401591 -2.260231
v -11.87669 -0.02774927 -2.267526
v -11.90134 -0.05086866 -2.27221
v -11.90984 -0.07649681 -2.273824
v -11.90984 -1.993563 -2.273825
v -11.43936 -1.993562 -3.994676
v -11.43936 -0.07649651 -3.994676
v -11.90984 -0.07649681 -2.273824
v -11.90134 -0.05086866 -2.27221
v -11.43119 -0.05086836 -3.991826
v -11.87669 -0.02774927 -2.267526
v -11.4075 -0.02774897 -3.983556
v -8.157313 -1.993562 -2.84884
v -7.724723 -1.993563 -1.478578
v -7.41742 -1.993562 -2.590527
v -8.494637 -1.993563 -1.624875
v -10.69946 -1.993562 -3.736362
v -11.13993 -1.993563 -2.127528
v -11.43936 -1.993562 -3.994676
v -11.90984 -1.993563 -2.273825
v -11.43119 -0.05086836 -3.991826
v -11.43936 -0.07649651 -3.994676
v -11.43936 -1.993562 -3.994676
v -11.4075 -0.02774897 -3.983556
v -11.37061 -0.00940129 -3.970674
v -11.32411 0.002378674 -3.954443
v -11.27258 0.006437691 -3.93645
v -10.86624 0.006437691 -3.794588
v -10.8147 0.002378674 -3.776595
v -10.76821 -0.00940129 -3.760364
v -10.73131 -0.02774897 -3.747482
v -10.70762 -0.05086836 -3.739212
v -10.69946 -0.07649651 -3.736362
v -10.69946 -0.1710663 -3.736362
v -10.69946 -1.993562 -3.736362
v -8.157313 -0.1710663 -2.84884
v -10.69946 -0.1710663 -3.736362
v -8.157313 -1.993562 -2.84884
v -7.41742 -1.993562 -2.590527
v -7.41742 -0.07649651 -2.590527
v -7.425582 -0.05086836 -2.593376
v -7.449271 -0.02774897 -2.601647
v -7.486168 -0.00940129 -2.614528
v -7.53266 0.002378674 -2.63076
v -7.584198 0.006437691 -2.648752
v -7.990535 0.006437691 -2.790614
v -8.042072 0.002378674 -2.808607
v -8.088565 -0.00940129 -2.824838
v -8.125462 -0.02774897 -2.83772
v -8.149151 -0.05086836 -2.84599
v -8.157313 -0.07649651 -2.84884
v -7.41742 -1.993562 -2.590527
v -7.724723 -1.993563 -1.478578
v -7.724723 -0.07649681 -1.478578
v -7.41742 -0.07649651 -2.590527
v -7.425582 -0.05086836 -2.593376
v -7.733217 -0.05086866 -1.480192
v -7.449271 -0.02774897 -2.601647
v -7.757867 -0.02774927 -1.484876
v -7.486168 -0.00940129 -2.614528
v -7.796261 -0.009401591 -1.492172
v -7.53266 0.002378674 -2.63076
v -7.84464 0.002378372 -1.501364
v -7.584198 0.006437691 -2.648752
v -7.898268 0.006437389 -1.511555
v -8.321092 0.006437389 -1.591899
v -7.990535 0.006437691 -2.790614
v -8.042072 0.002378674 -2.808607
v -8.37472 0.002378372 -1.602089
v -8.088565 -0.00940129 -2.824838
v -8.423099 -0.009401591 -1.611282
v -8.125462 -0.02774897 -2.83772
v -8.461492 -0.02774927 -1.618577
v -8.149151 -0.05086836 -2.84599
v -8.486142 -0.05086866 -1.623261
v -8.157313 -0.07649651 -2.84884
v -8.494637 -0.07649681 -1.624875
v -8.157313 -0.1710663 -2.84884
v -8.494637 -0.1710666 -1.624875
v -11.8383 -0.009401591 -2.260231
v -11.87669 -0.02774927 -2.267526
v -11.4075 -0.02774897 -3.983556
v -11.37061 -0.00940129 -3.970674
v -11.78992 0.002378372 -2.251038
v -11.32411 0.002378674 -3.954443
v -11.73629 0.006437389 -2.240848
v -11.27258 0.006437691 -3.93645
v -10.86624 0.006437691 -3.794588
v -11.31347 0.006437389 -2.160504
v -11.25984 0.002378372 -2.150314
v -10.8147 0.002378674 -3.776595
v -11.21146 -0.009401591 -2.141121
v -10.76821 -0.00940129 -3.760364
v -11.17307 -0.02774927 -2.133825
v -10.73131 -0.02774897 -3.747482
v -11.13993 -0.07649651 -2.127527
v -11.13993 -0.1710663 -2.127527
v -11.31164 -0.1710666 -0.4268064
v -11.31164 -0.07649681 -0.4268064
v -11.14842 -0.05086836 -2.129141
v -11.32028 -0.05086866 -0.4271312
v -11.17307 -0.02774897 -2.133825
v -11.34535 -0.02774927 -0.4280739
v -7.846422 -0.05086866 -0.2965212
v -7.837782 -0.07649681 -0.2961964
v -7.837782 -1.993563 -0.2961965
v -8.620917 -1.993563 -0.3256409
v -7.871495 -0.02774927 -0.2974639
v -7.910548 -0.009401591 -0.2989322
v -7.959758 0.002378372 -0.3007824
v -8.014307 0.006437389 -0.3028333
v -8.444392 0.006437389 -0.3190037
v -8.498941 0.002378372 -0.3210546
v -8.548151 -0.009401591 -0.3229048
v -8.587204 -0.02774927 -0.3243731
v -8.612278 -0.05086866 -0.3253159
v -8.620917 -0.07649681 -0.3256407
v -8.620917 -0.1710666 -0.3256407
v -11.31164 -0.1710666 -0.4268064
v -8.620917 -0.1710666 -0.3256407
v -11.31164 -1.993563 -0.4268066
v -11.32028 -0.05086866 -0.4271312
v -11.31164 -0.07649681 -0.4268064
v -12.09477 -1.993563 -0.456251
v -11.34535 -0.02774927 -0.4280739
v -11.38441 -0.009401591 -0.4295422
v -11.43361 0.002378372 -0.4313924
v -11.48816 0.006437389 -0.4334434
v -11.91825 0.006437389 -0.4496137
v -11.9728 0.002378372 -0.4516647
v -12.02201 -0.009401591 -0.4535148
v -12.06106 -0.02774927 -0.4549831
v -12.08613 -0.05086866 -0.4559259
v -12.09477 -0.07649681 -0.4562507
v -12.09477 -1.993563 -0.456251
v -11.90984 -1.993562 -2.273824
v -11.90984 -0.07649651 -2.273824
v -12.09477 -0.07649681 -0.4562507
v -12.08613 -0.05086866 -0.4559259
v -11.90134 -0.05086836 -2.27221
v -12.06106 -0.02774927 -0.4549831
v -11.87669 -0.02774897 -2.267526
v -8.494637 -1.993562 -1.624875
v -7.837782 -1.993563 -0.2961965
v -7.724723 -1.993562 -1.478578
v -8.620917 -1.993563 -0.3256409
v -11.13993 -1.993562 -2.127527
v -11.31164 -1.993563 -0.4268066
v -11.90984 -1.993562 -2.273824
v -12.09477 -1.993563 -0.456251
v -11.90134 -0.05086836 -2.27221
v -11.90984 -0.07649651 -2.273824
v -11.90984 -1.993562 -2.273824
v -11.87669 -0.02774897 -2.267526
v -11.8383 -0.00940129 -2.260231
v -11.78992 0.002378674 -2.251038
v -11.73629 0.006437691 -2.240848
v -11.31347 0.006437691 -2.160504
v -11.25984 0.002378674 -2.150313
v -11.21146 -0.00940129 -2.14112
v -11.17307 -0.02774897 -2.133825
v -11.14842 -0.05086836 -2.129141
v -11.13993 -0.07649651 -2.127527
v -11.13993 -0.1710663 -2.127527
v -11.13993 -1.993562 -2.127527
v -8.494636 -0.1710663 -1.624875
v -11.13993 -0.1710663 -2.127527
v -8.494637 -1.993562 -1.624875
v -7.724723 -1.993562 -1.478578
v -7.724723 -0.07649651 -1.478578
v -7.733217 -0.05086836 -1.480192
v -7.757867 -0.02774897 -1.484876
v -7.796261 -0.00940129 -1.492171
v -7.84464 0.002378674 -1.501364
v -7.898268 0.006437691 -1.511554
v -8.321092 0.006437691 -1.591898
v -8.37472 0.002378674 -1.602089
v -8.423099 -0.00940129 -1.611282
v -8.461492 -0.02774897 -1.618577
v -8.486142 -0.05086836 -1.623261
v -8.494636 -0.07649651 -1.624875
v -7.724723 -1.993562 -1.478578
v -7.837782 -1.993563 -0.2961965
v -7.837782 -0.07649681 -0.2961964
v -7.724723 -0.07649651 -1.478578
v -7.733217 -0.05086836 -1.480192
v -7.846422 -0.05086866 -0.2965212
v -7.757867 -0.02774897 -1.484876
v -7.871495 -0.02774927 -0.2974639
v -7.796261 -0.00940129 -1.492171
v -7.910548 -0.009401591 -0.2989322
v -7.84464 0.002378674 -1.501364
v -7.959758 0.002378372 -0.3007824
v -7.898268 0.006437691 -1.511554
v -8.014307 0.006437389 -0.3028333
v -8.444392 0.006437389 -0.3190037
v -8.321092 0.006437691 -1.591898
v -8.37472 0.002378674 -1.602089
v -8.498941 0.002378372 -0.3210546
v -8.423099 -0.00940129 -1.611282
v -8.548151 -0.009401591 -0.3229048
v -8.461492 -0.02774897 -1.618577
v -8.587204 -0.02774927 -0.3243731
v -8.486142 -0.05086836 -1.623261
v -8.612278 -0.05086866 -0.3253159
v -8.494636 -0.07649651 -1.624875
v -8.620917 -0.07649681 -0.3256407
v -8.494636 -0.1710663 -1.624875
v -8.620917 -0.1710666 -0.3256407
v -12.02201 -0.009401591 -0.4535148
v -12.06106 -0.02774927 -0.4549831
v -11.87669 -0.02774897 -2.267526
v -11.8383 -0.00940129 -2.260231
v -11.9728 0.002378372 -0.4516647
v -11.78992 0.002378674 -2.251038
v -11.91825 0.006437389 -0.4496137
v -11.73629 0.006437691 -2.240848
v -11.31347 0.006437691 -2.160504
v -11.48816 0.006437389 -0.4334434
v -11.43361 0.002378372 -0.4313924
v -11.25984 0.002378674 -2.150313
v -11.38441 -0.009401591 -0.4295422
v -11.21146 -0.00940129 -2.14112
v -11.34535 -0.02774927 -0.4280739
v -11.17307 -0.02774897 -2.133825
v -11.31164 -0.07649651 -0.4268061
v -11.31164 -0.1710663 -0.4268061
v -11.2366 -0.1710666 1.280134
v -11.2366 -0.07649681 1.280134
v -11.32028 -0.05086836 -0.4271309
v -11.24519 -0.05086866 1.281107
v -11.34535 -0.02774897 -0.4280736
v -11.27012 -0.02774927 1.28393
v -7.790948 -0.05086866 0.8900131
v -7.782358 -0.07649681 0.8890404
v -7.782358 -1.993563 0.8890402
v -8.561071 -1.993563 0.9772072
v -7.81588 -0.02774927 0.8928359
v -7.854713 -0.009401591 0.8972326
v -7.903645 0.002378372 0.9027727
v -7.957886 0.006437389 0.908914
v -8.385543 0.006437389 0.9573338
v -8.439784 0.002378372 0.963475
v -8.488715 -0.009401591 0.9690152
v -8.527548 -0.02774927 0.9734119
v -8.55248 -0.05086866 0.9762347
v -8.561071 -0.07649681 0.9772074
v -8.561071 -0.1710666 0.9772074
v -11.2366 -0.1710666 1.280134
v -8.561071 -0.1710666 0.9772074
v -11.2366 -1.993563 1.280134
v -11.24519 -0.05086866 1.281107
v -11.2366 -0.07649681 1.280134
v -12.01531 -1.993563 1.368301
v -11.27012 -0.02774927 1.28393
v -11.30896 -0.009401591 1.288326
v -11.35789 0.002378372 1.293866
v -11.41213 0.006437389 1.300008
v -11.83978 0.006437389 1.348427
v -11.89403 0.002378372 1.354569
v -11.94296 -0.009401591 1.360109
v -11.98179 -0.02774927 1.364505
v -12.00672 -0.05086866 1.367328
v -12.01531 -0.07649681 1.368301
v -12.01531 -1.993563 1.368301
v -12.09477 -1.993562 -0.4562507
v -12.09477 -0.07649651 -0.4562504
v -12.01531 -0.07649681 1.368301
v -12.00672 -0.05086866 1.367328
v -12.08613 -0.05086836 -0.4559256
v -11.98179 -0.02774927 1.364505
v -12.06106 -0.02774897 -0.4549828
v -8.620917 -1.993562 -0.3256407
v -7.782358 -1.993563 0.8890402
v -7.837782 -1.993562 -0.2961964
v -8.561071 -1.993563 0.9772072
v -11.31164 -1.993562 -0.4268064
v -11.2366 -1.993563 1.280134
v -12.09477 -1.993562 -0.4562507
v -12.01531 -1.993563 1.368301
v -12.08613 -0.05086836 -0.4559256
v -12.09477 -0.07649651 -0.4562504
v -12.09477 -1.993562 -0.4562507
v -12.06106 -0.02774897 -0.4549828
v -12.02201 -0.00940129 -0.4535145
v -11.9728 0.002378674 -0.4516644
v -11.91825 0.006437691 -0.4496134
v -11.48816 0.006437691 -0.4334431
v -11.43361 0.002378674 -0.4313921
v -11.38441 -0.00940129 -0.4295419
v -11.34535 -0.02774897 -0.4280736
v -11.32028 -0.05086836 -0.4271309
v -11.31164 -0.07649651 -0.4268061
v -11.31164 -0.1710663 -0.4268061
v -11.31164 -1.993562 -0.4268064
v -8.620917 -0.1710663 -0.3256404
v -11.31164 -0.1710663 -0.4268061
v -8.620917 -1.993562 -0.3256407
v -7.837782 -1.993562 -0.2961964
v -7.837782 -0.07649651 -0.2961961
v -7.846422 -0.05086836 -0.296521
v -7.871495 -0.02774897 -0.2974637
v -7.910548 -0.00940129 -0.298932
v -7.959758 0.002378674 -0.3007822
v -8.014307 0.006437691 -0.3028331
v -8.444392 0.006437691 -0.3190035
v -8.498941 0.002378674 -0.3210544
v -8.548151 -0.00940129 -0.3229046
v -8.587204 -0.02774897 -0.3243729
v -8.612278 -0.05086836 -0.3253156
v -8.620917 -0.07649651 -0.3256404
v -7.837782 -1.993562 -0.2961964
v -7.782358 -1.993563 0.8890402
v -7.782358 -0.07649681 0.8890404
v -7.837782 -0.07649651 -0.2961961
v -7.846422 -0.05086836 -0.296521
v -7.790948 -0.05086866 0.8900131
v -7.871495 -0.02774897 -0.2974637
v -7.81588 -0.02774927 0.8928359
v -7.910548 -0.00940129 -0.298932
v -7.854713 -0.009401591 0.8972326
v -7.959758 0.002378674 -0.3007822
v -7.903645 0.002378372 0.9027727
v -8.014307 0.006437691 -0.3028331
v -7.957886 0.006437389 0.908914
v -8.385543 0.006437389 0.9573338
v -8.444392 0.006437691 -0.3190035
v -8.498941 0.002378674 -0.3210544
v -8.439784 0.002378372 0.963475
v -8.548151 -0.00940129 -0.3229046
v -8.488715 -0.009401591 0.9690152
v -8.587204 -0.02774897 -0.3243729
v -8.527548 -0.02774927 0.9734119
v -8.612278 -0.05086836 -0.3253156
v -8.55248 -0.05086866 0.9762347
v -8.620917 -0.07649651 -0.3256404
v -8.561071 -0.07649681 0.9772074
v -8.620917 -0.1710663 -0.3256404
v -8.561071 -0.1710666 0.9772074
v -11.94296 -0.009401591 1.360109
v -11.98179 -0.02774927 1.364505
v -12.06106 -0.02774897 -0.4549828
v -12.02201 -0.00940129 -0.4535145
v -11.89403 0.002378372 1.354569
v -11.9728 0.002378674 -0.4516644
v -11.83978 0.006437389 1.348427
v -11.91825 0.006437691 -0.4496134
v -11.48816 0.006437691 -0.4334431
v -11.41213 0.006437389 1.300008
v -11.35789 0.002378372 1.293866
v -11.43361 0.002378674 -0.4313921
v -11.30896 -0.009401591 1.288326
v -11.38441 -0.00940129 -0.4295419
v -11.27012 -0.02774927 1.28393
v -11.34535 -0.02774897 -0.4280736
v -11.2366 -0.07649651 1.280134
v -11.2366 -0.1710663 1.280134
v -10.92326 -0.1710666 2.9329
v -10.92326 -0.07649681 2.9329
v -11.24519 -0.05086836 1.281107
v -10.93161 -0.05086866 2.935138
v -11.27012 -0.02774897 1.28393
v -10.95585 -0.02774927 2.941633
v -7.573783 -0.05086866 2.03528
v -7.565432 -0.07649681 2.033041
v -7.565433 -1.993563 2.033041
v -8.322412 -1.993563 2.235903
v -7.59802 -0.02774927 2.041775
v -7.635768 -0.009401591 2.051891
v -7.683334 0.002378372 2.064638
v -7.736061 0.006437389 2.078768
v -8.151781 0.006437389 2.190176
v -8.204509 0.002378372 2.204307
v -8.252074 -0.009401591 2.217054
v -8.289823 -0.02774927 2.22717
v -8.314059 -0.05086866 2.233665
v -8.322411 -0.07649681 2.235903
v -8.322411 -0.1710666 2.235903
v -10.92326 -0.1710666 2.9329
v -8.322411 -0.1710666 2.235903
v -10.92326 -1.993563 2.9329
v -10.93161 -0.05086866 2.935138
v -10.92326 -0.07649681 2.9329
v -11.68024 -1.993563 3.135761
v -10.95585 -0.02774927 2.941633
v -10.99359 -0.009401591 2.95175
v -11.04116 0.002378372 2.964497
v -11.09389 0.006437389 2.978627
v -11.50961 0.006437389 3.090035
v -11.56233 0.002378372 3.104166
v -11.6099 -0.009401591 3.116913
v -11.64765 -0.02774927 3.127029
v -11.67189 -0.05086866 3.133524
v -11.68024 -0.07649681 3.135762
v -11.68024 -1.993563 3.135761
v -12.01531 -1.993562 1.368301
v -12.01531 -0.07649651 1.368301
v -11.68024 -0.07649681 3.135762
v -11.67189 -0.05086866 3.133524
v -12.00672 -0.05086836 1.367329
v -11.64765 -0.02774927 3.127029
v -11.98179 -0.02774897 1.364506
v -8.561071 -1.993562 0.9772074
v -7.565433 -1.993563 2.033041
v -7.782358 -1.993562 0.8890404
v -8.322412 -1.993563 2.235903
v -11.2366 -1.993562 1.280134
v -10.92326 -1.993563 2.9329
v -12.01531 -1.993562 1.368301
v -11.68024 -1.993563 3.135761
v -12.00672 -0.05086836 1.367329
v -12.01531 -0.07649651 1.368301
v -12.01531 -1.993562 1.368301
v -11.98179 -0.02774897 1.364506
v -11.94296 -0.00940129 1.360109
v -11.89403 0.002378674 1.354569
v -11.83978 0.006437691 1.348428
v -11.41213 0.006437691 1.300008
v -11.35789 0.002378674 1.293867
v -11.30896 -0.00940129 1.288327
v -11.27012 -0.02774897 1.28393
v -11.24519 -0.05086836 1.281107
v -11.2366 -0.07649651 1.280134
v -11.2366 -0.1710663 1.280134
v -11.2366 -1.993562 1.280134
v -8.561071 -0.1710663 0.9772076
v -11.2366 -0.1710663 1.280134
v -8.561071 -1.993562 0.9772074
v -7.782358 -1.993562 0.8890404
v -7.782358 -0.07649651 0.8890406
v -7.790948 -0.05086836 0.8900133
v -7.81588 -0.02774897 0.8928361
v -7.854713 -0.00940129 0.8972328
v -7.903645 0.002378674 0.9027729
v -7.957886 0.006437691 0.9089141
v -8.385543 0.006437691 0.957334
v -8.439784 0.002378674 0.9634753
v -8.488715 -0.00940129 0.9690154
v -8.527548 -0.02774897 0.973412
v -8.55248 -0.05086836 0.9762349
v -8.561071 -0.07649651 0.9772076
v -7.782358 -1.993562 0.8890404
v -7.565433 -1.993563 2.033041
v -7.565432 -0.07649681 2.033041
v -7.782358 -0.07649651 0.8890406
v -7.790948 -0.05086836 0.8900133
v -7.573783 -0.05086866 2.03528
v -7.81588 -0.02774897 0.8928361
v -7.59802 -0.02774927 2.041775
v -7.854713 -0.00940129 0.8972328
v -7.635768 -0.009401591 2.051891
v -7.903645 0.002378674 0.9027729
v -7.683334 0.002378372 2.064638
v -7.957886 0.006437691 0.9089141
v -7.736061 0.006437389 2.078768
v -8.151781 0.006437389 2.190176
v -8.385543 0.006437691 0.957334
v -8.439784 0.002378674 0.9634753
v -8.204509 0.002378372 2.204307
v -8.488715 -0.00940129 0.9690154
v -8.252074 -0.009401591 2.217054
v -8.527548 -0.02774897 0.973412
v -8.289823 -0.02774927 2.22717
v -8.55248 -0.05086836 0.9762349
v -8.314059 -0.05086866 2.233665
v -8.561071 -0.07649651 0.9772076
v -8.322411 -0.07649681 2.235903
v -8.561071 -0.1710663 0.9772076
v -8.322411 -0.1710666 2.235903
v -11.6099 -0.009401591 3.116913
v -11.64765 -0.02774927 3.127029
v -11.98179 -0.02774897 1.364506
v -11.94296 -0.00940129 1.360109
v -11.56233 0.002378372 3.104166
v -11.89403 0.002378674 1.354569
v -11.50961 0.006437389 3.090035
v -11.83978 0.006437691 1.348428
v -11.41213 0.006437691 1.300008
v -11.09389 0.006437389 2.978627
v -11.04116 0.002378372 2.964497
v -11.35789 0.002378674 1.293867
v -10.99359 -0.009401591 2.95175
v -11.30896 -0.00940129 1.288327
v -10.95585 -0.02774927 2.941633
v -11.27012 -0.02774897 1.28393
v -10.92326 -0.07649651 2.932901
v -10.92326 -0.1710663 2.932901
v -10.38608 -0.1710666 4.4956
v -10.38608 -0.07649681 4.4956
v -10.93161 -0.05086836 2.935139
v -10.39401 -0.05086866 4.499037
v -10.95585 -0.02774897 2.941634
v -10.41703 -0.02774927 4.509014
v -7.204287 -0.05086866 3.116857
v -7.196354 -0.07649681 3.11342
v -7.196354 -1.993563 3.11342
v -7.915435 -1.993563 3.425014
v -7.22731 -0.02774927 3.126833
v -7.263168 -0.009401591 3.142372
v -7.308353 0.002378372 3.161952
v -7.358441 0.006437389 3.183656
v -7.753348 0.006437389 3.354778
v -7.803436 0.002378372 3.376482
v -7.84862 -0.009401591 3.396062
v -7.884479 -0.02774927 3.4116
v -7.907502 -0.05086866 3.421576
v -7.915435 -0.07649681 3.425014
v -7.915435 -0.1710666 3.425014
v -10.38608 -0.1710666 4.4956
v -7.915435 -0.1710666 3.425014
v -10.38608 -1.993563 4.4956
v -10.39401 -0.05086866 4.499037
v -10.38608 -0.07649681 4.4956
v -11.10516 -1.993563 4.807194
v -10.41703 -0.02774927 4.509014
v -10.45289 -0.009401591 4.524552
v -10.49807 0.002378372 4.544132
v -10.54816 0.006437389 4.565835
v -10.94307 0.006437389 4.736958
v -10.99316 0.002378372 4.758662
v -11.03834 -0.009401591 4.778242
v -11.0742 -0.02774927 4.79378
v -11.09722 -0.05086866 4.803757
v -11.10516 -0.07649681 4.807194
v -11.10516 -1.993563 4.807194
v -11.68024 -1.993562 3.135762
v -11.68024 -0.07649651 3.135762
v -11.10516 -0.07649681 4.807194
v -11.09722 -0.05086866 4.803757
v -11.67188 -0.05086836 3.133524
v -11.0742 -0.02774927 4.79378
v -11.64765 -0.02774897 3.127029
v -8.322411 -1.993562 2.235903
v -7.196354 -1.993563 3.11342
v -7.565432 -1.993562 2.033041
v -7.915435 -1.993563 3.425014
v -10.92326 -1.993562 2.9329
v -10.38608 -1.993563 4.4956
v -11.68024 -1.993562 3.135762
v -11.10516 -1.993563 4.807194
v -11.67188 -0.05086836 3.133524
v -11.68024 -0.07649651 3.135762
v -11.68024 -1.993562 3.135762
v -11.64765 -0.02774897 3.127029
v -11.6099 -0.00940129 3.116913
v -11.56233 0.002378674 3.104166
v -11.50961 0.006437691 3.090035
v -11.09389 0.006437691 2.978627
v -11.04116 0.002378674 2.964497
v -10.99359 -0.00940129 2.95175
v -10.95585 -0.02774897 2.941634
v -10.93161 -0.05086836 2.935139
v -10.92326 -0.07649651 2.932901
v -10.92326 -0.1710663 2.932901
v -10.92326 -1.993562 2.9329
v -8.322411 -0.1710663 2.235903
v -10.92326 -0.1710663 2.932901
v -8.322411 -1.993562 2.235903
v -7.565432 -1.993562 2.033041
v -7.565433 -0.07649651 2.033041
v -7.573783 -0.05086836 2.03528
v -7.59802 -0.02774897 2.041775
v -7.635768 -0.00940129 2.051891
v -7.683334 0.002378674 2.064638
v -7.736062 0.006437691 2.078768
v -8.151781 0.006437691 2.190176
v -8.204509 0.002378674 2.204307
v -8.252074 -0.00940129 2.217054
v -8.289823 -0.02774897 2.22717
v -8.314059 -0.05086836 2.233665
v -8.322411 -0.07649651 2.235903
v -7.565432 -1.993562 2.033041
v -7.196354 -1.993563 3.11342
v -7.196354 -0.07649681 3.11342
v -7.565433 -0.07649651 2.033041
v -7.573783 -0.05086836 2.03528
v -7.204287 -0.05086866 3.116857
v -7.59802 -0.02774897 2.041775
v -7.22731 -0.02774927 3.126833
v -7.635768 -0.00940129 2.051891
v -7.263168 -0.009401591 3.142372
v -7.683334 0.002378674 2.064638
v -7.308353 0.002378372 3.161952
v -7.736062 0.006437691 2.078768
v -7.358441 0.006437389 3.183656
v -7.753348 0.006437389 3.354778
v -8.151781 0.006437691 2.190176
v -8.204509 0.002378674 2.204307
v -7.803436 0.002378372 3.376482
v -8.252074 -0.00940129 2.217054
v -7.84862 -0.009401591 3.396062
v -8.289823 -0.02774897 2.22717
v -7.884479 -0.02774927 3.4116
v -8.314059 -0.05086836 2.233665
v -7.907502 -0.05086866 3.421576
v -8.322411 -0.07649651 2.235903
v -7.915435 -0.07649681 3.425014
v -8.322411 -0.1710663 2.235903
v -7.915435 -0.1710666 3.425014
v -11.03834 -0.009401591 4.778242
v -11.0742 -0.02774927 4.79378
v -11.64765 -0.02774897 3.127029
v -11.6099 -0.00940129 3.116913
v -10.99316 0.002378372 4.758662
v -11.56233 0.002378674 3.104166
v -10.94307 0.006437389 4.736958
v -11.50961 0.006437691 3.090035
v -11.09389 0.006437691 2.978627
v -10.54816 0.006437389 4.565835
v -10.49807 0.002378372 4.544132
v -11.04116 0.002378674 2.964497
v -10.45289 -0.009401591 4.524552
v -10.99359 -0.00940129 2.95175
v -10.41703 -0.02774927 4.509014
v -10.95585 -0.02774897 2.941634
v -10.38607 -0.07649651 4.4956
v -10.38607 -0.1710663 4.4956
v -9.642182 -0.1710666 5.9499
v -9.642182 -0.07649681 5.9499
v -10.39401 -0.05086836 4.499038
v -9.649537 -0.05086866 5.954446
v -10.41703 -0.02774897 4.509014
v -9.670878 -0.02774927 5.967641
v -6.692672 -0.05086866 4.126416
v -6.685318 -0.07649681 4.12187
v -6.685319 -1.993563 4.12187
v -7.351905 -1.993563 4.533975
v -6.714014 -0.02774927 4.139611
v -6.747255 -0.009401591 4.160161
v -6.789141 0.002378372 4.186057
v -6.835572 0.006437389 4.214762
v -7.201651 0.006437389 4.441083
v -7.248082 0.002378372 4.469789
v -7.289968 -0.009401591 4.495684
v -7.323208 -0.02774927 4.516234
v -7.344551 -0.05086866 4.529429
v -7.351904 -0.07649681 4.533976
v -7.351904 -0.1710666 4.533976
v -9.642182 -0.1710666 5.9499
v -7.351904 -0.1710666 4.533976
v -9.642183 -1.993563 5.949899
v -9.649537 -0.05086866 5.954446
v -9.642182 -0.07649681 5.9499
v -10.30877 -1.993563 6.362005
v -9.670878 -0.02774927 5.967641
v -9.70412 -0.009401591 5.988191
v -9.746006 0.002378372 6.014087
v -9.792437 0.006437389 6.042792
v -10.15851 0.006437389 6.269114
v -10.20495 0.002378372 6.297819
v -10.24683 -0.009401591 6.323714
v -10.28007 -0.02774927 6.344265
v -10.30142 -0.05086866 6.357459
v -10.30877 -0.07649681 6.362005
v -10.30877 -1.993563 6.362005
v -11.10516 -1.993562 4.807194
v -11.10515 -0.07649651 4.807194
v -10.30877 -0.07649681 6.362005
v -10.30142 -0.05086866 6.357459
v -11.09722 -0.05086836 4.803757
v -10.28007 -0.02774927 6.344265
v -11.0742 -0.02774897 4.793781
v -7.915435 -1.993562 3.425014
v -6.685319 -1.993563 4.12187
v -7.196354 -1.993562 3.11342
v -7.351905 -1.993563 4.533975
v -10.38608 -1.993562 4.4956
v -9.642183 -1.993563 5.949899
v -11.10516 -1.993562 4.807194
v -10.30877 -1.993563 6.362005
v -11.09722 -0.05086836 4.803757
v -11.10515 -0.07649651 4.807194
v -11.10516 -1.993562 4.807194
v -11.0742 -0.02774897 4.793781
v -11.03834 -0.00940129 4.778242
v -10.99316 0.002378674 4.758663
v -10.94307 0.006437691 4.736959
v -10.54816 0.006437691 4.565836
v -10.49807 0.002378674 4.544132
v -10.45289 -0.00940129 4.524552
v -10.41703 -0.02774897 4.509014
v -10.39401 -0.05086836 4.499038
v -10.38607 -0.07649651 4.4956
v -10.38607 -0.1710663 4.4956
v -10.38608 -1.993562 4.4956
v -7.915434 -0.1710663 3.425014
v -10.38607 -0.1710663 4.4956
v -7.915435 -1.993562 3.425014
v -7.196354 -1.993562 3.11342
v -7.196353 -0.07649651 3.11342
v -7.204286 -0.05086836 3.116857
v -7.227309 -0.02774897 3.126834
v -7.263167 -0.00940129 3.142372
v -7.308352 0.002378674 3.161952
v -7.35844 0.006437691 3.183656
v -7.753347 0.006437691 3.354778
v -7.803435 0.002378674 3.376482
v -7.848619 -0.00940129 3.396062
v -7.884478 -0.02774897 3.4116
v -7.907501 -0.05086836 3.421577
v -7.915434 -0.07649651 3.425014
v -7.196354 -1.993562 3.11342
v -6.685319 -1.993563 4.12187
v -6.685318 -0.07649681 4.12187
v -7.196353 -0.07649651 3.11342
v -7.204286 -0.05086836 3.116857
v -6.692672 -0.05086866 4.126416
v -7.227309 -0.02774897 3.126834
v -6.714014 -0.02774927 4.139611
v -7.263167 -0.00940129 3.142372
v -6.747255 -0.009401591 4.160161
v -7.308352 0.002378674 3.161952
v -6.789141 0.002378372 4.186057
v -7.35844 0.006437691 3.183656
v -6.835572 0.006437389 4.214762
v -7.201651 0.006437389 4.441083
v -7.753347 0.006437691 3.354778
v -7.803435 0.002378674 3.376482
v -7.248082 0.002378372 4.469789
v -7.848619 -0.00940129 3.396062
v -7.289968 -0.009401591 4.495684
v -7.884478 -0.02774897 3.4116
v -7.323208 -0.02774927 4.516234
v -7.907501 -0.05086836 3.421577
v -7.344551 -0.05086866 4.529429
v -7.915434 -0.07649651 3.425014
v -7.351904 -0.07649681 4.533976
v -7.915434 -0.1710663 3.425014
v -7.351904 -0.1710666 4.533976
v -10.24683 -0.009401591 6.323714
v -10.28007 -0.02774927 6.344265
v -11.0742 -0.02774897 4.793781
v -11.03834 -0.00940129 4.778242
v -10.20495 0.002378372 6.297819
v -10.99316 0.002378674 4.758663
v -10.15851 0.006437389 6.269114
v -10.94307 0.006437691 4.736959
v -10.54816 0.006437691 4.565836
v -9.792437 0.006437389 6.042792
v -9.746006 0.002378372 6.014087
v -10.49807 0.002378674 4.544132
v -9.70412 -0.009401591 5.988191
v -10.45289 -0.00940129 4.524552
v -9.670878 -0.02774927 5.967641
v -10.41703 -0.02774897 4.509014
v -9.642182 -0.07649651 5.9499
v -9.642182 -0.1710663 5.9499
v -8.70372 -0.1710666 7.274236
v -8.70372 -0.07649681 7.274236
v -9.649537 -0.05086836 5.954446
v -8.710352 -0.05086866 7.279783
v -9.670878 -0.02774897 5.967641
v -8.729598 -0.02774927 7.295882
v -6.043943 -0.05086866 5.049311
v -6.037312 -0.07649681 5.043764
v -6.037312 -1.993563 5.043764
v -6.638419 -1.993563 5.546595
v -6.063189 -0.02774927 5.06541
v -6.093164 -0.009401591 5.090485
v -6.130936 0.002378372 5.122081
v -6.172806 0.006437389 5.157106
v -6.502924 0.006437389 5.433252
v -6.544795 0.002378372 5.468277
v -6.582566 -0.009401591 5.499873
v -6.612542 -0.02774927 5.524948
v -6.631787 -0.05086866 5.541047
v -6.638419 -0.07649681 5.546595
v -6.638419 -0.1710666 5.546595
v -8.70372 -0.1710666 7.274236
v -6.638419 -0.1710666 5.546595
v -8.70372 -1.993563 7.274236
v -8.710352 -0.05086866 7.279783
v -8.70372 -0.07649681 7.274236
v -9.304828 -1.993563 7.777067
v -8.729598 -0.02774927 7.295882
v -8.759573 -0.009401591 7.320957
v -8.797345 0.002378372 7.352553
v -8.839214 0.006437389 7.387578
v -9.169333 0.006437389 7.663724
v -9.211204 0.002378372 7.698749
v -9.248975 -0.009401591 7.730345
v -9.278951 -0.02774927 7.75542
v -9.298196 -0.05086866 7.771519
v -9.304828 -0.07649681 7.777067
v -9.304828 -1.993563 7.777067
v -10.30877 -1.993562 6.362005
v -10.30877 -0.07649651 6.362005
v -9.304828 -0.07649681 7.777067
v -9.298196 -0.05086866 7.771519
v -10.30142 -0.05086836 6.357459
v -9.278951 -0.02774927 7.75542
v -10.28007 -0.02774897 6.344265
v -7.351904 -1.993562 4.533976
v -6.037312 -1.993563 5.043764
v -6.685318 -1.993562 4.12187
v -6.638419 -1.993563 5.546595
v -9.642182 -1.993562 5.9499
v -8.70372 -1.993563 7.274236
v -10.30877 -1.993562 6.362005
v -9.304828 -1.993563 7.777067
v -10.30142 -0.05086836 6.357459
v -10.30877 -0.07649651 6.362005
v -10.30877 -1.993562 6.362005
v -10.28007 -0.02774897 6.344265
v -10.24683 -0.00940129 6.323714
v -10.20495 0.002378674 6.297819
v -10.15851 0.006437691 6.269114
v -9.792437 0.006437691 6.042792
v -9.746006 0.002378674 6.014087
v -9.70412 -0.00940129 5.988191
v -9.670878 -0.02774897 5.967641
v -9.649537 -0.05086836 5.954446
v -9.642182 -0.07649651 5.9499
v -9.642182 -0.1710663 5.9499
v -9.642182 -1.993562 5.9499
v -7.351904 -0.1710663 4.533976
v -9.642182 -0.1710663 5.9499
v -7.351904 -1.993562 4.533976
v -6.685318 -1.993562 4.12187
v -6.685318 -0.07649651 4.12187
v -6.692672 -0.05086836 4.126416
v -6.714014 -0.02774897 4.139611
v -6.747255 -0.00940129 4.160161
v -6.789141 0.002378674 4.186057
v -6.835572 0.006437691 4.214762
v -7.201651 0.006437691 4.441083
v -7.248082 0.002378674 4.469789
v -7.289968 -0.00940129 4.495684
v -7.323208 -0.02774897 4.516234
v -7.344551 -0.05086836 4.529429
v -7.351904 -0.07649651 4.533976
v -6.685318 -1.993562 4.12187
v -6.037312 -1.993563 5.043764
v -6.037312 -0.07649681 5.043764
v -6.685318 -0.07649651 4.12187
v -6.692672 -0.05086836 4.126416
v -6.043943 -0.05086866 5.049311
v -6.714014 -0.02774897 4.139611
v -6.063189 -0.02774927 5.06541
v -6.747255 -0.00940129 4.160161
v -6.093164 -0.009401591 5.090485
v -6.789141 0.002378674 4.186057
v -6.130936 0.002378372 5.122081
v -6.835572 0.006437691 4.214762
v -6.172806 0.006437389 5.157106
v -6.502924 0.006437389 5.433252
v -7.201651 0.006437691 4.441083
v -7.248082 0.002378674 4.469789
v -6.544795 0.002378372 5.468277
v -7.289968 -0.00940129 4.495684
v -6.582566 -0.009401591 5.499873
v -7.323208 -0.02774897 4.516234
v -6.612542 -0.02774927 5.524948
v -7.344551 -0.05086836 4.529429
v -6.631787 -0.05086866 5.541047
v -7.351904 -0.07649651 4.533976
v -6.638419 -0.07649681 5.546595
v -7.351904 -0.1710663 4.533976
v -6.638419 -0.1710666 5.546595
v -9.248975 -0.009401591 7.730345
v -9.278951 -0.02774927 7.75542
v -10.28007 -0.02774897 6.344265
v -10.24683 -0.00940129 6.323714
v -9.211204 0.002378372 7.698749
v -10.20495 0.002378674 6.297819
v -9.169333 0.006437389 7.663724
v -10.15851 0.006437691 6.269114
v -9.792437 0.006437691 6.042792
v -8.839214 0.006437389 7.387578
v -8.797345 0.002378372 7.352553
v -9.746006 0.002378674 6.014087
v -8.759573 -0.009401591 7.320957
v -9.70412 -0.00940129 5.988191
v -8.729598 -0.02774927 7.295882
v -9.670878 -0.02774897 5.967641
v -8.70372 -0.07649651 7.274236
v -8.70372 -0.1710663 7.274236
v -7.567064 -0.1710666 8.425206
v -7.567064 -0.07649681 8.425206
v -8.710352 -0.05086836 7.279784
v -7.572844 -0.05086866 8.431637
v -8.729597 -0.02774897 7.295883
v -7.589616 -0.02774927 8.450298
v -5.249061 -0.05086866 5.846144
v -5.243281 -0.07649681 5.839714
v -5.243281 -1.993563 5.839714
v -5.767148 -1.993563 6.422579
v -5.265833 -0.02774927 5.864805
v -5.291957 -0.009401591 5.893871
v -5.324875 0.002378372 5.930496
v -5.361365 0.006437389 5.971096
v -5.649064 0.006437389 6.291196
v -5.685554 0.002378372 6.331796
v -5.718472 -0.009401591 6.368421
v -5.744596 -0.02774927 6.397487
v -5.761368 -0.05086866 6.416149
v -5.767148 -0.07649681 6.422579
v -5.767148 -0.1710666 6.422579
v -7.567064 -0.1710666 8.425206
v -5.767148 -0.1710666 6.422579
v -7.567064 -1.993563 8.425206
v -7.572844 -0.05086866 8.431637
v -7.567064 -0.07649681 8.425206
v -8.090931 -1.993563 9.008072
v -7.589616 -0.02774927 8.450298
v -7.61574 -0.009401591 8.479364
v -7.648658 0.002378372 8.515989
v -7.685148 0.006437389 8.556589
v -7.972847 0.006437389 8.876689
v -8.009337 0.002378372 8.917289
v -8.042255 -0.009401591 8.953914
v -8.068379 -0.02774927 8.98298
v -8.085152 -0.05086866 9.001641
v -8.090931 -0.07649681 9.008072
v -8.090931 -1.993563 9.008072
v -9.304828 -1.993562 7.777067
v -9.304827 -0.07649651 7.777067
v -8.090931 -0.07649681 9.008072
v -8.085152 -0.05086866 9.001641
v -9.298196 -0.05086836 7.77152
v -8.068379 -0.02774927 8.98298
v -9.27895 -0.02774897 7.755421
v -6.638419 -1.993562 5.546595
v -5.243281 -1.993563 5.839714
v -6.037312 -1.993562 5.043764
v -5.767148 -1.993563 6.422579
v -8.70372 -1.993562 7.274236
v -7.567064 -1.993563 8.425206
v -9.304828 -1.993562 7.777067
v -8.090931 -1.993563 9.008072
v -9.298196 -0.05086836 7.77152
v -9.304827 -0.07649651 7.777067
v -9.304828 -1.993562 7.777067
v -9.27895 -0.02774897 7.755421
v -9.248974 -0.00940129 7.730346
v -9.211203 0.002378674 7.69875
v -9.169333 0.006437691 7.663725
v -8.839214 0.006437691 7.387578
v -8.797344 0.002378674 7.352554
v -8.759573 -0.00940129 7.320958
v -8.729597 -0.02774897 7.295883
v -8.710352 -0.05086836 7.279784
v -8.70372 -0.07649651 7.274236
v -8.70372 -0.1710663 7.274236
v -8.70372 -1.993562 7.274236
v -6.638418 -0.1710663 5.546595
v -8.70372 -0.1710663 7.274236
v -6.638419 -1.993562 5.546595
v -6.037312 -1.993562 5.043764
v -6.037312 -0.07649651 5.043764
v -6.043943 -0.05086836 5.049312
v -6.063189 -0.02774897 5.065411
v -6.093164 -0.00940129 5.090486
v -6.130936 0.002378674 5.122082
v -6.172806 0.006437691 5.157106
v -6.502924 0.006437691 5.433253
v -6.544794 0.002378674 5.468277
v -6.582565 -0.00940129 5.499874
v -6.612541 -0.02774897 5.524949
v -6.631787 -0.05086836 5.541048
v -6.638418 -0.07649651 5.546595
v -6.037312 -1.993562 5.043764
v -5.243281 -1.993563 5.839714
v -5.243281 -0.07649681 5.839714
v -6.037312 -0.07649651 5.043764
v -6.043943 -0.05086836 5.049312
v -5.249061 -0.05086866 5.846144
v -6.063189 -0.02774897 5.065411
v -5.265833 -0.02774927 5.864805
v -6.093164 -0.00940129 5.090486
v -5.291957 -0.009401591 5.893871
v -6.130936 0.002378674 5.122082
v -5.324875 0.002378372 5.930496
v -6.172806 0.006437691 5.157106
v -5.361365 0.006437389 5.971096
v -5.649064 0.006437389 6.291196
v -6.502924 0.006437691 5.433253
v -6.544794 0.002378674 5.468277
v -5.685554 0.002378372 6.331796
v -6.582565 -0.00940129 5.499874
v -5.718472 -0.009401591 6.368421
v -6.612541 -0.02774897 5.524949
v -5.744596 -0.02774927 6.397487
v -6.631787 -0.05086836 5.541048
v -5.761368 -0.05086866 6.416149
v -6.638418 -0.07649651 5.546595
v -5.767148 -0.07649681 6.422579
v -6.638418 -0.1710663 5.546595
v -5.767148 -0.1710666 6.422579
v -8.042255 -0.009401591 8.953914
v -8.068379 -0.02774927 8.98298
v -9.27895 -0.02774897 7.755421
v -9.248974 -0.00940129 7.730346
v -8.009337 0.002378372 8.917289
v -9.211203 0.002378674 7.69875
v -7.972847 0.006437389 8.876689
v -9.169333 0.006437691 7.663725
v -8.839214 0.006437691 7.387578
v -7.685148 0.006437389 8.556589
v -7.648658 0.002378372 8.515989
v -8.797344 0.002378674 7.352554
v -7.61574 -0.009401591 8.479364
v -8.759573 -0.00940129 7.320958
v -7.589616 -0.02774927 8.450298
v -8.729597 -0.02774897 7.295883
v -7.567064 -0.07649651 8.425206
v -7.567064 -0.1710663 8.425206
v -6.282466 -0.1710666 9.409675
v -6.282466 -0.07649681 9.409675
v -7.572844 -0.05086836 8.431637
v -6.287273 -0.05086866 9.416862
v -7.589616 -0.02774897 8.450298
v -6.301221 -0.02774927 9.437718
v -4.354804 -0.05086866 6.527172
v -4.349998 -0.07649681 6.519985
v -4.349998 -1.993563 6.519985
v -4.785648 -1.993563 7.171428
v -4.368752 -0.02774927 6.548029
v -4.390477 -0.009401591 6.580515
v -4.417852 0.002378372 6.621449
v -4.448197 0.006437389 6.666825
v -4.687449 0.006437389 7.024587
v -4.717794 0.002378372 7.069963
v -4.745169 -0.009401591 7.110898
v -4.766893 -0.02774927 7.143384
v -4.780841 -0.05086866 7.164241
v -4.785648 -0.07649681 7.171428
v -4.785648 -0.1710666 7.171428
v -6.282466 -0.1710666 9.409675
v -4.785648 -0.1710666 7.171428
v -6.282466 -1.993563 9.409675
v -6.287273 -0.05086866 9.416862
v -6.282466 -0.07649681 9.409675
v -6.718116 -1.993563 10.06112
v -6.301221 -0.02774927 9.437718
v -6.322946 -0.009401591 9.470204
v -6.35032 0.002378372 9.511139
v -6.380665 0.006437389 9.556515
v -6.619917 0.006437389 9.914277
v -6.650262 0.002378372 9.959653
v -6.677637 -0.009401591 10.00059
v -6.699362 -0.02774927 10.03307
v -6.71331 -0.05086866 10.05393
v -6.718116 -0.07649681 10.06112
v -6.718116 -1.993563 10.06112
v -8.090931 -1.993562 9.008072
v -8.09093 -0.07649651 9.008072
v -6.718116 -0.07649681 10.06112
v -6.71331 -0.05086866 10.05393
v -8.085151 -0.05086836 9.001642
v -6.699362 -0.02774927 10.03307
v -8.068378 -0.02774897 8.982981
v -5.767148 -1.993562 6.422579
v -4.349998 -1.993563 6.519985
v -5.243281 -1.993562 5.839714
v -4.785648 -1.993563 7.171428
v -7.567064 -1.993562 8.425206
v -6.282466 -1.993563 9.409675
v -8.090931 -1.993562 9.008072
v -6.718116 -1.993563 10.06112
v -8.085151 -0.05086836 9.001642
v -8.09093 -0.07649651 9.008072
v -8.090931 -1.993562 9.008072
v -8.068378 -0.02774897 8.982981
v -8.042254 -0.00940129 8.953915
v -8.009336 0.002378674 8.917289
v -7.972847 0.006437691 8.87669
v -7.685148 0.006437691 8.556589
v -7.648658 0.002378674 8.51599
v -7.61574 -0.00940129 8.479364
v -7.589616 -0.02774897 8.450298
v -7.572844 -0.05086836 8.431637
v -7.567064 -0.07649651 8.425206
v -7.567064 -0.1710663 8.425206
v -7.567064 -1.993562 8.425206
v -5.767148 -0.1710663 6.422579
v -7.567064 -0.1710663 8.425206
v -5.767148 -1.993562 6.422579
v -5.243281 -1.993562 5.839714
v -5.243281 -0.07649651 5.839714
v -5.24906 -0.05086836 5.846144
v -5.265833 -0.02774897 5.864806
v -5.291957 -0.00940129 5.893872
v -5.324875 0.002378674 5.930497
v -5.361365 0.006437691 5.971097
v -5.649064 0.006437691 6.291197
v -5.685554 0.002378674 6.331796
v -5.718472 -0.00940129 6.368422
v -5.744596 -0.02774897 6.397487
v -5.761368 -0.05086836 6.416149
v -5.767148 -0.07649651 6.422579
v -5.243281 -1.993562 5.839714
v -4.349998 -1.993563 6.519985
v -4.349998 -0.07649681 6.519985
v -5.243281 -0.07649651 5.839714
v -5.24906 -0.05086836 5.846144
v -4.354804 -0.05086866 6.527172
v -5.265833 -0.02774897 5.864806
v -4.368752 -0.02774927 6.548029
v -5.291957 -0.00940129 5.893872
v -4.390477 -0.009401591 6.580515
v -5.324875 0.002378674 5.930497
v -4.417852 0.002378372 6.621449
v -5.361365 0.006437691 5.971097
v -4.448197 0.006437389 6.666825
v -4.687449 0.006437389 7.024587
v -5.649064 0.006437691 6.291197
v -5.685554 0.002378674 6.331796
v -4.717794 0.002378372 7.069963
v -5.718472 -0.00940129 6.368422
v -4.745169 -0.009401591 7.110898
v -5.744596 -0.02774897 6.397487
v -4.766893 -0.02774927 7.143384
v -5.761368 -0.05086836 6.416149
v -4.780841 -0.05086866 7.164241
v -5.767148 -0.07649651 6.422579
v -4.785648 -0.07649681 7.171428
v -5.767148 -0.1710663 6.422579
v -4.785648 -0.1710666 7.171428
v -6.677637 -0.009401591 10.00059
v -6.699362 -0.02774927 10.03307
v -8.068378 -0.02774897 8.982981
v -8.042254 -0.00940129 8.953915
v -6.650262 0.002378372 9.959653
v -8.009336 0.002378674 8.917289
v -6.619917 0.006437389 9.914277
v -7.972847 0.006437691 8.87669
v -7.685148 0.006437691 8.556589
v -6.380665 0.006437389 9.556515
v -6.35032 0.002378372 9.511139
v -7.648658 0.002378674 8.51599
v -6.322946 -0.009401591 9.470204
v -7.61574 -0.00940129 8.479364
v -6.301221 -0.02774927 9.437718
v -7.589616 -0.02774897 8.450298
v -6.282466 -0.07649651 9.409675
v -6.282466 -0.1710663 9.409675
v -4.866146 -0.1710666 10.21102
v -4.866146 -0.07649681 10.21102
v -6.287272 -0.05086836 9.416862
v -4.86987 -0.05086866 10.21882
v -6.30122 -0.02774897 9.437718
v -4.880675 -0.02774927 10.24147
v -3.372834 -0.05086866 7.081367
v -3.369111 -0.07649681 7.073564
v -3.369111 -1.993563 7.073564
v -3.706598 -1.993563 7.780862
v -3.38364 -0.02774927 7.104012
v -3.400469 -0.009401591 7.139283
v -3.421676 0.002378372 7.183727
v -3.445184 0.006437389 7.232994
v -3.630526 0.006437389 7.621431
v -3.654033 0.002378372 7.670698
v -3.67524 -0.009401591 7.715142
v -3.69207 -0.02774927 7.750413
v -3.702875 -0.05086866 7.773058
v -3.706598 -0.07649681 7.780862
v -3.706598 -0.1710666 7.780862
v -4.866146 -0.1710666 10.21102
v -3.706598 -0.1710666 7.780862
v -4.866146 -1.993563 10.21102
v -4.86987 -0.05086866 10.21882
v -4.866146 -0.07649681 10.21102
v -5.203633 -1.993563 10.91832
v -4.880675 -0.02774927 10.24147
v -4.897504 -0.009401591 10.27674
v -4.918711 0.002378372 10.32118
v -4.942219 0.006437389 10.37045
v -5.127561 0.006437389 10.75889
v -5.151069 0.002378372 10.80815
v -5.172275 -0.009401591 10.8526
v -5.189105 -0.02774927 10.88787
v -5.19991 -0.05086866 10.91051
v -5.203633 -0.07649681 10.91832
v -5.203633 -1.993563 10.91832
v -6.718116 -1.993562 10.06112
v -6.718116 -0.07649651 10.06112
v -5.203633 -0.07649681 10.91832
v -5.19991 -0.05086866 10.91051
v -6.71331 -0.05086836 10.05393
v -5.189105 -0.02774927 10.88787
v -6.699362 -0.02774897 10.03307
v -4.785648 -1.993562 7.171428
v -3.369111 -1.993563 7.073564
v -4.349998 -1.993562 6.519985
v -3.706598 -1.993563 7.780862
v -6.282466 -1.993562 9.409675
v -4.866146 -1.993563 10.21102
v -6.718116 -1.993562 10.06112
v -5.203633 -1.993563 10.91832
v -6.71331 -0.05086836 10.05393
v -6.718116 -0.07649651 10.06112
v -6.718116 -1.993562 10.06112
v -6.699362 -0.02774897 10.03307
v -6.677637 -0.00940129 10.00059
v -6.650262 0.002378674 9.959653
v -6.619917 0.006437691 9.914277
v -6.380665 0.006437691 9.556515
v -6.35032 0.002378674 9.511139
v -6.322945 -0.00940129 9.470204
v -6.30122 -0.02774897 9.437718
v -6.287272 -0.05086836 9.416862
v -6.282466 -0.07649651 9.409675
v -6.282466 -0.1710663 9.409675
v -6.282466 -1.993562 9.409675
v -4.785647 -0.1710663 7.171428
v -6.282466 -0.1710663 9.409675
v -4.785648 -1.993562 7.171428
v -4.349998 -1.993562 6.519985
v -4.349998 -0.07649651 6.519985
v -4.354804 -0.05086836 6.527172
v -4.368752 -0.02774897 6.548029
v -4.390477 -0.00940129 6.580515
v -4.417851 0.002378674 6.621449
v -4.448196 0.006437691 6.666825
v -4.687449 0.006437691 7.024587
v -4.717793 0.002378674 7.069963
v -4.745168 -0.00940129 7.110898
v -4.766893 -0.02774897 7.143384
v -4.780841 -0.05086836 7.164241
v -4.785647 -0.07649651 7.171428
v -4.349998 -1.993562 6.519985
v -3.369111 -1.993563 7.073564
v -3.369111 -0.07649681 7.073564
v -4.349998 -0.07649651 6.519985
v -4.354804 -0.05086836 6.527172
v -3.372834 -0.05086866 7.081367
v -4.368752 -0.02774897 6.548029
v -3.38364 -0.02774927 7.104012
v -4.390477 -0.00940129 6.580515
v -3.400469 -0.009401591 7.139283
v -4.417851 0.002378674 6.621449
v -3.421676 0.002378372 7.183727
v -4.448196 0.006437691 6.666825
v -3.445184 0.006437389 7.232994
v -3.630526 0.006437389 7.621431
v -4.687449 0.006437691 7.024587
v -4.717793 0.002378674 7.069963
v -3.654033 0.002378372 7.670698
v -4.745168 -0.00940129 7.110898
v -3.67524 -0.009401591 7.715142
v -4.766893 -0.02774897 7.143384
v -3.69207 -0.02774927 7.750413
v -4.780841 -0.05086836 7.164241
v -3.702875 -0.05086866 7.773058
v -4.785647 -0.07649651 7.171428
v -3.706598 -0.07649681 7.780862
v -4.785647 -0.1710663 7.171428
v -3.706598 -0.1710666 7.780862
v -5.172275 -0.009401591 10.8526
v -5.189105 -0.02774927 10.88787
v -6.699362 -0.02774897 10.03307
v -6.677637 -0.00940129 10.00059
v -5.151069 0.002378372 10.80815
v -6.650262 0.002378674 9.959653
v -5.127561 0.006437389 10.75889
v -6.619917 0.006437691 9.914277
v -6.380665 0.006437691 9.556515
v -4.942219 0.006437389 10.37045
v -4.918711 0.002378372 10.32118
v -6.35032 0.002378674 9.511139
v -4.897504 -0.009401591 10.27674
v -6.322945 -0.00940129 9.470204
v -4.880675 -0.02774927 10.24147
v -6.30122 -0.02774897 9.437718
v -4.866146 -0.07649651 10.21102
v -4.866146 -0.1710663 10.21102
v -3.334903 -0.1710666 10.81224
v -3.334903 -0.07649681 10.81224
v -4.869869 -0.05086836 10.21882
v -3.337449 -0.05086866 10.82051
v -4.880674 -0.02774897 10.24147
v -3.344836 -0.02774927 10.84448
v -2.3139 -0.05086866 7.498293
v -2.311354 -0.07649681 7.490031
v -2.311354 -1.993563 7.490031
v -2.5421 -1.993563 8.238979
v -2.321287 -0.02774927 7.522272
v -2.332794 -0.009401591 7.55962
v -2.347293 0.002378372 7.606682
v -2.363366 0.006437389 7.65885
v -2.490088 0.006437389 8.070161
v -2.50616 0.002378372 8.122329
v -2.520659 -0.009401591 8.16939
v -2.532166 -0.02774927 8.206738
v -2.539554 -0.05086866 8.230717
v -2.5421 -0.07649681 8.238979
v -2.5421 -0.1710666 8.238979
v -3.334903 -0.1710666 10.81224
v -2.5421 -0.1710666 8.238979
v -3.334903 -1.993563 10.81224
v -3.337449 -0.05086866 10.82051
v -3.334903 -0.07649681 10.81224
v -3.565649 -1.993563 11.56119
v -3.344836 -0.02774927 10.84448
v -3.356343 -0.009401591 10.88183
v -3.370842 0.002378372 10.92889
v -3.386915 0.006437389 10.98106
v -3.513637 0.006437389 11.39237
v -3.529709 0.002378372 11.44454
v -3.544209 -0.009401591 11.4916
v -3.555715 -0.02774927 11.52895
v -3.563103 -0.05086866 11.55293
v -3.565649 -0.07649681 11.56119
v -3.565649 -1.993563 11.56119
v -5.203633 -1.993562 10.91832
v -5.203632 -0.07649651 10.91832
v -3.565649 -0.07649681 11.56119
v -3.563103 -0.05086866 11.55293
v -5.199909 -0.05086836 10.91051
v -3.555715 -0.02774927 11.52895
v -5.189104 -0.02774897 10.88787
v -3.706598 -1.993562 7.780862
v -2.311354 -1.993563 7.490031
v -3.369111 -1.993562 7.073564
v -2.5421 -1.993563 8.238979
v -4.866146 -1.993562 10.21102
v -3.334903 -1.993563 10.81224
v -5.203633 -1.993562 10.91832
v -3.565649 -1.993563 11.56119
v -5.199909 -0.05086836 10.91051
v -5.203632 -0.07649651 10.91832
v -5.203633 -1.993562 10.91832
v -5.189104 -0.02774897 10.88787
v -5.172275 -0.00940129 10.8526
v -5.151068 0.002378674 10.80815
v -5.12756 0.006437691 10.75889
v -4.942218 0.006437691 10.37045
v -4.91871 0.002378674 10.32118
v -4.897504 -0.00940129 10.27674
v -4.880674 -0.02774897 10.24147
v -4.869869 -0.05086836 10.21882
v -4.866146 -0.07649651 10.21102
v -4.866146 -0.1710663 10.21102
v -4.866146 -1.993562 10.21102
v -3.706598 -0.1710663 7.780861
v -4.866146 -0.1710663 10.21102
v -3.706598 -1.993562 7.780862
v -3.369111 -1.993562 7.073564
v -3.369111 -0.07649651 7.073563
v -3.372834 -0.05086836 7.081366
v -3.383639 -0.02774897 7.104012
v -3.400469 -0.00940129 7.139283
v -3.421675 0.002378674 7.183727
v -3.445183 0.006437691 7.232994
v -3.630526 0.006437691 7.621431
v -3.654033 0.002378674 7.670697
v -3.67524 -0.00940129 7.715142
v -3.692069 -0.02774897 7.750413
v -3.702874 -0.05086836 7.773058
v -3.706598 -0.07649651 7.780861
v -3.369111 -1.993562 7.073564
v -2.311354 -1.993563 7.490031
v -2.311354 -0.07649681 7.490031
v -3.369111 -0.07649651 7.073563
v -3.372834 -0.05086836 7.081366
v -2.3139 -0.05086866 7.498293
v -3.383639 -0.02774897 7.104012
v -2.321287 -0.02774927 7.522272
v -3.400469 -0.00940129 7.139283
v -2.332794 -0.009401591 7.55962
v -3.421675 0.002378674 7.183727
v -2.347293 0.002378372 7.606682
v -3.445183 0.006437691 7.232994
v -2.363366 0.006437389 7.65885
v -2.490088 0.006437389 8.070161
v -3.630526 0.006437691 7.621431
v -3.654033 0.002378674 7.670697
v -2.50616 0.002378372 8.122329
v -3.67524 -0.00940129 7.715142
v -2.520659 -0.009401591 8.16939
v -3.692069 -0.02774897 7.750413
v -2.532166 -0.02774927 8.206738
v -3.702874 -0.05086836 7.773058
v -2.539554 -0.05086866 8.230717
v -3.706598 -0.07649651 7.780861
v -2.5421 -0.07649681 8.238979
v -3.706598 -0.1710663 7.780861
v -2.5421 -0.1710666 8.238979
v -3.544209 -0.009401591 11.4916
v -3.555715 -0.02774927 11.52895
v -5.189104 -0.02774897 10.88787
v -5.172275 -0.00940129 10.8526
v -3.529709 0.002378372 11.44454
v -5.151068 0.002378674 10.80815
v -3.513637 0.006437389 11.39237
v -5.12756 0.006437691 10.75889
v -4.942218 0.006437691 10.37045
v -3.386915 0.006437389 10.98106
v -3.370842 0.002378372 10.92889
v -4.91871 0.002378674 10.32118
v -3.356343 -0.009401591 10.88183
v -4.897504 -0.00940129 10.27674
v -3.344836 -0.02774927 10.84448
v -4.880674 -0.02774897 10.24147
v -3.334903 -0.07649651 10.81224
v -3.334903 -0.1710663 10.81224
v -1.706512 -0.1710666 11.19624
v -1.706512 -0.07649681 11.19624
v -3.337448 -0.05086836 10.82051
v -1.707807 -0.05086866 11.20479
v -3.344836 -0.02774897 10.84448
v -1.711565 -0.02774927 11.2296
v -1.187209 -0.05086866 7.767682
v -1.185914 -0.07649681 7.759134
v -1.185914 -1.993563 7.759134
v -1.303276 -1.993563 8.533985
v -1.190966 -0.02774927 7.79249
v -1.196819 -0.009401591 7.831131
v -1.204194 0.002378372 7.879819
v -1.212368 0.006437389 7.933792
v -1.276822 0.006437389 8.359327
v -1.284997 0.002378372 8.4133
v -1.292371 -0.009401591 8.461988
v -1.298224 -0.02774927 8.500628
v -1.301981 -0.05086866 8.525436
v -1.303276 -0.07649681 8.533985
v -1.303276 -0.1710666 8.533985
v -1.706512 -0.1710666 11.19624
v -1.303276 -0.1710666 8.533985
v -1.706512 -1.993563 11.19624
v -1.707807 -0.05086866 11.20479
v -1.706512 -0.07649681 11.19624
v -1.823874 -1.993563 11.97109
v -1.711565 -0.02774927 11.2296
v -1.717417 -0.009401591 11.26824
v -1.724792 0.002378372 11.31693
v -1.732967 0.006437389 11.3709
v -1.79742 0.006437389 11.79644
v -1.805595 0.002378372 11.85041
v -1.812969 -0.009401591 11.8991
v -1.818822 -0.02774927 11.93774
v -1.82258 -0.05086866 11.96255
v -1.823874 -0.07649681 11.97109
v -1.823874 -1.993563 11.97109
v -3.565649 -1.993562 11.56119
v -3.565648 -0.07649651 11.56119
v -1.823874 -0.07649681 11.97109
v -1.82258 -0.05086866 11.96255
v -3.563103 -0.05086836 11.55293
v -1.818822 -0.02774927 11.93774
v -3.555715 -0.02774897 11.52895
v -2.5421 -1.993562 8.238979
v -1.185914 -1.993563 7.759134
v -2.311354 -1.993562 7.490031
v -1.303276 -1.993563 8.533985
v -3.334903 -1.993562 10.81224
v -1.706512 -1.993563 11.19624
v -3.565649 -1.993562 11.56119
v -1.823874 -1.993563 11.97109
v -3.563103 -0.05086836 11.55293
v -3.565648 -0.07649651 11.56119
v -3.565649 -1.993562 11.56119
v -3.555715 -0.02774897 11.52895
v -3.544208 -0.00940129 11.4916
v -3.529709 0.002378674 11.44454
v -3.513636 0.006437691 11.39237
v -3.386914 0.006437691 10.98106
v -3.370842 0.002378674 10.92889
v -3.356343 -0.00940129 10.88183
v -3.344836 -0.02774897 10.84448
v -3.337448 -0.05086836 10.82051
v -3.334903 -0.07649651 10.81224
v -3.334903 -0.1710663 10.81224
v -3.334903 -1.993562 10.81224
v -2.5421 -0.1710663 8.238979
v -3.334903 -0.1710663 10.81224
v -2.5421 -1.993562 8.238979
v -2.311354 -1.993562 7.490031
v -2.311354 -0.07649651 7.490031
v -2.3139 -0.05086836 7.498293
v -2.321287 -0.02774897 7.522272
v -2.332794 -0.00940129 7.55962
v -2.347293 0.002378674 7.606682
v -2.363366 0.006437691 7.65885
v -2.490088 0.006437691 8.070161
v -2.50616 0.002378674 8.122329
v -2.520659 -0.00940129 8.16939
v -2.532166 -0.02774897 8.206738
v -2.539554 -0.05086836 8.230717
v -2.5421 -0.07649651 8.238979
v -2.311354 -1.993562 7.490031
v -1.185914 -1.993563 7.759134
v -1.185914 -0.07649681 7.759134
v -2.311354 -0.07649651 7.490031
v -2.3139 -0.05086836 7.498293
v -1.187209 -0.05086866 7.767682
v -2.321287 -0.02774897 7.522272
v -1.190966 -0.02774927 7.79249
v -2.332794 -0.00940129 7.55962
v -1.196819 -0.009401591 7.831131
v -2.347293 0.002378674 7.606682
v -1.204194 0.002378372 7.879819
v -2.363366 0.006437691 7.65885
v -1.212368 0.006437389 7.933792
v -1.276822 0.006437389 8.359327
v -2.490088 0.006437691 8.070161
v -2.50616 0.002378674 8.122329
v -1.284997 0.002378372 8.4133
v -2.520659 -0.00940129 8.16939
v -1.292371 -0.009401591 8.461988
v -2.532166 -0.02774897 8.206738
v -1.298224 -0.02774927 8.500628
v -2.539554 -0.05086836 8.230717
v -1.301981 -0.05086866 8.525436
v -2.5421 -0.07649651 8.238979
v -1.303276 -0.07649681 8.533985
v -2.5421 -0.1710663 8.238979
v -1.303276 -0.1710666 8.533985
v -1.812969 -0.009401591 11.8991
v -1.818822 -0.02774927 11.93774
v -3.555715 -0.02774897 11.52895
v -3.544208 -0.00940129 11.4916
v -1.805595 0.002378372 11.85041
v -3.529709 0.002378674 11.44454
v -1.79742 0.006437389 11.79644
v -3.513636 0.006437691 11.39237
v -3.386914 0.006437691 10.98106
v -1.732967 0.006437389 11.3709
v -1.724792 0.002378372 11.31693
v -3.370842 0.002378674 10.92889
v -1.717417 -0.009401591 11.26824
v -3.356343 -0.00940129 10.88183
v -1.711565 -0.02774927 11.2296
v -3.344836 -0.02774897 10.84448
v -1.706512 -0.07649651 11.19624
v -1.706512 -0.1710663 11.19624
v 1.604928E-07 -0.1710666 11.34631
v 1.604928E-07 -0.07649681 11.34631
v -1.707807 -0.05086836 11.20479
v 1.615235E-07 -0.05086866 11.35496
v -1.711564 -0.02774897 11.2296
v 1.645146E-07 -0.02774927 11.38005
v -2.528851E-07 -0.05086866 7.878645
v -2.539158E-07 -0.07649681 7.869999
v -4.781625E-07 -1.993563 7.87
v -3.847395E-07 -1.993563 8.653688
v -2.49894E-07 -0.02774927 7.903737
v -2.452353E-07 -0.009401591 7.942817
v -2.393649E-07 0.002378372 7.992062
v -2.328575E-07 0.006437389 8.04665
v -1.815511E-07 0.006437389 8.477038
v -1.750438E-07 0.002378372 8.531627
v -1.691734E-07 -0.009401591 8.580871
v -1.645146E-07 -0.02774927 8.619951
v -1.615235E-07 -0.05086866 8.645042
v -1.604928E-07 -0.07649681 8.653688
v -1.604928E-07 -0.1710666 8.653688
v 1.604928E-07 -0.1710666 11.34631
v -1.604928E-07 -0.1710666 8.653688
v -6.375384E-08 -1.993563 11.34631
v 1.615235E-07 -0.05086866 11.35496
v 1.604928E-07 -0.07649681 11.34631
v 2.966915E-08 -1.993563 12.13
v 1.645146E-07 -0.02774927 11.38005
v 1.691734E-07 -0.009401591 11.41913
v 1.750438E-07 0.002378372 11.46837
v 1.815511E-07 0.006437389 11.52296
v 2.328575E-07 0.006437389 11.95335
v 2.393649E-07 0.002378372 12.00794
v 2.452353E-07 -0.009401591 12.05718
v 2.49894E-07 -0.02774927 12.09626
v 2.528851E-07 -0.05086866 12.12136
v 2.539158E-07 -0.07649681 12.13
v 2.966915E-08 -1.993563 12.13
v -1.823874 -1.993562 11.97109
v -1.823874 -0.07649651 11.97109
v 2.539158E-07 -0.07649681 12.13
v 2.528851E-07 -0.05086866 12.12136
v -1.822579 -0.05086836 11.96255
v 2.49894E-07 -0.02774927 12.09626
v -1.818822 -0.02774897 11.93774
v -1.303276 -1.993562 8.533985
v -4.781625E-07 -1.993563 7.87
v -1.185914 -1.993562 7.759134
v -3.847395E-07 -1.993563 8.653688
v -1.706512 -1.993562 11.19624
v -6.375384E-08 -1.993563 11.34631
v -1.823874 -1.993562 11.97109
v 2.966915E-08 -1.993563 12.13
v -1.822579 -0.05086836 11.96255
v -1.823874 -0.07649651 11.97109
v -1.823874 -1.993562 11.97109
v -1.818822 -0.02774897 11.93774
v -1.812969 -0.00940129 11.8991
v -1.805594 0.002378674 11.85041
v -1.79742 0.006437691 11.79644
v -1.732966 0.006437691 11.3709
v -1.724792 0.002378674 11.31693
v -1.717417 -0.00940129 11.26824
v -1.711564 -0.02774897 11.2296
v -1.707807 -0.05086836 11.20479
v -1.706512 -0.07649651 11.19624
v -1.706512 -0.1710663 11.19624
v -1.706512 -1.993562 11.19624
v -1.303276 -0.1710663 8.533985
v -1.706512 -0.1710663 11.19624
v -1.303276 -1.993562 8.533985
v -1.185914 -1.993562 7.759134
v -1.185914 -0.07649651 7.759134
v -1.187209 -0.05086836 7.767682
v -1.190966 -0.02774897 7.79249
v -1.196819 -0.00940129 7.831131
v -1.204193 0.002378674 7.879819
v -1.212368 0.006437691 7.933792
v -1.276821 0.006437691 8.359327
v -1.284996 0.002378674 8.4133
v -1.292371 -0.00940129 8.461988
v -1.298223 -0.02774897 8.500628
v -1.301981 -0.05086836 8.525436
v -1.303276 -0.07649651 8.533985
v -1.185914 -1.993562 7.759134
v -4.781625E-07 -1.993563 7.87
v -2.539158E-07 -0.07649681 7.869999
v -1.185914 -0.07649651 7.759134
v -1.187209 -0.05086836 7.767682
v -2.528851E-07 -0.05086866 7.878645
v -1.190966 -0.02774897 7.79249
v -2.49894E-07 -0.02774927 7.903737
v -1.196819 -0.00940129 7.831131
v -2.452353E-07 -0.009401591 7.942817
v -1.204193 0.002378674 7.879819
v -2.393649E-07 0.002378372 7.992062
v -1.212368 0.006437691 7.933792
v -2.328575E-07 0.006437389 8.04665
v -1.815511E-07 0.006437389 8.477038
v -1.276821 0.006437691 8.359327
v -1.284996 0.002378674 8.4133
v -1.750438E-07 0.002378372 8.531627
v -1.292371 -0.00940129 8.461988
v -1.691734E-07 -0.009401591 8.580871
v -1.298223 -0.02774897 8.500628
v -1.645146E-07 -0.02774927 8.619951
v -1.301981 -0.05086836 8.525436
v -1.615235E-07 -0.05086866 8.645042
v -1.303276 -0.07649651 8.533985
v -1.604928E-07 -0.07649681 8.653688
v -1.303276 -0.1710663 8.533985
v -1.604928E-07 -0.1710666 8.653688
v 2.452353E-07 -0.009401591 12.05718
v 2.49894E-07 -0.02774927 12.09626
v -1.818822 -0.02774897 11.93774
v -1.812969 -0.00940129 11.8991
v 2.393649E-07 0.002378372 12.00794
v -1.805594 0.002378674 11.85041
v 2.328575E-07 0.006437389 11.95335
v -1.79742 0.006437691 11.79644
v -1.732966 0.006437691 11.3709
v 1.815511E-07 0.006437389 11.52296
v 1.750438E-07 0.002378372 11.46837
v -1.724792 0.002378674 11.31693
v 1.691734E-07 -0.009401591 11.41913
v -1.717417 -0.00940129 11.26824
v 1.645146E-07 -0.02774927 11.38005
v -1.711564 -0.02774897 11.2296
v 1.086032E-07 -0.1710663 8.653688
v 1.303276 -0.1710666 8.533985
v 1.706513 -0.1710666 11.19624
v 4.295888E-07 -0.1710663 11.34631
v 1.303276 -0.1710663 8.533985
v 2.5421 -0.1710666 8.23898
v 3.334903 -0.1710666 10.81224
v 1.706513 -0.1710663 11.19624
v 2.5421 -0.1710663 8.238979
v 3.706599 -0.1710666 7.780861
v 4.866146 -0.1710666 10.21102
v 3.334904 -0.1710663 10.81224
v 3.706599 -0.1710663 7.780861
v 4.785648 -0.1710666 7.171427
v 6.282466 -0.1710666 9.409674
v 4.866147 -0.1710663 10.21102
v 4.785648 -0.1710663 7.171427
v 5.767148 -0.1710666 6.422579
v 7.567065 -0.1710666 8.425206
v 6.282466 -0.1710663 9.409674
v 5.767148 -0.1710663 6.422579
v 6.638419 -0.1710666 5.546594
v 8.70372 -0.1710666 7.274236
v 7.567065 -0.1710663 8.425206
v 6.638419 -0.1710663 5.546594
v 7.351906 -0.1710666 4.533976
v 9.642183 -0.1710666 5.9499
v 8.70372 -0.1710663 7.274236
v 7.351906 -0.1710663 4.533975
v 7.915434 -0.1710666 3.425014
v 10.38607 -0.1710666 4.4956
v 9.642183 -0.1710663 5.949899
v 7.915434 -0.1710663 3.425014
v 8.32241 -0.1710666 2.235903
v 10.92326 -0.1710666 2.9329
v 10.38607 -0.1710663 4.4956
v 8.32241 -0.1710663 2.235903
v 8.56107 -0.1710666 0.9772074
v 11.2366 -0.1710666 1.280134
v 10.92326 -0.1710663 2.9329
v 8.56107 -0.1710663 0.9772072
v 8.620917 -0.1710666 -0.3256406
v 11.31164 -0.1710666 -0.4268065
v 11.2366 -0.1710663 1.280133
v 8.620917 -0.1710663 -0.3256408
v 8.494636 -0.1710666 -1.624875
v 11.13993 -0.1710666 -2.127527
v 11.31164 -0.1710663 -0.4268069
v 8.494636 -0.1710663 -1.624876
v 8.157314 -0.1710666 -2.84884
v 10.69946 -0.1710666 -3.736363
v 11.13993 -0.1710663 -2.127528
v 8.157314 -0.1710663 -2.848841
v 7.647889 -0.1710666 -3.988946
v 10.03436 -0.1710666 -5.235928
v 10.69946 -0.1710663 -3.736363
v 7.647889 -0.1710663 -3.988947
v 6.992377 -0.1710666 -5.038275
v 9.175737 -0.1710666 -6.614078
v 10.03436 -0.1710663 -5.235929
v 6.992377 -0.1710663 -5.038275
v 6.202895 -0.1710666 -5.984432
v 8.140366 -0.1710666 -7.854304
v 9.175737 -0.1710663 -6.614078
v 6.202895 -0.1710663 -5.984432
v 5.291907 -0.1710666 -6.81472
v 6.944685 -0.1710666 -8.940407
v 8.140366 -0.1710663 -7.854304
v 5.291907 -0.1710663 -6.81472
v 4.272117 -0.1710666 -7.51649
v 5.604889 -0.1710666 -9.856133
v 6.944685 -0.1710663 -8.940407
v 4.272116 -0.1710663 -7.51649
v 3.144135 -0.1710666 -8.051634
v 4.124349 -0.1710666 -10.5595
v 5.604888 -0.1710663 -9.856134
v 3.144135 -0.1710663 -8.051635
v 1.930183 -0.1710666 -8.407623
v 2.53042 -0.1710666 -11.03249
v 4.124348 -0.1710663 -10.5595
v 1.930183 -0.1710663 -8.407623
v 0.6513526 -0.1710666 -8.590047
v 0.8535415 -0.1710666 -11.27507
v 2.530419 -0.1710663 -11.03249
v 0.6513523 -0.1710663 -8.590047
v -0.6513525 -0.1710666 -8.590047
v -0.8535417 -0.1710666 -11.27507
v 0.8535412 -0.1710663 -11.27507
v -0.6513528 -0.1710663 -8.590047
v -1.930183 -0.1710666 -8.407623
v -2.53042 -0.1710666 -11.03249
v -0.853542 -0.1710663 -11.27507
v -1.930184 -0.1710663 -8.407623
v -3.144135 -0.1710666 -8.051635
v -4.124348 -0.1710666 -10.5595
v -2.53042 -0.1710663 -11.03249
v -3.144135 -0.1710663 -8.051635
v -4.272117 -0.1710666 -7.51649
v -5.604889 -0.1710666 -9.856133
v -4.124349 -0.1710663 -10.5595
v -4.272117 -0.1710663 -7.516489
v -5.291907 -0.1710666 -6.81472
v -6.944684 -0.1710666 -8.940407
v -5.604889 -0.1710663 -9.856133
v -5.291908 -0.1710663 -6.81472
v -6.202895 -0.1710666 -5.984432
v -8.140366 -0.1710666 -7.854304
v -6.944685 -0.1710663 -8.940407
v -6.202895 -0.1710663 -5.984432
v -6.992377 -0.1710666 -5.038274
v -9.175736 -0.1710666 -6.614078
v -8.140366 -0.1710663 -7.854304
v -6.992377 -0.1710663 -5.038274
v -7.64789 -0.1710666 -3.988946
v -10.03436 -0.1710666 -5.235928
v -9.175736 -0.1710663 -6.614078
v -7.64789 -0.1710663 -3.988946
v -8.157313 -0.1710666 -2.84884
v -10.69946 -0.1710666 -3.736362
v -10.03436 -0.1710663 -5.235928
v -8.157313 -0.1710663 -2.84884
v -8.494637 -0.1710666 -1.624875
v -11.13993 -0.1710666 -2.127527
v -10.69946 -0.1710663 -3.736362
v -8.494636 -0.1710663 -1.624875
v -8.620917 -0.1710666 -0.3256407
v -11.31164 -0.1710666 -0.4268064
v -11.13993 -0.1710663 -2.127527
v -8.620917 -0.1710663 -0.3256404
v -8.561071 -0.1710666 0.9772074
v -11.2366 -0.1710666 1.280134
v -11.31164 -0.1710663 -0.4268061
v -8.561071 -0.1710663 0.9772076
v -8.322411 -0.1710666 2.235903
v -10.92326 -0.1710666 2.9329
v -11.2366 -0.1710663 1.280134
v -8.322411 -0.1710663 2.235903
v -7.915435 -0.1710666 3.425014
v -10.38608 -0.1710666 4.4956
v -10.92326 -0.1710663 2.932901
v -7.915434 -0.1710663 3.425014
v -7.351904 -0.1710666 4.533976
v -9.642182 -0.1710666 5.9499
v -10.38607 -0.1710663 4.4956
v -7.351904 -0.1710663 4.533976
v -6.638419 -0.1710666 5.546595
v -8.70372 -0.1710666 7.274236
v -9.642182 -0.1710663 5.9499
v -6.638418 -0.1710663 5.546595
v -5.767148 -0.1710666 6.422579
v -7.567064 -0.1710666 8.425206
v -8.70372 -0.1710663 7.274236
v -5.767148 -0.1710663 6.422579
v -4.785648 -0.1710666 7.171428
v -6.282466 -0.1710666 9.409675
v -7.567064 -0.1710663 8.425206
v -4.785647 -0.1710663 7.171428
v -3.706598 -0.1710666 7.780862
v -4.866146 -0.1710666 10.21102
v -6.282466 -0.1710663 9.409675
v -3.706598 -0.1710663 7.780861
v -2.5421 -0.1710666 8.238979
v -3.334903 -0.1710666 10.81224
v -4.866146 -0.1710663 10.21102
v -2.5421 -0.1710663 8.238979
v -1.303276 -0.1710666 8.533985
v -1.706512 -0.1710666 11.19624
v -3.334903 -0.1710663 10.81224
v -1.303276 -0.1710663 8.533985
v -1.604928E-07 -0.1710666 8.653688
v 1.604928E-07 -0.1710666 11.34631
v -1.706512 -0.1710663 11.19624

vn -0.9999999 0 1.192093E-07
vn -0.9999999 0 1.192093E-07
vn -0.9999999 0 1.192093E-07
vn -0.9887228 0 0.1497561
vn -0.9887228 0 0.1497561
vn -0.9887228 0 0.1497561
vn -0.9556713 0 0.2944354
vn -0.9556713 0 0.2944354
vn -0.9556713 0 0.2944354
vn -0.9025244 0 0.4306387
vn -0.9025244 0 0.4306387
vn -0.9025244 0 0.4306387
vn -0.8312516 0 0.5558962
vn -0.8312516 0 0.5558962
vn -0.8312516 0 0.5558962
vn -0.743746 0 0.6684623
vn -0.743746 0 0.6684623
vn -0.743746 0 0.6684623
vn -0.6416205 0 0.7670221
vn -0.6416205 0 0.7670221
vn -0.6416205 0 0.7670221
vn -0.5258534 0 0.8505753
vn -0.5258534 0 0.8505753
vn -0.5258534 0 0.8505753
vn -0.3975997 0 0.9175589
vn -0.3975997 0 0.9175589
vn -0.3975997 0 0.9175589
vn -0.2588544 0 0.9659162
vn -0.2588544 0 0.9659162
vn -0.2588544 0 0.9659162
vn -0.1125023 0 0.9936513
vn -0.1125023 0 0.9936513
vn -0.1125023 0 0.9936513
vn 0.03757155 0 0.9992937
vn 0.03757155 0 0.9992937
vn 0.03757152 0 0.9992937
vn 0.1866776 0 0.9824212
vn 0.1866776 0 0.9824212
vn 0.1866775 0 0.9824212
vn 0.3296126 0 0.9441164
vn 0.3296126 0 0.9441164
vn 0.3296124 0 0.9441162
vn 0.4631104 0 0.8863005
vn 0.4631104 0 0.8863005
vn 0.4631104 0 0.8863005
vn 0.5852297 0 0.8108675
vn 0.5852297 0 0.8108675
vn 0.5852297 0 0.8108675
vn 0.6944426 0 0.719548
vn 0.6944426 0 0.719548
vn 0.6944426 0 0.719548
vn 0.7894483 0 0.6138167
vn 0.7894483 0 0.6138167
vn 0.7894483 0 0.6138167
vn 0.868909 0 0.4949718
vn 0.868909 0 0.4949718
vn 0.868909 0 0.4949718
vn 0.9313844 0 0.3640367
vn 0.9313844 0 0.3640367
vn 0.9313843 0 0.3640369
vn 0.974837 0 0.2229186
vn 0.974837 0 0.2229186
vn 0.974837 0 0.2229189
vn 0.9971768 0 0.07508993
vn 0.9971768 0 0.07508993
vn 0.9971768 0 0.07508993
vn 0.9971768 0 -0.07509005
vn 0.9971768 0 -0.07509005
vn 0.9971768 0 -0.07509005
vn 0.974837 0 -0.2229188
vn 0.974837 0 -0.2229188
vn 0.974837 0 -0.2229188
vn 0.9313846 0 -0.3640365
vn 0.9313846 0 -0.3640365
vn 0.9313846 0 -0.3640365
vn 0.8689091 0 -0.4949718
vn 0.8689091 0 -0.4949718
vn 0.8689091 0 -0.4949718
vn 0.7894485 0 -0.6138167
vn 0.7894485 0 -0.6138167
vn 0.7894485 0 -0.6138167
vn 0.6944427 0 -0.7195479
vn 0.6944427 0 -0.7195479
vn 0.6944428 0 -0.7195478
vn 0.58523 0 -0.8108673
vn 0.58523 0 -0.8108673
vn 0.58523 0 -0.8108673
vn 0.4631104 0 -0.8863006
vn 0.4631104 0 -0.8863006
vn 0.4631105 0 -0.8863006
vn 0.3296125 0 -0.9441164
vn 0.3296125 0 -0.9441164
vn 0.3296125 0 -0.9441162
vn 0.1866775 0 -0.9824212
vn 0.1866775 0 -0.9824212
vn 0.1866775 0 -0.9824212
vn 0.03757142 0 -0.9992939
vn 0.03757142 0 -0.9992939
vn 0.03757143 0 -0.9992939
vn -0.1125025 0 -0.9936514
vn -0.1125025 0 -0.9936514
vn -0.1125025 0 -0.9936514
vn -0.2588546 0 -0.9659164
vn -0.2588546 0 -0.9659164
vn -0.2588545 0 -0.9659163
vn -0.3975996 0 -0.917559
vn -0.3975996 0 -0.917559
vn -0.3975996 0 -0.917559
vn -0.5258533 0 -0.8505753
vn -0.5258533 0 -0.8505753
vn -0.5258533 0 -0.8505753
vn -0.6416204 0 -0.7670224
vn -0.6416204 0 -0.7670224
vn -0.6416204 0 -0.7670224
vn -0.7437461 0 -0.6684623
vn -0.7437461 0 -0.6684623
vn -0.7437461 0 -0.6684623
vn -0.8312517 0 -0.5558963
vn -0.8312517 0 -0.5558963
vn -0.8312517 0 -0.5558963
vn -0.9025244 0 -0.4306388
vn -0.9025244 0 -0.4306388
vn -0.9025244 0 -0.430639
vn -0.9556715 0 -0.2944353
vn -0.9556715 0 -0.2944353
vn -0.9556714 0 -0.2944354
vn -0.9887229 0 -0.1497559
vn -0.9887229 0 -0.1497559
vn -0.9887229 0 -0.1497559
vn -1.175688E-07 0.1653292 -0.9862383
vn -1.192093E-07 0 -0.9999999
vn -0.1497561 0 -0.9887228
vn -0.1476953 0.1653291 -0.9751164
vn -9.802326E-08 0.5690848 -0.8222787
vn -0.1231413 0.5690848 -0.8130059
vn -6.469909E-08 0.8399038 -0.5427353
vn -0.08127797 0.8399038 -0.5366148
vn 0.9887228 0 -0.1497561
vn 0.9887228 0 -0.1497561
vn 0.9887228 0 -0.1497561
vn 0.9887228 0 -0.1497561
vn 0.9887228 0 -0.1497561
vn 0.9887228 0 -0.1497561
vn 0.9887228 0 -0.1497561
vn 0.9887228 0 -0.1497561
vn 0.9887228 0 -0.1497561
vn 0.9887228 0 -0.1497561
vn 0.9887228 0 -0.1497561
vn 0.9887228 0 -0.1497561
vn 0.9887228 0 -0.1497561
vn 0.9887228 0 -0.1497561
vn 0.9887228 0 -0.1497561
vn 0.9887228 0 -0.1497561
vn 0.9887228 0 -0.1497561
vn 0.9887228 0 -0.1497561
vn 0.9887228 0 -0.1497561
vn 0.9887228 0 -0.1497561
vn 0.9887228 0 -0.1497561
vn 0.9887228 0 -0.1497561
vn 0.9887228 0 -0.1497561
vn 0.9887228 0 -0.1497561
vn 0.9887228 0 -0.1497561
vn 0.9887228 0 -0.1497561
vn 0.9887228 0 -0.1497561
vn 0.9887228 0 -0.1497561
vn 0.9887228 0 -0.1497561
vn 0.9887228 0 -0.1497561
vn 0.9887228 0 -0.1497561
vn 0.1497561 0 0.9887228
vn 1.192093E-07 0 0.9999999
vn 1.175689E-07 0.1653245 0.9862391
vn 0.1476954 0.1653245 0.9751173
vn 0.1231416 0.5690818 0.813008
vn 9.80235E-08 0.5690818 0.8222808
vn 0.08127797 0.8399038 0.5366148
vn 6.469909E-08 0.8399038 0.5427353
vn 0 -1 0
vn 0 -1 0
vn 0 -1 0
vn 0 -1 0
vn 0 -1 0
vn 0 -1 0
vn 0 -1 0
vn 0 -1 0
vn -0.9999999 0 1.192093E-07
vn -0.9999999 0 1.192093E-07
vn -0.9999999 0 1.192093E-07
vn -0.9999999 0 1.192093E-07
vn -0.9999999 0 1.192093E-07
vn -0.9999999 0 1.192093E-07
vn -0.9999999 0 1.192093E-07
vn -0.9999999 0 1.192093E-07
vn -0.9999999 0 1.192093E-07
vn -0.9999999 0 1.192093E-07
vn -0.9999999 0 1.192093E-07
vn -0.9999999 0 1.192093E-07
vn -0.9999999 0 1.192093E-07
vn -0.9999999 0 1.192093E-07
vn -0.9999999 0 1.192093E-07
vn -0.9999999 0 1.192093E-07
vn -0.9999999 0 1.192093E-07
vn -0.9999999 0 1.192093E-07
vn -0.9999999 0 1.192093E-07
vn -0.9999999 0 1.192093E-07
vn -0.9999999 0 1.192093E-07
vn -0.9999999 0 1.192093E-07
vn -0.9999999 0 1.192093E-07
vn -0.9999999 0 1.192093E-07
vn -0.9999999 0 1.192093E-07
vn -0.9999999 0 1.192093E-07
vn -0.9999999 0 1.192093E-07
vn -0.9999999 0 1.192093E-07
vn -0.9999999 0 1.192093E-07
vn -0.9999999 0 1.192093E-07
vn -0.9999999 0 1.192093E-07
vn -1.192093E-07 0 -0.9999999
vn -0.1497561 0 -0.9887228
vn -0.1476954 0.1653245 -0.9751173
vn -1.175689E-07 0.1653245 -0.9862391
vn -9.80235E-08 0.5690818 -0.8222808
vn -0.1231416 0.5690818 -0.813008
vn -6.469909E-08 0.8399038 -0.5427353
vn -0.08127797 0.8399038 -0.5366148
vn -3.848505E-08 0.9464549 -0.3228361
vn -0.04834669 0.9464549 -0.3191954
vn -1.797671E-08 0.9885644 -0.1507996
vn -0.02258317 0.9885644 -0.149099
vn -4.401589E-09 0.9993181 -0.03692321
vn -0.005529479 0.9993181 -0.03650682
vn 0.005529503 0.9993181 0.03650699
vn 4.401609E-09 0.9993181 0.03692337
vn 1.797673E-08 0.9885644 0.1507998
vn 0.0225832 0.9885644 0.1490992
vn 3.848505E-08 0.9464549 0.3228361
vn 0.04834669 0.9464549 0.3191954
vn 6.469909E-08 0.8399038 0.5427353
vn 0.08127797 0.8399038 0.5366148
vn 9.802326E-08 0.5690848 0.8222787
vn 0.1231413 0.5690848 0.8130059
vn 1.175688E-07 0.1653292 0.9862383
vn 0.1476953 0.1653291 0.9751164
vn 1.192093E-07 0 0.9999999
vn 0.1497561 0 0.9887228
vn 0.04834669 0.9464549 0.3191954
vn 0.08127797 0.8399038 0.5366148
vn 6.469909E-08 0.8399038 0.5427353
vn 3.848505E-08 0.9464549 0.3228361
vn 0.02258317 0.9885644 0.149099
vn 1.797671E-08 0.9885644 0.1507996
vn 0.005529479 0.9993181 0.03650682
vn 4.401589E-09 0.9993181 0.03692321
vn -4.401609E-09 0.9993181 -0.03692337
vn -0.005529503 0.9993181 -0.03650699
vn -0.0225832 0.9885644 -0.1490992
vn -1.797673E-08 0.9885644 -0.1507998
vn -0.04834669 0.9464549 -0.3191954
vn -3.848505E-08 0.9464549 -0.3228361
vn -0.08127797 0.8399038 -0.5366148
vn -6.469909E-08 0.8399038 -0.5427353
vn -0.1476953 0.1653292 -0.9751164
vn -0.1497561 0 -0.9887228
vn -0.2944354 0 -0.9556713
vn -0.2903835 0.1653291 -0.9425198
vn -0.1231413 0.5690848 -0.8130059
vn -0.242108 0.5690848 -0.7858283
vn -0.08127797 0.8399038 -0.5366148
vn -0.1598005 0.8399038 -0.5186766
vn 0.9556713 0 -0.2944354
vn 0.9556713 0 -0.2944354
vn 0.9556713 0 -0.2944354
vn 0.9556713 0 -0.2944354
vn 0.9556713 0 -0.2944354
vn 0.9556713 0 -0.2944354
vn 0.9556713 0 -0.2944354
vn 0.9556713 0 -0.2944354
vn 0.9556713 0 -0.2944354
vn 0.9556713 0 -0.2944354
vn 0.9556713 0 -0.2944354
vn 0.9556713 0 -0.2944354
vn 0.9556713 0 -0.2944354
vn 0.9556713 0 -0.2944354
vn 0.9556713 0 -0.2944354
vn 0.9556713 0 -0.2944354
vn 0.9556713 0 -0.2944354
vn 0.9556713 0 -0.2944354
vn 0.9556713 0 -0.2944354
vn 0.9556713 0 -0.2944354
vn 0.9556713 0 -0.2944354
vn 0.9556713 0 -0.2944354
vn 0.9556713 0 -0.2944354
vn 0.9556713 0 -0.2944354
vn 0.9556713 0 -0.2944354
vn 0.9556713 0 -0.2944354
vn 0.9556713 0 -0.2944354
vn 0.9556713 0 -0.2944354
vn 0.9556713 0 -0.2944354
vn 0.9556713 0 -0.2944354
vn 0.9556713 0 -0.2944354
vn 0.2944354 0 0.9556713
vn 0.1497561 0 0.9887228
vn 0.1476954 0.1653245 0.9751173
vn 0.2903838 0.1653245 0.9425206
vn 0.2421087 0.5690818 0.7858304
vn 0.1231416 0.5690818 0.8130078
vn 0.1598005 0.8399038 0.5186766
vn 0.08127797 0.8399038 0.5366148
vn 0 -1 0
vn 0 -1 0
vn 0 -1 0
vn 0 -1 0
vn 0 -1 0
vn 0 -1 0
vn 0 -1 0
vn 0 -1 0
vn -0.9887228 0 0.1497561
vn -0.9887228 0 0.1497561
vn -0.9887228 0 0.1497561
vn -0.9887228 0 0.1497561
vn -0.9887228 0 0.1497561
vn -0.9887228 0 0.1497561
vn -0.9887228 0 0.1497561
vn -0.9887228 0 0.1497561
vn -0.9887228 0 0.1497561
vn -0.9887228 0 0.1497561
vn -0.9887228 0 0.1497561
vn -0.9887228 0 0.1497561
vn -0.9887228 0 0.1497561
vn -0.9887228 0 0.1497561
vn -0.9887228 0 0.1497561
vn -0.9887228 0 0.1497561
vn -0.9887228 0 0.1497561
vn -0.9887228 0 0.1497561
vn -0.9887228 0 0.1497561
vn -0.9887228 0 0.1497561
vn -0.9887228 0 0.1497561
vn -0.9887228 0 0.1497561
vn -0.9887228 0 0.1497561
vn -0.9887228 0 0.1497561
vn -0.9887228 0 0.1497561
vn -0.9887228 0 0.1497561
vn -0.9887228 0 0.1497561
vn -0.9887228 0 0.1497561
vn -0.9887228 0 0.1497561
vn -0.9887228 0 0.1497561
vn -0.9887228 0 0.1497561
vn -0.1497561 0 -0.9887228
vn -0.2944354 0 -0.9556713
vn -0.2903838 0.1653245 -0.9425206
vn -0.1476954 0.1653245 -0.9751173
vn -0.1231416 0.5690818 -0.8130078
vn -0.2421087 0.5690818 -0.7858304
vn -0.08127797 0.8399038 -0.5366148
vn -0.1598005 0.8399038 -0.5186766
vn -0.04834669 0.9464549 -0.3191954
vn -0.09505439 0.9464549 -0.3085252
vn -0.02258317 0.9885644 -0.149099
vn -0.04440074 0.9885644 -0.1441148
vn -0.005529479 0.9993181 -0.03650682
vn -0.0108715 0.9993181 -0.03528646
vn 0.01087155 0.9993181 0.03528661
vn 0.005529503 0.9993181 0.03650699
vn 0.0225832 0.9885644 0.1490992
vn 0.0444008 0.9885644 0.144115
vn 0.04834669 0.9464549 0.3191954
vn 0.09505439 0.9464549 0.3085252
vn 0.08127797 0.8399038 0.5366148
vn 0.1598005 0.8399038 0.5186766
vn 0.1231413 0.5690848 0.8130059
vn 0.242108 0.5690848 0.7858283
vn 0.1476953 0.1653292 0.9751164
vn 0.2903835 0.1653291 0.9425198
vn 0.1497561 0 0.9887228
vn 0.2944354 0 0.9556713
vn 0.09505439 0.9464549 0.3085252
vn 0.1598005 0.8399038 0.5186766
vn 0.08127797 0.8399038 0.5366148
vn 0.04834669 0.9464549 0.3191954
vn 0.04440074 0.9885644 0.1441148
vn 0.02258317 0.9885644 0.149099
vn 0.0108715 0.9993181 0.03528646
vn 0.005529479 0.9993181 0.03650682
vn -0.005529503 0.9993181 -0.03650699
vn -0.01087155 0.9993181 -0.03528661
vn -0.0444008 0.9885644 -0.144115
vn -0.0225832 0.9885644 -0.1490992
vn -0.09505439 0.9464549 -0.3085252
vn -0.04834669 0.9464549 -0.3191954
vn -0.1598005 0.8399038 -0.5186766
vn -0.08127797 0.8399038 -0.5366148
vn -0.2903835 0.1653292 -0.9425198
vn -0.2944354 0 -0.9556713
vn -0.4306387 0 -0.9025244
vn -0.4247124 0.1653291 -0.8901042
vn -0.242108 0.5690848 -0.7858283
vn -0.3541051 0.5690848 -0.7421268
vn -0.1598005 0.8399038 -0.5186766
vn -0.2337229 0.8399038 -0.489832
vn 0.9025244 0 -0.4306387
vn 0.9025244 0 -0.4306387
vn 0.9025244 0 -0.4306386
vn 0.9025244 0 -0.4306386
vn 0.9025244 0 -0.4306387
vn 0.9025244 0 -0.4306387
vn 0.9025244 0 -0.4306387
vn 0.9025244 0 -0.4306387
vn 0.9025244 0 -0.4306387
vn 0.9025244 0 -0.4306387
vn 0.9025244 0 -0.4306387
vn 0.9025244 0 -0.4306387
vn 0.9025244 0 -0.4306387
vn 0.9025244 0 -0.4306387
vn 0.9025244 0 -0.4306387
vn 0.9025244 0 -0.4306387
vn 0.9025244 0 -0.4306387
vn 0.9025244 0 -0.4306386
vn 0.9025244 0 -0.4306387
vn 0.9025244 0 -0.4306387
vn 0.9025244 0 -0.4306386
vn 0.9025244 0 -0.4306387
vn 0.9025244 0 -0.4306387
vn 0.9025244 0 -0.4306387
vn 0.9025244 0 -0.4306387
vn 0.9025244 0 -0.4306387
vn 0.9025244 0 -0.4306387
vn 0.9025244 0 -0.4306387
vn 0.9025244 0 -0.4306387
vn 0.9025244 0 -0.4306387
vn 0.9025244 0 -0.4306387
vn 0.4306386 0 0.9025244
vn 0.2944354 0 0.9556713
vn 0.2903838 0.1653245 0.9425206
vn 0.4247127 0.1653245 0.890105
vn 0.354106 0.5690818 0.7421287
vn 0.2421086 0.5690818 0.7858303
vn 0.2337229 0.8399038 0.489832
vn 0.1598005 0.8399038 0.5186766
vn 0 -1 0
vn 0 -1 0
vn 0 -1 0
vn 0 -1 0
vn 0 -1 0
vn 0 -1 0
vn 0 -1 0
vn 0 -1 0
vn -0.9556713 0 0.2944354
vn -0.9556713 0 0.2944354
vn -0.9556713 0 0.2944354
vn -0.9556713 0 0.2944354
vn -0.9556713 0 0.2944354
vn -0.9556713 0 0.2944354
vn -0.9556713 0 0.2944354
vn -0.9556713 0 0.2944354
vn -0.9556713 0 0.2944354
vn -0.9556713 0 0.2944354
vn -0.9556713 0 0.2944354
vn -0.9556713 0 0.2944354
vn -0.9556713 0 0.2944354
vn -0.9556713 0 0.2944354
vn -0.9556713 0 0.2944354
vn -0.9556713 0 0.2944354
vn -0.9556713 0 0.2944354
vn -0.9556713 0 0.2944354
vn -0.9556713 0 0.2944354
vn -0.9556713 0 0.2944354
vn -0.9556713 0 0.2944354
vn -0.9556713 0 0.2944354
vn -0.9556713 0 0.2944354
vn -0.9556713 0 0.2944354
vn -0.9556713 0 0.2944354
vn -0.9556713 0 0.2944354
vn -0.9556713 0 0.2944354
vn -0.9556713 0 0.2944354
vn -0.9556713 0 0.2944354
vn -0.9556713 0 0.2944354
vn -0.9556713 0 0.2944354
vn -0.2944354 0 -0.9556713
vn -0.4306386 0 -0.9025244
vn -0.4247127 0.1653245 -0.890105
vn -0.2903838 0.1653245 -0.9425206
vn -0.2421086 0.5690818 -0.7858303
vn -0.354106 0.5690818 -0.7421287
vn -0.1598005 0.8399038 -0.5186766
vn -0.2337229 0.8399038 -0.489832
vn -0.09505439 0.9464549 -0.3085252
vn -0.1390257 0.9464549 -0.2913675
vn -0.04440075 0.9885644 -0.1441149
vn -0.06494013 0.9885644 -0.1361003
vn -0.0108715 0.9993181 -0.03528646
vn -0.01590056 0.9993181 -0.0333241
vn 0.01590063 0.9993181 0.03332425
vn 0.01087155 0.9993181 0.03528661
vn 0.0444008 0.9885644 0.144115
vn 0.06494022 0.9885644 0.1361005
vn 0.09505439 0.9464549 0.3085252
vn 0.1390257 0.9464549 0.2913675
vn 0.1598005 0.8399038 0.5186766
vn 0.2337229 0.8399038 0.489832
vn 0.242108 0.5690848 0.7858283
vn 0.3541051 0.5690848 0.7421268
vn 0.2903835 0.1653292 0.9425198
vn 0.4247124 0.1653291 0.8901042
vn 0.2944354 0 0.9556713
vn 0.4306387 0 0.9025244
vn 0.1390257 0.9464549 0.2913675
vn 0.2337229 0.8399038 0.489832
vn 0.1598005 0.8399038 0.5186766
vn 0.09505439 0.9464549 0.3085252
vn 0.06494013 0.9885644 0.1361003
vn 0.04440075 0.9885644 0.1441149
vn 0.01590056 0.9993181 0.0333241
vn 0.0108715 0.9993181 0.03528646
vn -0.01087155 0.9993181 -0.03528661
vn -0.01590063 0.9993181 -0.03332425
vn -0.06494022 0.9885644 -0.1361005
vn -0.0444008 0.9885644 -0.144115
vn -0.1390257 0.9464549 -0.2913675
vn -0.09505439 0.9464549 -0.3085252
vn -0.2337229 0.8399038 -0.489832
vn -0.1598005 0.8399038 -0.5186766
vn -0.4247124 0.1653292 -0.8901042
vn -0.4306387 0 -0.9025244
vn -0.5558962 0 -0.8312516
vn -0.5482461 0.1653291 -0.8198123
vn -0.3541051 0.5690848 -0.7421268
vn -0.4571017 0.5690848 -0.6835206
vn -0.2337229 0.8399038 -0.489832
vn -0.3017045 0.8399038 -0.4511497
vn 0.8312516 0 -0.5558962
vn 0.8312516 0 -0.5558962
vn 0.8312516 0 -0.5558962
vn 0.8312516 0 -0.5558962
vn 0.8312516 0 -0.5558962
vn 0.8312516 0 -0.5558962
vn 0.8312516 0 -0.5558962
vn 0.8312516 0 -0.5558962
vn 0.8312516 0 -0.5558962
vn 0.8312516 0 -0.5558962
vn 0.8312516 0 -0.5558962
vn 0.8312516 0 -0.5558962
vn 0.8312516 0 -0.5558962
vn 0.8312516 0 -0.5558962
vn 0.8312516 0 -0.5558962
vn 0.8312516 0 -0.5558962
vn 0.8312516 0 -0.5558962
vn 0.8312516 0 -0.5558962
vn 0.8312516 0 -0.5558962
vn 0.8312516 0 -0.5558962
vn 0.8312516 0 -0.5558962
vn 0.8312516 0 -0.5558962
vn 0.8312516 0 -0.5558962
vn 0.8312516 0 -0.5558962
vn 0.8312516 0 -0.5558962
vn 0.8312516 0 -0.5558962
vn 0.8312516 0 -0.5558962
vn 0.8312516 0 -0.5558962
vn 0.8312516 0 -0.5558962
vn 0.8312516 0 -0.5558962
vn 0.8312516 0 -0.5558962
vn 0.5558962 0 0.8312516
vn 0.4306387 0 0.9025244
vn 0.4247127 0.1653245 0.890105
vn 0.5482466 0.1653245 0.819813
vn 0.4571029 0.5690818 0.6835224
vn 0.3541059 0.5690818 0.7421286
vn 0.3017045 0.8399038 0.4511497
vn 0.2337229 0.8399038 0.489832
vn 0 -1 0
vn 0 -1 0
vn 0 -1 0
vn 0 -1 0
vn 0 -1 0
vn 0 -1 0
vn 0 -1 0
vn 0 -1 0
vn -0.9025244 0 0.4306387
vn -0.9025244 0 0.4306387
vn -0.9025244 0 0.4306387
vn -0.9025244 0 0.4306387
vn -0.9025244 0 0.4306387
vn -0.9025244 0 0.4306387
vn -0.9025244 0 0.4306387
vn -0.9025244 0 0.4306387
vn -0.9025244 0 0.4306387
vn -0.9025244 0 0.4306387
vn -0.9025244 0 0.4306387
vn -0.9025244 0 0.4306387
vn -0.9025244 0 0.4306387
vn -0.9025244 0 0.4306387
vn -0.9025244 0 0.4306387
vn -0.9025244 0 0.4306387
vn -0.9025244 0 0.4306387
vn -0.9025244 0 0.4306387
vn -0.9025244 0 0.4306387
vn -0.9025244 0 0.4306387
vn -0.9025244 0 0.4306387
vn -0.9025244 0 0.4306387
vn -0.9025244 0 0.4306387
vn -0.9025244 0 0.4306387
vn -0.9025244 0 0.4306387
vn -0.9025244 0 0.4306387
vn -0.9025244 0 0.4306387
vn -0.9025244 0 0.4306387
vn -0.9025244 0 0.4306387
vn -0.9025244 0 0.4306387
vn -0.9025244 0 0.4306387
vn -0.4306387 0 -0.9025244
vn -0.5558962 0 -0.8312516
vn -0.5482466 0.1653245 -0.819813
vn -0.4247127 0.1653245 -0.890105
vn -0.3541059 0.5690818 -0.7421286
vn -0.4571029 0.5690818 -0.6835224
vn -0.2337229 0.8399038 -0.489832
vn -0.3017045 0.8399038 -0.4511497
vn -0.1390257 0.9464549 -0.2913675
vn -0.1794634 0.9464549 -0.268358
vn -0.06494015 0.9885644 -0.1361003
vn -0.08382891 0.9885644 -0.1253524
vn -0.01590056 0.9993181 -0.0333241
vn -0.02052547 0.9993181 -0.03069248
vn 0.02052557 0.9993181 0.03069262
vn 0.01590063 0.9993181 0.03332425
vn 0.06494022 0.9885644 0.1361005
vn 0.08382903 0.9885644 0.1253526
vn 0.1390257 0.9464549 0.2913675
vn 0.1794634 0.9464549 0.268358
vn 0.2337229 0.8399038 0.489832
vn 0.3017045 0.8399038 0.4511497
vn 0.3541051 0.5690848 0.7421268
vn 0.4571017 0.5690848 0.6835206
vn 0.4247124 0.1653292 0.8901042
vn 0.5482461 0.1653291 0.8198123
vn 0.4306387 0 0.9025244
vn 0.5558962 0 0.8312516
vn 0.1794634 0.9464549 0.268358
vn 0.3017045 0.8399038 0.4511497
vn 0.2337229 0.8399038 0.489832
vn 0.1390257 0.9464549 0.2913675
vn 0.08382891 0.9885644 0.1253524
vn 0.06494015 0.9885644 0.1361003
vn 0.02052547 0.9993181 0.03069248
vn 0.01590056 0.9993181 0.0333241
vn -0.01590063 0.9993181 -0.03332425
vn -0.02052557 0.9993181 -0.03069262
vn -0.08382903 0.9885644 -0.1253526
vn -0.06494022 0.9885644 -0.1361005
vn -0.1794634 0.9464549 -0.268358
vn -0.1390257 0.9464549 -0.2913675
vn -0.3017045 0.8399038 -0.4511497
vn -0.2337229 0.8399038 -0.489832
vn -0.5482461 0.1653292 -0.8198123
vn -0.5558962 0 -0.8312516
vn -0.6684623 0 -0.7437459
vn -0.6592632 0.1653291 -0.7335108
vn -0.4571017 0.5690848 -0.6835206
vn -0.5496624 0.5690848 -0.6115665
vn -0.3017045 0.8399038 -0.4511497
vn -0.3627982 0.8399038 -0.4036572
vn 0.743746 0 -0.6684623
vn 0.743746 0 -0.6684623
vn 0.743746 0 -0.6684623
vn 0.743746 0 -0.6684623
vn 0.743746 0 -0.6684623
vn 0.743746 0 -0.6684623
vn 0.743746 0 -0.6684623
vn 0.743746 0 -0.6684623
vn 0.743746 0 -0.6684623
vn 0.743746 0 -0.6684623
vn 0.743746 0 -0.6684623
vn 0.743746 0 -0.6684623
vn 0.743746 0 -0.6684623
vn 0.743746 0 -0.6684623
vn 0.743746 0 -0.6684623
vn 0.743746 0 -0.6684623
vn 0.743746 0 -0.6684623
vn 0.743746 0 -0.6684623
vn 0.743746 0 -0.6684623
vn 0.743746 0 -0.6684623
vn 0.743746 0 -0.6684623
vn 0.743746 0 -0.6684623
vn 0.743746 0 -0.6684623
vn 0.743746 0 -0.6684623
vn 0.743746 0 -0.6684623
vn 0.743746 0 -0.6684623
vn 0.743746 0 -0.6684623
vn 0.743746 0 -0.6684623
vn 0.743746 0 -0.6684623
vn 0.743746 0 -0.6684623
vn 0.743746 0 -0.6684623
vn 0.6684623 0 0.7437459
vn 0.5558962 0 0.8312516
vn 0.5482466 0.1653245 0.819813
vn 0.6592637 0.1653245 0.7335114
vn 0.5496638 0.5690818 0.6115682
vn 0.4571028 0.5690818 0.6835223
vn 0.3627982 0.8399038 0.4036572
vn 0.3017045 0.8399038 0.4511497
vn 0 -1 0
vn 0 -1 0
vn 0 -1 0
vn 0 -1 0
vn 0 -1 0
vn 0 -1 0
vn 0 -1 0
vn 0 -1 0
vn -0.8312516 0 0.5558962
vn -0.8312516 0 0.5558962
vn -0.8312516 0 0.5558962
vn -0.8312516 0 0.5558962
vn -0.8312516 0 0.5558962
vn -0.8312516 0 0.5558962
vn -0.8312516 0 0.5558962
vn -0.8312516 0 0.5558962
vn -0.8312516 0 0.5558962
vn -0.8312516 0 0.5558962
vn -0.8312516 0 0.5558962
vn -0.8312516 0 0.5558962
vn -0.8312516 0 0.5558962
vn -0.8312516 0 0.5558962
vn -0.8312516 0 0.5558962
vn -0.8312516 0 0.5558962
vn -0.8312516 0 0.5558962
vn -0.8312516 0 0.5558962
vn -0.8312516 0 0.5558962
vn -0.8312516 0 0.5558962
vn -0.8312516 0 0.5558962
vn -0.8312516 0 0.5558962
vn -0.8312516 0 0.5558962
vn -0.8312516 0 0.5558962
vn -0.8312516 0 0.5558962
vn -0.8312516 0 0.5558962
vn -0.8312516 0 0.5558962
vn -0.8312516 0 0.5558962
vn -0.8312516 0 0.5558962
vn -0.8312516 0 0.5558962
vn -0.8312516 0 0.5558962
vn -0.5558962 0 -0.8312516
vn -0.6684623 0 -0.7437459
vn -0.6592637 0.1653245 -0.7335114
vn -0.5482466 0.1653245 -0.819813
vn -0.4571028 0.5690818 -0.6835223
vn -0.5496638 0.5690818 -0.6115682
vn -0.3017045 0.8399038 -0.4511497
vn -0.3627982 0.8399038 -0.4036572
vn -0.1794634 0.9464549 -0.268358
vn -0.2158038 0.9464549 -0.240108
vn -0.08382893 0.9885644 -0.1253524
vn -0.1008038 0.9885644 -0.1121566
vn -0.02052547 0.9993181 -0.03069248
vn -0.02468178 0.9993181 -0.02746149
vn 0.02468189 0.9993181 0.02746161
vn 0.02052557 0.9993181 0.03069262
vn 0.08382903 0.9885644 0.1253526
vn 0.100804 0.9885644 0.1121567
vn 0.1794634 0.9464549 0.268358
vn 0.2158038 0.9464549 0.240108
vn 0.3017045 0.8399038 0.4511497
vn 0.3627982 0.8399038 0.4036572
vn 0.4571017 0.5690848 0.6835206
vn 0.5496624 0.5690848 0.6115665
vn 0.5482461 0.1653292 0.8198123
vn 0.6592632 0.1653291 0.7335108
vn 0.5558962 0 0.8312516
vn 0.6684623 0 0.7437459
vn 0.2158038 0.9464549 0.240108
vn 0.3627982 0.8399038 0.4036572
vn 0.3017045 0.8399038 0.4511497
vn 0.1794634 0.9464549 0.268358
vn 0.1008038 0.9885644 0.1121566
vn 0.08382893 0.9885644 0.1253524
vn 0.02468178 0.9993181 0.02746149
vn 0.02052547 0.9993181 0.03069248
vn -0.02052557 0.9993181 -0.03069262
vn -0.02468189 0.9993181 -0.02746161
vn -0.100804 0.9885644 -0.1121567
vn -0.08382903 0.9885644 -0.1253526
vn -0.2158038 0.9464549 -0.240108
vn -0.1794634 0.9464549 -0.268358
vn -0.3627982 0.8399038 -0.4036572
vn -0.3017045 0.8399038 -0.4511497
vn -0.6592632 0.1653292 -0.7335108
vn -0.6684623 0 -0.7437459
vn -0.7670221 0 -0.6416205
vn -0.7564666 0.1653291 -0.6327908
vn -0.5496624 0.5690848 -0.6115665
vn -0.630706 0.5690848 -0.527591
vn -0.3627982 0.8399038 -0.4036572
vn -0.41629 0.8399038 -0.3482302
vn 0.6416205 0 -0.7670221
vn 0.6416205 0 -0.7670221
vn 0.6416205 0 -0.7670221
vn 0.6416205 0 -0.7670221
vn 0.6416205 0 -0.7670221
vn 0.6416205 0 -0.7670221
vn 0.6416205 0 -0.7670221
vn 0.6416205 0 -0.7670221
vn 0.6416205 0 -0.7670221
vn 0.6416205 0 -0.7670221
vn 0.6416205 0 -0.7670221
vn 0.6416205 0 -0.7670221
vn 0.6416205 0 -0.7670221
vn 0.6416205 0 -0.7670221
vn 0.6416205 0 -0.7670221
vn 0.6416205 0 -0.7670221
vn 0.6416205 0 -0.7670221
vn 0.6416205 0 -0.7670221
vn 0.6416205 0 -0.7670221
vn 0.6416205 0 -0.7670221
vn 0.6416205 0 -0.7670221
vn 0.6416205 0 -0.7670221
vn 0.6416205 0 -0.7670221
vn 0.6416205 0 -0.7670221
vn 0.6416205 0 -0.7670221
vn 0.6416205 0 -0.7670221
vn 0.6416205 0 -0.7670221
vn 0.6416205 0 -0.7670221
vn 0.6416205 0 -0.7670221
vn 0.6416205 0 -0.7670221
vn 0.6416205 0 -0.7670221
vn 0.7670221 0 0.6416205
vn 0.6684623 0 0.7437459
vn 0.6592637 0.1653245 0.7335114
vn 0.7564673 0.1653245 0.6327913
vn 0.6307077 0.5690818 0.5275924
vn 0.5496637 0.5690818 0.611568
vn 0.41629 0.8399038 0.3482302
vn 0.3627982 0.8399038 0.4036572
vn 0 -1 0
vn 0 -1 0
vn 0 -1 0
vn 0 -1 0
vn 0 -1 0
vn 0 -1 0
vn 0 -1 0
vn 0 -1 0
vn -0.743746 0 0.6684623
vn -0.743746 0 0.6684623
vn -0.743746 0 0.6684623
vn -0.743746 0 0.6684623
vn -0.743746 0 0.6684623
vn -0.743746 0 0.6684623
vn -0.743746 0 0.6684623
vn -0.743746 0 0.6684623
vn -0.743746 0 0.6684623
vn -0.743746 0 0.6684623
vn -0.743746 0 0.6684623
vn -0.743746 0 0.6684623
vn -0.743746 0 0.6684623
vn -0.743746 0 0.6684623
vn -0.743746 0 0.6684623
vn -0.743746 0 0.6684623
vn -0.743746 0 0.6684623
vn -0.743746 0 0.6684623
vn -0.743746 0 0.6684623
vn -0.743746 0 0.6684623
vn -0.743746 0 0.6684623
vn -0.743746 0 0.6684623
vn -0.743746 0 0.6684623
vn -0.743746 0 0.6684623
vn -0.743746 0 0.6684623
vn -0.743746 0 0.6684623
vn -0.743746 0 0.6684623
vn -0.743746 0 0.6684623
vn -0.743746 0 0.6684623
vn -0.743746 0 0.6684623
vn -0.743746 0 0.6684623
vn -0.6684623 0 -0.7437459
vn -0.7670221 0 -0.6416205
vn -0.7564673 0.1653245 -0.6327913
vn -0.6592637 0.1653245 -0.7335114
vn -0.5496637 0.5690818 -0.611568
vn -0.6307077 0.5690818 -0.5275924
vn -0.3627982 0.8399038 -0.4036572
vn -0.41629 0.8399038 -0.3482302
vn -0.2158038 0.9464549 -0.240108
vn -0.2476224 0.9464549 -0.2071383
vn -0.1008039 0.9885644 -0.1121566
vn -0.1156666 0.9885644 -0.09675611
vn -0.02468178 0.9993181 -0.02746149
vn -0.02832092 0.9993181 -0.02369069
vn 0.02832105 0.9993181 0.0236908
vn 0.02468189 0.9993181 0.02746161
vn 0.100804 0.9885644 0.1121567
vn 0.1156668 0.9885644 0.09675624
vn 0.2158038 0.9464549 0.240108
vn 0.2476224 0.9464549 0.2071383
vn 0.3627982 0.8399038 0.4036572
vn 0.41629 0.8399038 0.3482302
vn 0.5496624 0.5690848 0.6115665
vn 0.630706 0.5690848 0.527591
vn 0.6592632 0.1653292 0.7335108
vn 0.7564666 0.1653291 0.6327908
vn 0.6684623 0 0.7437459
vn 0.7670221 0 0.6416205
vn 0.2476224 0.9464549 0.2071383
vn 0.41629 0.8399038 0.3482302
vn 0.3627982 0.8399038 0.4036572
vn 0.2158038 0.9464549 0.240108
vn 0.1156666 0.9885644 0.09675611
vn 0.1008039 0.9885644 0.1121566
vn 0.02832092 0.9993181 0.02369069
vn 0.02468178 0.9993181 0.02746149
vn -0.02468189 0.9993181 -0.02746161
vn -0.02832105 0.9993181 -0.0236908
vn -0.1156668 0.9885644 -0.09675624
vn -0.100804 0.9885644 -0.1121567
vn -0.2476224 0.9464549 -0.2071383
vn -0.2158038 0.9464549 -0.240108
vn -0.41629 0.8399038 -0.3482302
vn -0.3627982 0.8399038 -0.4036572
vn -0.7564666 0.1653292 -0.6327908
vn -0.7670221 0 -0.6416205
vn -0.8505753 0 -0.5258534
vn -0.83887 0.1653291 -0.5186168
vn -0.630706 0.5690848 -0.527591
vn -0.6994101 0.5690848 -0.4323981
vn -0.41629 0.8399038 -0.3482302
vn -0.4616373 0.8399038 -0.2853993
vn 0.5258534 0 -0.8505753
vn 0.5258534 0 -0.8505753
vn 0.5258532 0 -0.8505751
vn 0.5258532 0 -0.8505751
vn 0.5258534 0 -0.8505753
vn 0.5258534 0 -0.8505753
vn 0.5258534 0 -0.8505753
vn 0.5258534 0 -0.8505753
vn 0.5258534 0 -0.8505753
vn 0.5258534 0 -0.8505753
vn 0.5258534 0 -0.8505753
vn 0.5258534 0 -0.8505753
vn 0.5258534 0 -0.8505753
vn 0.5258534 0 -0.8505753
vn 0.5258534 0 -0.8505753
vn 0.5258534 0 -0.8505753
vn 0.5258534 0 -0.8505753
vn 0.5258532 0 -0.8505751
vn 0.5258534 0 -0.8505753
vn 0.5258534 0 -0.8505753
vn 0.5258532 0 -0.8505751
vn 0.5258534 0 -0.8505753
vn 0.5258534 0 -0.8505753
vn 0.5258534 0 -0.8505753
vn 0.5258534 0 -0.8505753
vn 0.5258534 0 -0.8505753
vn 0.5258534 0 -0.8505753
vn 0.5258534 0 -0.8505753
vn 0.5258534 0 -0.8505753
vn 0.5258534 0 -0.8505753
vn 0.5258534 0 -0.8505753
vn 0.8505752 0 0.5258532
vn 0.7670221 0 0.6416205
vn 0.7564673 0.1653245 0.6327913
vn 0.8388707 0.1653245 0.5186173
vn 0.6994119 0.5690818 0.4323992
vn 0.6307076 0.5690818 0.5275923
vn 0.4616373 0.8399038 0.2853993
vn 0.41629 0.8399038 0.3482302
vn 0 -1 0
vn 0 -1 0
vn 0 -1 0
vn 0 -1 0
vn 0 -1 0
vn 0 -1 0
vn 0 -1 0
vn 0 -1 0
vn -0.6416205 0 0.7670221
vn -0.6416205 0 0.7670221
vn -0.6416205 0 0.7670221
vn -0.6416205 0 0.7670221
vn -0.6416205 0 0.7670221
vn -0.6416205 0 0.7670221
vn -0.6416205 0 0.7670221
vn -0.6416205 0 0.7670221
vn -0.6416205 0 0.7670221
vn -0.6416205 0 0.7670221
vn -0.6416205 0 0.7670221
vn -0.6416205 0 0.7670221
vn -0.6416205 0 0.7670221
vn -0.6416205 0 0.7670221
vn -0.6416205 0 0.7670221
vn -0.6416205 0 0.7670221
vn -0.6416205 0 0.7670221
vn -0.6416205 0 0.7670221
vn -0.6416205 0 0.7670221
vn -0.6416205 0 0.7670221
vn -0.6416205 0 0.7670221
vn -0.6416205 0 0.7670221
vn -0.6416205 0 0.7670221
vn -0.6416205 0 0.7670221
vn -0.6416205 0 0.7670221
vn -0.6416205 0 0.7670221
vn -0.6416205 0 0.7670221
vn -0.6416205 0 0.7670221
vn -0.6416205 0 0.7670221
vn -0.6416205 0 0.7670221
vn -0.6416205 0 0.7670221
vn -0.7670221 0 -0.6416205
vn -0.8505752 0 -0.5258532
vn -0.8388707 0.1653245 -0.5186173
vn -0.7564673 0.1653245 -0.6327913
vn -0.6307076 0.5690818 -0.5275923
vn -0.6994119 0.5690818 -0.4323992
vn -0.41629 0.8399038 -0.3482302
vn -0.4616373 0.8399038 -0.2853993
vn -0.2476224 0.9464549 -0.2071383
vn -0.2745964 0.9464549 -0.1697645
vn -0.1156666 0.9885644 -0.09675613
vn -0.1282664 0.9885644 -0.07929847
vn -0.02832092 0.9993181 -0.02369069
vn -0.03140597 0.9993181 -0.0194162
vn 0.03140611 0.9993181 0.01941628
vn 0.02832105 0.9993181 0.0236908
vn 0.1156668 0.9885644 0.09675624
vn 0.1282666 0.9885644 0.07929859
vn 0.2476224 0.9464549 0.2071383
vn 0.2745964 0.9464549 0.1697645
vn 0.41629 0.8399038 0.3482302
vn 0.4616373 0.8399038 0.2853993
vn 0.630706 0.5690848 0.527591
vn 0.6994101 0.5690848 0.4323981
vn 0.7564666 0.1653292 0.6327908
vn 0.83887 0.1653291 0.5186168
vn 0.7670221 0 0.6416205
vn 0.8505753 0 0.5258534
vn 0.2745964 0.9464549 0.1697645
vn 0.4616373 0.8399038 0.2853993
vn 0.41629 0.8399038 0.3482302
vn 0.2476224 0.9464549 0.2071383
vn 0.1282664 0.9885644 0.07929847
vn 0.1156666 0.9885644 0.09675613
vn 0.03140597 0.9993181 0.0194162
vn 0.02832092 0.9993181 0.02369069
vn -0.02832105 0.9993181 -0.0236908
vn -0.03140611 0.9993181 -0.01941628
vn -0.1282666 0.9885644 -0.07929859
vn -0.1156668 0.9885644 -0.09675624
vn -0.2745964 0.9464549 -0.1697645
vn -0.2476224 0.9464549 -0.2071383
vn -0.4616373 0.8399038 -0.2853993
vn -0.41629 0.8399038 -0.3482302
vn -0.83887 0.1653292 -0.5186168
vn -0.8505753 0 -0.5258534
vn -0.917559 0 -0.3975997
vn -0.9049319 0.1653291 -0.3921281
vn -0.6994101 0.5690848 -0.4323981
vn -0.7544894 0.5690848 -0.3269378
vn -0.4616373 0.8399038 -0.2853993
vn -0.4979917 0.8399038 -0.2157914
vn 0.3975997 0 -0.9175589
vn 0.3975997 0 -0.9175589
vn 0.3975997 0 -0.9175589
vn 0.3975997 0 -0.9175589
vn 0.3975997 0 -0.9175589
vn 0.3975997 0 -0.9175589
vn 0.3975997 0 -0.9175589
vn 0.3975997 0 -0.9175589
vn 0.3975997 0 -0.9175589
vn 0.3975997 0 -0.9175589
vn 0.3975997 0 -0.9175589
vn 0.3975997 0 -0.9175589
vn 0.3975997 0 -0.9175589
vn 0.3975997 0 -0.9175589
vn 0.3975997 0 -0.9175589
vn 0.3975997 0 -0.9175589
vn 0.3975997 0 -0.9175589
vn 0.3975997 0 -0.9175589
vn 0.3975997 0 -0.9175589
vn 0.3975997 0 -0.9175589
vn 0.3975997 0 -0.9175589
vn 0.3975997 0 -0.9175589
vn 0.3975997 0 -0.9175589
vn 0.3975997 0 -0.9175589
vn 0.3975997 0 -0.9175589
vn 0.3975997 0 -0.9175589
vn 0.3975997 0 -0.9175589
vn 0.3975997 0 -0.9175589
vn 0.3975997 0 -0.9175589
vn 0.3975997 0 -0.9175589
vn 0.3975997 0 -0.9175589
vn 0.9175588 0 0.3975997
vn 0.8505753 0 0.5258534
vn 0.8388707 0.1653245 0.5186173
vn 0.9049327 0.1653245 0.3921284
vn 0.7544913 0.5690818 0.3269387
vn 0.6994118 0.5690818 0.4323992
vn 0.4979917 0.8399038 0.2157914
vn 0.4616373 0.8399038 0.2853993
vn 0 -1 0
vn 0 -1 0
vn 0 -1 0
vn 0 -1 0
vn 0 -1 0
vn 0 -1 0
vn 0 -1 0
vn 0 -1 0
vn -0.5258534 0 0.8505753
vn -0.5258534 0 0.8505753
vn -0.5258534 0 0.8505753
vn -0.5258534 0 0.8505753
vn -0.5258534 0 0.8505753
vn -0.5258534 0 0.8505753
vn -0.5258534 0 0.8505753
vn -0.5258534 0 0.8505753
vn -0.5258534 0 0.8505753
vn -0.5258534 0 0.8505753
vn -0.5258534 0 0.8505753
vn -0.5258534 0 0.8505753
vn -0.5258534 0 0.8505753
vn -0.5258534 0 0.8505753
vn -0.5258534 0 0.8505753
vn -0.5258534 0 0.8505753
vn -0.5258534 0 0.8505753
vn -0.5258534 0 0.8505753
vn -0.5258534 0 0.8505753
vn -0.5258534 0 0.8505753
vn -0.5258534 0 0.8505753
vn -0.5258534 0 0.8505753
vn -0.5258534 0 0.8505753
vn -0.5258534 0 0.8505753
vn -0.5258534 0 0.8505753
vn -0.5258534 0 0.8505753
vn -0.5258534 0 0.8505753
vn -0.5258534 0 0.8505753
vn -0.5258534 0 0.8505753
vn -0.5258534 0 0.8505753
vn -0.5258534 0 0.8505753
vn -0.8505753 0 -0.5258534
vn -0.9175588 0 -0.3975997
vn -0.9049327 0.1653245 -0.3921284
vn -0.8388707 0.1653245 -0.5186173
vn -0.6994118 0.5690818 -0.4323992
vn -0.7544913 0.5690818 -0.3269387
vn -0.4616373 0.8399038 -0.2853993
vn -0.4979917 0.8399038 -0.2157914
vn -0.2745964 0.9464549 -0.1697645
vn -0.2962212 0.9464549 -0.1283595
vn -0.1282664 0.9885644 -0.07929849
vn -0.1383675 0.9885644 -0.05995787
vn -0.03140597 0.9993181 -0.0194162
vn -0.03387923 0.9993181 -0.01468066
vn 0.03387938 0.9993181 0.01468072
vn 0.03140611 0.9993181 0.01941628
vn 0.1282666 0.9885644 0.07929859
vn 0.1383677 0.9885644 0.05995796
vn 0.2745964 0.9464549 0.1697645
vn 0.2962212 0.9464549 0.1283595
vn 0.4616373 0.8399038 0.2853993
vn 0.4979917 0.8399038 0.2157914
vn 0.6994101 0.5690848 0.4323981
vn 0.7544894 0.5690848 0.3269378
vn 0.83887 0.1653292 0.5186168
vn 0.9049319 0.1653291 0.3921281
vn 0.8505753 0 0.5258534
vn 0.917559 0 0.3975997
vn 0.2962212 0.9464549 0.1283595
vn 0.4979917 0.8399038 0.2157914
vn 0.4616373 0.8399038 0.2853993
vn 0.2745964 0.9464549 0.1697645
vn 0.1383675 0.9885644 0.05995787
vn 0.1282664 0.9885644 0.07929849
vn 0.03387923 0.9993181 0.01468066
vn 0.03140597 0.9993181 0.0194162
vn -0.03140611 0.9993181 -0.01941628
vn -0.03387938 0.9993181 -0.01468072
vn -0.1383677 0.9885644 -0.05995796
vn -0.1282666 0.9885644 -0.07929859
vn -0.2962212 0.9464549 -0.1283595
vn -0.2745964 0.9464549 -0.1697645
vn -0.4979917 0.8399038 -0.2157914
vn -0.4616373 0.8399038 -0.2853993
vn -0.9049319 0.1653292 -0.3921281
vn -0.917559 0 -0.3975997
vn -0.9659162 0 -0.2588544
vn -0.9526236 0.1653291 -0.2552921
vn -0.7544894 0.5690848 -0.3269378
vn -0.7942525 0.5690848 -0.2128505
vn -0.4979917 0.8399038 -0.2157914
vn -0.5242369 0.8399038 -0.1404894
vn 0.2588544 0 -0.9659162
vn 0.2588544 0 -0.9659162
vn 0.2588544 0 -0.9659162
vn 0.2588544 0 -0.9659162
vn 0.2588544 0 -0.9659162
vn 0.2588544 0 -0.9659162
vn 0.2588544 0 -0.9659162
vn 0.2588544 0 -0.9659162
vn 0.2588544 0 -0.9659162
vn 0.2588544 0 -0.9659162
vn 0.2588544 0 -0.9659162
vn 0.2588544 0 -0.9659162
vn 0.2588544 0 -0.9659162
vn 0.2588544 0 -0.9659162
vn 0.2588544 0 -0.9659162
vn 0.2588544 0 -0.9659162
vn 0.2588544 0 -0.9659162
vn 0.2588544 0 -0.9659162
vn 0.2588544 0 -0.9659162
vn 0.2588544 0 -0.9659162
vn 0.2588544 0 -0.9659162
vn 0.2588544 0 -0.9659162
vn 0.2588544 0 -0.9659162
vn 0.2588544 0 -0.9659162
vn 0.2588544 0 -0.9659162
vn 0.2588544 0 -0.9659162
vn 0.2588544 0 -0.9659162
vn 0.2588544 0 -0.9659162
vn 0.2588544 0 -0.9659162
vn 0.2588544 0 -0.9659162
vn 0.2588544 0 -0.9659162
vn 0.9659162 0 0.2588544
vn 0.917559 0 0.3975997
vn 0.9049327 0.1653245 0.3921284
vn 0.9526244 0.1653245 0.2552924
vn 0.7942545 0.5690818 0.212851
vn 0.7544912 0.5690818 0.3269386
vn 0.5242369 0.8399038 0.1404894
vn 0.4979917 0.8399038 0.2157914
vn 0 -1 0
vn 0 -1 0
vn 0 -1 0
vn 0 -1 0
vn 0 -1 0
vn 0 -1 0
vn 0 -1 0
vn 0 -1 0
vn -0.3975997 0 0.9175589
vn -0.3975997 0 0.9175589
vn -0.3975997 0 0.9175589
vn -0.3975997 0 0.9175589
vn -0.3975997 0 0.9175589
vn -0.3975997 0 0.9175589
vn -0.3975997 0 0.9175589
vn -0.3975997 0 0.9175589
vn -0.3975997 0 0.9175589
vn -0.3975997 0 0.9175589
vn -0.3975997 0 0.9175589
vn -0.3975997 0 0.9175589
vn -0.3975997 0 0.9175589
vn -0.3975997 0 0.9175589
vn -0.3975997 0 0.9175589
vn -0.3975997 0 0.9175589
vn -0.3975997 0 0.9175589
vn -0.3975997 0 0.9175589
vn -0.3975997 0 0.9175589
vn -0.3975997 0 0.9175589
vn -0.3975997 0 0.9175589
vn -0.3975997 0 0.9175589
vn -0.3975997 0 0.9175589
vn -0.3975997 0 0.9175589
vn -0.3975997 0 0.9175589
vn -0.3975997 0 0.9175589
vn -0.3975997 0 0.9175589
vn -0.3975997 0 0.9175589
vn -0.3975997 0 0.9175589
vn -0.3975997 0 0.9175589
vn -0.3975997 0 0.9175589
vn -0.917559 0 -0.3975997
vn -0.9659162 0 -0.2588544
vn -0.9526244 0.1653245 -0.2552924
vn -0.9049327 0.1653245 -0.3921284
vn -0.7544912 0.5690818 -0.3269386
vn -0.7942545 0.5690818 -0.212851
vn -0.4979917 0.8399038 -0.2157914
vn -0.5242369 0.8399038 -0.1404894
vn -0.2962212 0.9464549 -0.1283595
vn -0.3118326 0.9464549 -0.08356754
vn -0.1383675 0.9885644 -0.05995788
vn -0.1456598 0.9885644 -0.03903513
vn -0.03387923 0.9993181 -0.01468066
vn -0.03566473 0.9993181 -0.009557736
vn 0.03566489 0.9993181 0.009557779
vn 0.03387938 0.9993181 0.01468072
vn 0.1383677 0.9885644 0.05995795
vn 0.14566 0.9885644 0.03903519
vn 0.2962212 0.9464549 0.1283595
vn 0.3118326 0.9464549 0.08356754
vn 0.4979917 0.8399038 0.2157914
vn 0.5242369 0.8399038 0.1404894
vn 0.7544894 0.5690848 0.3269378
vn 0.7942525 0.5690848 0.2128505
vn 0.9049319 0.1653292 0.3921281
vn 0.9526236 0.1653291 0.2552921
vn 0.917559 0 0.3975997
vn 0.9659162 0 0.2588544
vn 0.3118326 0.9464549 0.08356754
vn 0.5242369 0.8399038 0.1404894
vn 0.4979917 0.8399038 0.2157914
vn 0.2962212 0.9464549 0.1283595
vn 0.1456598 0.9885644 0.03903513
vn 0.1383675 0.9885644 0.05995788
vn 0.03566473 0.9993181 0.009557736
vn 0.03387923 0.9993181 0.01468066
vn -0.03387938 0.9993181 -0.01468072
vn -0.03566489 0.9993181 -0.009557779
vn -0.14566 0.9885644 -0.03903519
vn -0.1383677 0.9885644 -0.05995795
vn -0.3118326 0.9464549 -0.08356754
vn -0.2962212 0.9464549 -0.1283595
vn -0.5242369 0.8399038 -0.1404894
vn -0.4979917 0.8399038 -0.2157914
vn -0.9526236 0.1653292 -0.2552921
vn -0.9659162 0 -0.2588544
vn -0.9936512 0 -0.1125023
vn -0.979977 0.1653291 -0.1109541
vn -0.7942525 0.5690848 -0.2128505
vn -0.8170584 0.5690848 -0.09250829
vn -0.5242369 0.8399038 -0.1404894
vn -0.5392897 0.8399038 -0.061059
vn 0.1125023 0 -0.9936513
vn 0.1125023 0 -0.9936513
vn 0.1125024 0 -0.9936513
vn 0.1125024 0 -0.9936513
vn 0.1125023 0 -0.9936513
vn 0.1125023 0 -0.9936513
vn 0.1125023 0 -0.9936513
vn 0.1125023 0 -0.9936513
vn 0.1125023 0 -0.9936513
vn 0.1125023 0 -0.9936513
vn 0.1125023 0 -0.9936513
vn 0.1125023 0 -0.9936513
vn 0.1125023 0 -0.9936513
vn 0.1125023 0 -0.9936513
vn 0.1125023 0 -0.9936513
vn 0.1125023 0 -0.9936513
vn 0.1125023 0 -0.9936513
vn 0.1125024 0 -0.9936513
vn 0.1125023 0 -0.9936513
vn 0.1125023 0 -0.9936513
vn 0.1125024 0 -0.9936513
vn 0.1125023 0 -0.9936513
vn 0.1125023 0 -0.9936513
vn 0.1125023 0 -0.9936513
vn 0.1125023 0 -0.9936513
vn 0.1125023 0 -0.9936513
vn 0.1125023 0 -0.9936513
vn 0.1125023 0 -0.9936513
vn 0.1125023 0 -0.9936513
vn 0.1125023 0 -0.9936513
vn 0.1125023 0 -0.9936513
vn 0.9936512 0 0.1125024
vn 0.9659162 0 0.2588544
vn 0.9526244 0.1653245 0.2552923
vn 0.9799778 0.1653245 0.1109542
vn 0.8170605 0.5690818 0.09250853
vn 0.7942544 0.5690818 0.212851
vn 0.5392897 0.8399038 0.061059
vn 0.5242369 0.8399038 0.1404894
vn 0 -1 0
vn 0 -1 0
vn 0 -1 0
vn 0 -1 0
vn 0 -1 0
vn 0 -1 0
vn 0 -1 0
vn 0 -1 0
vn -0.2588544 0 0.9659162
vn -0.2588544 0 0.9659162
vn -0.2588544 0 0.9659162
vn -0.2588544 0 0.9659162
vn -0.2588544 0 0.9659162
vn -0.2588544 0 0.9659162
vn -0.2588544 0 0.9659162
vn -0.2588544 0 0.9659162
vn -0.2588544 0 0.9659162
vn -0.2588544 0 0.9659162
vn -0.2588544 0 0.9659162
vn -0.2588544 0 0.9659162
vn -0.2588544 0 0.9659162
vn -0.2588544 0 0.9659162
vn -0.2588544 0 0.9659162
vn -0.2588544 0 0.9659162
vn -0.2588544 0 0.9659162
vn -0.2588544 0 0.9659162
vn -0.2588544 0 0.9659162
vn -0.2588544 0 0.9659162
vn -0.2588544 0 0.9659162
vn -0.2588544 0 0.9659162
vn -0.2588544 0 0.9659162
vn -0.2588544 0 0.9659162
vn -0.2588544 0 0.9659162
vn -0.2588544 0 0.9659162
vn -0.2588544 0 0.9659162
vn -0.2588544 0 0.9659162
vn -0.2588544 0 0.9659162
vn -0.2588544 0 0.9659162
vn -0.2588544 0 0.9659162
vn -0.9659162 0 -0.2588544
vn -0.9936512 0 -0.1125024
vn -0.9799778 0.1653245 -0.1109542
vn -0.9526244 0.1653245 -0.2552923
vn -0.7942544 0.5690818 -0.212851
vn -0.8170605 0.5690818 -0.09250853
vn -0.5242369 0.8399038 -0.1404894
vn -0.5392897 0.8399038 -0.061059
vn -0.3118326 0.9464549 -0.08356753
vn -0.3207865 0.9464549 -0.03631981
vn -0.1456598 0.9885644 -0.03903514
vn -0.1498422 0.9885644 -0.01696531
vn -0.03566473 0.9993181 -0.009557735
vn -0.0366888 0.9993181 -0.004153948
vn 0.03668896 0.9993181 0.004153966
vn 0.03566489 0.9993181 0.009557777
vn 0.14566 0.9885644 0.03903519
vn 0.1498424 0.9885644 0.01696533
vn 0.3118326 0.9464549 0.08356753
vn 0.3207865 0.9464549 0.03631981
vn 0.5242369 0.8399038 0.1404894
vn 0.5392897 0.8399038 0.061059
vn 0.7942525 0.5690848 0.2128505
vn 0.8170584 0.5690848 0.09250829
vn 0.9526236 0.1653292 0.2552921
vn 0.979977 0.1653291 0.1109541
vn 0.9659162 0 0.2588544
vn 0.9936512 0 0.1125023
vn 0.3207865 0.9464549 0.03631981
vn 0.5392897 0.8399038 0.061059
vn 0.5242369 0.8399038 0.1404894
vn 0.3118326 0.9464549 0.08356753
vn 0.1498422 0.9885644 0.01696531
vn 0.1456598 0.9885644 0.03903514
vn 0.0366888 0.9993181 0.004153948
vn 0.03566473 0.9993181 0.009557735
vn -0.03566489 0.9993181 -0.009557777
vn -0.03668896 0.9993181 -0.004153966
vn -0.1498424 0.9885644 -0.01696533
vn -0.14566 0.9885644 -0.03903519
vn -0.3207865 0.9464549 -0.03631981
vn -0.3118326 0.9464549 -0.08356753
vn -0.5392897 0.8399038 -0.061059
vn -0.5242369 0.8399038 -0.1404894
vn -0.9799771 0.1653292 -0.1109541
vn -0.9936513 0 -0.1125023
vn -0.9992937 0 0.03757152
vn -0.9855418 0.1653291 0.03705448
vn -0.8170584 0.5690848 -0.09250827
vn -0.8216981 0.5690848 0.03089427
vn -0.5392897 0.8399038 -0.06105898
vn -0.5423521 0.8399038 0.0203914
vn -0.03757152 0 -0.9992937
vn -0.03757152 0 -0.9992937
vn -0.0375715 0 -0.9992937
vn -0.0375715 0 -0.9992937
vn -0.03757152 0 -0.9992937
vn -0.03757152 0 -0.9992937
vn -0.03757152 0 -0.9992937
vn -0.03757152 0 -0.9992937
vn -0.03757152 0 -0.9992937
vn -0.03757152 0 -0.9992937
vn -0.03757152 0 -0.9992937
vn -0.03757152 0 -0.9992937
vn -0.03757152 0 -0.9992937
vn -0.03757152 0 -0.9992937
vn -0.03757152 0 -0.9992937
vn -0.03757152 0 -0.9992937
vn -0.03757152 0 -0.9992937
vn -0.0375715 0 -0.9992937
vn -0.03757152 0 -0.9992937
vn -0.03757152 0 -0.9992937
vn -0.0375715 0 -0.9992937
vn -0.03757152 0 -0.9992937
vn -0.03757152 0 -0.9992937
vn -0.03757152 0 -0.9992937
vn -0.03757152 0 -0.9992937
vn -0.03757152 0 -0.9992937
vn -0.03757152 0 -0.9992937
vn -0.03757152 0 -0.9992937
vn -0.03757152 0 -0.9992937
vn -0.03757152 0 -0.9992937
vn -0.03757152 0 -0.9992937
vn 0.9992937 0 -0.0375715
vn 0.9936512 0 0.1125023
vn 0.9799779 0.1653245 0.1109542
vn 0.9855427 0.1653245 -0.03705451
vn 0.8217002 0.5690818 -0.03089435
vn 0.8170605 0.5690818 0.09250849
vn 0.5423521 0.8399038 -0.0203914
vn 0.5392897 0.8399038 0.06105898
vn 0 -1 0
vn 0 -1 0
vn 0 -1 0
vn 0 -1 0
vn 0 -1 0
vn 0 -1 0
vn 0 -1 0
vn 0 -1 0
vn -0.1125023 0 0.9936513
vn -0.1125023 0 0.9936513
vn -0.1125023 0 0.9936513
vn -0.1125023 0 0.9936513
vn -0.1125023 0 0.9936513
vn -0.1125023 0 0.9936513
vn -0.1125023 0 0.9936513
vn -0.1125023 0 0.9936513
vn -0.1125023 0 0.9936513
vn -0.1125023 0 0.9936513
vn -0.1125023 0 0.9936513
vn -0.1125023 0 0.9936513
vn -0.1125023 0 0.9936513
vn -0.1125023 0 0.9936513
vn -0.1125023 0 0.9936513
vn -0.1125023 0 0.9936513
vn -0.1125023 0 0.9936513
vn -0.1125023 0 0.9936513
vn -0.1125023 0 0.9936513
vn -0.1125023 0 0.9936513
vn -0.1125023 0 0.9936513
vn -0.1125023 0 0.9936513
vn -0.1125023 0 0.9936513
vn -0.1125023 0 0.9936513
vn -0.1125023 0 0.9936513
vn -0.1125023 0 0.9936513
vn -0.1125023 0 0.9936513
vn -0.1125023 0 0.9936513
vn -0.1125023 0 0.9936513
vn -0.1125023 0 0.9936513
vn -0.1125023 0 0.9936513
vn -0.9936512 0 -0.1125023
vn -0.9992937 0 0.0375715
vn -0.9855427 0.1653245 0.03705451
vn -0.9799779 0.1653245 -0.1109542
vn -0.8170605 0.5690818 -0.09250849
vn -0.8217002 0.5690818 0.03089435
vn -0.5392897 0.8399038 -0.06105898
vn -0.5423521 0.8399038 0.0203914
vn -0.3207865 0.9464549 -0.03631981
vn -0.3226081 0.9464549 0.01212944
vn -0.1498422 0.9885644 -0.01696531
vn -0.1506931 0.9885644 0.00566577
vn -0.0366888 0.9993181 -0.004153947
vn -0.03689713 0.9993181 0.001387261
vn 0.0368973 0.9993181 -0.001387268
vn 0.03668896 0.9993181 0.004153966
vn 0.1498424 0.9885644 0.01696532
vn 0.1506933 0.9885644 -0.005665778
vn 0.3207865 0.9464549 0.03631981
vn 0.3226081 0.9464549 -0.01212944
vn 0.5392897 0.8399038 0.06105898
vn 0.5423521 0.8399038 -0.0203914
vn 0.8170584 0.5690848 0.09250827
vn 0.8216981 0.5690848 -0.03089427
vn 0.9799771 0.1653292 0.1109541
vn 0.9855418 0.1653291 -0.03705448
vn 0.9936513 0 0.1125023
vn 0.9992937 0 -0.03757152
vn 0.3226081 0.9464549 -0.01212944
vn 0.5423521 0.8399038 -0.0203914
vn 0.5392897 0.8399038 0.06105898
vn 0.3207865 0.9464549 0.03631981
vn 0.1506931 0.9885644 -0.00566577
vn 0.1498422 0.9885644 0.01696531
vn 0.03689713 0.9993181 -0.001387261
vn 0.0366888 0.9993181 0.004153947
vn -0.03668896 0.9993181 -0.004153966
vn -0.0368973 0.9993181 0.001387268
vn -0.1506933 0.9885644 0.005665778
vn -0.1498424 0.9885644 -0.01696532
vn -0.3226081 0.9464549 0.01212944
vn -0.3207865 0.9464549 -0.03631981
vn -0.5423521 0.8399038 0.0203914
vn -0.5392897 0.8399038 -0.06105898
vn -0.9855418 0.1653292 0.03705451
vn -0.9992937 0 0.03757155
vn -0.9824212 0 0.1866776
vn -0.9689016 0.1653291 0.1841086
vn -0.8216981 0.5690848 0.03089429
vn -0.8078242 0.5690848 0.153501
vn -0.5423521 0.8399038 0.02039141
vn -0.5331948 0.8399038 0.1013165
vn -0.1866775 0 -0.9824212
vn -0.1866775 0 -0.9824212
vn -0.1866775 0 -0.9824212
vn -0.1866775 0 -0.9824212
vn -0.1866775 0 -0.9824212
vn -0.1866775 0 -0.9824212
vn -0.1866775 0 -0.9824212
vn -0.1866775 0 -0.9824212
vn -0.1866775 0 -0.9824212
vn -0.1866775 0 -0.9824212
vn -0.1866775 0 -0.9824212
vn -0.1866775 0 -0.9824212
vn -0.1866775 0 -0.9824212
vn -0.1866775 0 -0.9824212
vn -0.1866775 0 -0.9824212
vn -0.1866775 0 -0.9824212
vn -0.1866775 0 -0.9824212
vn -0.1866775 0 -0.9824212
vn -0.1866775 0 -0.9824212
vn -0.1866775 0 -0.9824212
vn -0.1866775 0 -0.9824212
vn -0.1866775 0 -0.9824212
vn -0.1866775 0 -0.9824212
vn -0.1866775 0 -0.9824212
vn -0.1866775 0 -0.9824212
vn -0.1866775 0 -0.9824212
vn -0.1866775 0 -0.9824212
vn -0.1866775 0 -0.9824212
vn -0.1866775 0 -0.9824212
vn -0.1866775 0 -0.9824212
vn -0.1866775 0 -0.9824212
vn 0.9824212 0 -0.1866775
vn 0.9992937 0 -0.03757152
vn 0.9855427 0.1653245 -0.03705454
vn 0.9689023 0.1653245 -0.1841087
vn 0.8078263 0.5690818 -0.1535014
vn 0.8217001 0.5690818 -0.03089437
vn 0.5331948 0.8399038 -0.1013165
vn 0.5423521 0.8399038 -0.02039141
vn 0 -1 0
vn 0 -1 0
vn 0 -1 0
vn 0 -1 0
vn 0 -1 0
vn 0 -1 0
vn 0 -1 0
vn 0 -1 0
vn 0.03757155 0 0.9992937
vn 0.03757155 0 0.9992937
vn 0.03757152 0 0.9992937
vn 0.03757155 0 0.9992937
vn 0.03757155 0 0.9992937
vn 0.03757155 0 0.9992937
vn 0.03757155 0 0.9992937
vn 0.03757155 0 0.9992937
vn 0.03757155 0 0.9992937
vn 0.03757155 0 0.9992937
vn 0.03757155 0 0.9992937
vn 0.03757155 0 0.9992937
vn 0.03757155 0 0.9992937
vn 0.03757155 0 0.9992937
vn 0.03757152 0 0.9992937
vn 0.03757155 0 0.9992937
vn 0.03757155 0 0.9992937
vn 0.03757152 0 0.9992937
vn 0.03757152 0 0.9992937
vn 0.03757155 0 0.9992937
vn 0.03757155 0 0.9992937
vn 0.03757155 0 0.9992937
vn 0.03757155 0 0.9992937
vn 0.03757155 0 0.9992937
vn 0.03757155 0 0.9992937
vn 0.03757155 0 0.9992937
vn 0.03757155 0 0.9992937
vn 0.03757155 0 0.9992937
vn 0.03757155 0 0.9992937
vn 0.03757155 0 0.9992937
vn 0.03757155 0 0.9992937
vn -0.9992937 0 0.03757152
vn -0.9824212 0 0.1866775
vn -0.9689023 0.1653245 0.1841087
vn -0.9855427 0.1653245 0.03705454
vn -0.8217001 0.5690818 0.03089437
vn -0.8078263 0.5690818 0.1535014
vn -0.5423521 0.8399038 0.02039141
vn -0.5331948 0.8399038 0.1013165
vn -0.3226081 0.9464549 0.01212945
vn -0.317161 0.9464549 0.06026626
vn -0.1506931 0.9885644 0.005665776
vn -0.1481487 0.9885644 0.0281509
vn -0.03689713 0.9993181 0.001387262
vn -0.03627415 0.9993181 0.006892736
vn 0.03627431 0.9993181 -0.006892766
vn 0.0368973 0.9993181 -0.001387269
vn 0.1506933 0.9885644 -0.005665782
vn 0.1481489 0.9885644 -0.02815094
vn 0.3226081 0.9464549 -0.01212945
vn 0.317161 0.9464549 -0.06026626
vn 0.5423521 0.8399038 -0.02039141
vn 0.5331948 0.8399038 -0.1013165
vn 0.8216981 0.5690848 -0.03089429
vn 0.8078242 0.5690848 -0.153501
vn 0.9855418 0.1653292 -0.03705451
vn 0.9689016 0.1653291 -0.1841086
vn 0.9992937 0 -0.03757155
vn 0.9824212 0 -0.1866776
vn 0.317161 0.9464549 -0.06026626
vn 0.5331948 0.8399038 -0.1013165
vn 0.5423521 0.8399038 -0.02039141
vn 0.3226081 0.9464549 -0.01212945
vn 0.1481487 0.9885644 -0.0281509
vn 0.1506931 0.9885644 -0.005665776
vn 0.03627415 0.9993181 -0.006892736
vn 0.03689713 0.9993181 -0.001387262
vn -0.0368973 0.9993181 0.001387269
vn -0.03627431 0.9993181 0.006892766
vn -0.1481489 0.9885644 0.02815094
vn -0.1506933 0.9885644 0.005665782
vn -0.317161 0.9464549 0.06026626
vn -0.3226081 0.9464549 0.01212945
vn -0.5331948 0.8399038 0.1013165
vn -0.5423521 0.8399038 0.02039141
vn -0.9689016 0.1653292 0.1841086
vn -0.9824212 0 0.1866776
vn -0.9441162 0 0.3296124
vn -0.9311237 0.1653291 0.3250765
vn -0.8078242 0.5690848 0.153501
vn -0.7763268 0.5690848 0.2710333
vn -0.5331948 0.8399038 0.1013165
vn -0.5124053 0.8399038 0.1788923
vn -0.3296124 0 -0.9441162
vn -0.3296124 0 -0.9441162
vn -0.3296124 0 -0.9441162
vn -0.3296124 0 -0.9441162
vn -0.3296124 0 -0.9441162
vn -0.3296124 0 -0.9441162
vn -0.3296124 0 -0.9441162
vn -0.3296124 0 -0.9441162
vn -0.3296124 0 -0.9441162
vn -0.3296124 0 -0.9441162
vn -0.3296124 0 -0.9441162
vn -0.3296124 0 -0.9441162
vn -0.3296124 0 -0.9441162
vn -0.3296124 0 -0.9441162
vn -0.3296124 0 -0.9441162
vn -0.3296124 0 -0.9441162
vn -0.3296124 0 -0.9441162
vn -0.3296124 0 -0.9441162
vn -0.3296124 0 -0.9441162
vn -0.3296124 0 -0.9441162
vn -0.3296124 0 -0.9441162
vn -0.3296124 0 -0.9441162
vn -0.3296124 0 -0.9441162
vn -0.3296124 0 -0.9441162
vn -0.3296124 0 -0.9441162
vn -0.3296124 0 -0.9441162
vn -0.3296124 0 -0.9441162
vn -0.3296124 0 -0.9441162
vn -0.3296124 0 -0.9441162
vn -0.3296124 0 -0.9441162
vn -0.3296124 0 -0.9441162
vn 0.9441162 0 -0.3296124
vn 0.9824212 0 -0.1866776
vn 0.9689023 0.1653245 -0.1841088
vn 0.9311244 0.1653245 -0.3250767
vn 0.7763288 0.5690818 -0.271034
vn 0.8078262 0.5690818 -0.1535014
vn 0.5124053 0.8399038 -0.1788923
vn 0.5331948 0.8399038 -0.1013165
vn 0 -1 0
vn 0 -1 0
vn 0 -1 0
vn 0 -1 0
vn 0 -1 0
vn 0 -1 0
vn 0 -1 0
vn 0 -1 0
vn 0.1866776 0 0.9824212
vn 0.1866776 0 0.9824212
vn 0.1866775 0 0.9824212
vn 0.1866776 0 0.9824212
vn 0.1866776 0 0.9824212
vn 0.1866776 0 0.9824212
vn 0.1866776 0 0.9824212
vn 0.1866776 0 0.9824212
vn 0.1866776 0 0.9824212
vn 0.1866776 0 0.9824212
vn 0.1866776 0 0.9824212
vn 0.1866776 0 0.9824212
vn 0.1866776 0 0.9824212
vn 0.1866776 0 0.9824212
vn 0.1866775 0 0.9824212
vn 0.1866776 0 0.9824212
vn 0.1866776 0 0.9824212
vn 0.1866775 0 0.9824212
vn 0.1866775 0 0.9824212
vn 0.1866776 0 0.9824212
vn 0.1866776 0 0.9824212
vn 0.1866776 0 0.9824212
vn 0.1866776 0 0.9824212
vn 0.1866776 0 0.9824212
vn 0.1866776 0 0.9824212
vn 0.1866776 0 0.9824212
vn 0.1866776 0 0.9824212
vn 0.1866776 0 0.9824212
vn 0.1866776 0 0.9824212
vn 0.1866776 0 0.9824212
vn 0.1866776 0 0.9824212
vn -0.9824212 0 0.1866776
vn -0.9441162 0 0.3296124
vn -0.9311244 0.1653245 0.3250767
vn -0.9689023 0.1653245 0.1841088
vn -0.8078262 0.5690818 0.1535014
vn -0.7763288 0.5690818 0.271034
vn -0.5331948 0.8399038 0.1013165
vn -0.5124053 0.8399038 0.1788923
vn -0.317161 0.9464549 0.06026626
vn -0.3047948 0.9464549 0.1064108
vn -0.1481487 0.9885644 0.02815091
vn -0.1423723 0.9885644 0.04970542
vn -0.03627415 0.9993181 0.006892737
vn -0.0348598 0.9993181 0.01217035
vn 0.03485996 0.9993181 -0.01217041
vn 0.03627431 0.9993181 -0.006892767
vn 0.1481489 0.9885644 -0.02815094
vn 0.1423725 0.9885644 -0.04970549
vn 0.317161 0.9464549 -0.06026626
vn 0.3047948 0.9464549 -0.1064108
vn 0.5331948 0.8399038 -0.1013165
vn 0.5124053 0.8399038 -0.1788923
vn 0.8078242 0.5690848 -0.153501
vn 0.7763268 0.5690848 -0.2710333
vn 0.9689016 0.1653292 -0.1841086
vn 0.9311237 0.1653291 -0.3250765
vn 0.9824212 0 -0.1866776
vn 0.9441162 0 -0.3296124
vn 0.3047948 0.9464549 -0.1064108
vn 0.5124053 0.8399038 -0.1788923
vn 0.5331948 0.8399038 -0.1013165
vn 0.317161 0.9464549 -0.06026626
vn 0.1423723 0.9885644 -0.04970542
vn 0.1481487 0.9885644 -0.02815091
vn 0.0348598 0.9993181 -0.01217035
vn 0.03627415 0.9993181 -0.006892737
vn -0.03627431 0.9993181 0.006892767
vn -0.03485996 0.9993181 0.01217041
vn -0.1423725 0.9885644 0.04970549
vn -0.1481489 0.9885644 0.02815094
vn -0.3047948 0.9464549 0.1064108
vn -0.317161 0.9464549 0.06026626
vn -0.5124053 0.8399038 0.1788923
vn -0.5331948 0.8399038 0.1013165
vn -0.9311237 0.1653292 0.3250766
vn -0.9441163 0 0.3296126
vn -0.8863005 0 0.4631104
vn -0.8741036 0.1653291 0.4567372
vn -0.7763269 0.5690848 0.2710335
vn -0.7287862 0.5690848 0.3808059
vn -0.5124053 0.8399038 0.1788924
vn -0.4810266 0.8399038 0.2513464
vn -0.4631104 0 -0.8863005
vn -0.4631104 0 -0.8863005
vn -0.4631104 0 -0.8863006
vn -0.4631104 0 -0.8863006
vn -0.4631104 0 -0.8863005
vn -0.4631104 0 -0.8863005
vn -0.4631104 0 -0.8863005
vn -0.4631104 0 -0.8863005
vn -0.4631104 0 -0.8863005
vn -0.4631104 0 -0.8863005
vn -0.4631104 0 -0.8863005
vn -0.4631104 0 -0.8863005
vn -0.4631104 0 -0.8863005
vn -0.4631104 0 -0.8863005
vn -0.4631104 0 -0.8863005
vn -0.4631104 0 -0.8863005
vn -0.4631104 0 -0.8863005
vn -0.4631104 0 -0.8863006
vn -0.4631104 0 -0.8863005
vn -0.4631104 0 -0.8863005
vn -0.4631104 0 -0.8863006
vn -0.4631104 0 -0.8863005
vn -0.4631104 0 -0.8863005
vn -0.4631104 0 -0.8863005
vn -0.4631104 0 -0.8863005
vn -0.4631104 0 -0.8863005
vn -0.4631104 0 -0.8863005
vn -0.4631104 0 -0.8863005
vn -0.4631104 0 -0.8863005
vn -0.4631104 0 -0.8863005
vn -0.4631104 0 -0.8863005
vn 0.8863006 0 -0.4631104
vn 0.9441162 0 -0.3296124
vn 0.9311246 0.1653245 -0.3250769
vn 0.8741043 0.1653245 -0.4567376
vn 0.7287881 0.5690818 -0.3808069
vn 0.7763288 0.5690818 -0.2710341
vn 0.4810266 0.8399038 -0.2513464
vn 0.5124053 0.8399038 -0.1788924
vn 0 -1 0
vn 0 -1 0
vn 0 -1 0
vn 0 -1 0
vn 0 -1 0
vn 0 -1 0
vn 0 -1 0
vn 0 -1 0
vn 0.3296126 0 0.9441164
vn 0.3296126 0 0.9441164
vn 0.3296124 0 0.9441162
vn 0.3296126 0 0.9441164
vn 0.3296126 0 0.9441164
vn 0.3296126 0 0.9441164
vn 0.3296126 0 0.9441164
vn 0.3296126 0 0.9441164
vn 0.3296126 0 0.9441164
vn 0.3296126 0 0.9441164
vn 0.3296126 0 0.9441164
vn 0.3296126 0 0.9441164
vn 0.3296126 0 0.9441164
vn 0.3296126 0 0.9441164
vn 0.3296124 0 0.9441162
vn 0.3296126 0 0.9441164
vn 0.3296126 0 0.9441164
vn 0.3296124 0 0.9441162
vn 0.3296124 0 0.9441162
vn 0.3296126 0 0.9441164
vn 0.3296126 0 0.9441164
vn 0.3296126 0 0.9441164
vn 0.3296126 0 0.9441164
vn 0.3296126 0 0.9441164
vn 0.3296126 0 0.9441164
vn 0.3296126 0 0.9441164
vn 0.3296126 0 0.9441164
vn 0.3296126 0 0.9441164
vn 0.3296126 0 0.9441164
vn 0.3296126 0 0.9441164
vn 0.3296126 0 0.9441164
vn -0.9441162 0 0.3296124
vn -0.8863006 0 0.4631104
vn -0.8741043 0.1653245 0.4567376
vn -0.9311246 0.1653245 0.3250769
vn -0.7763288 0.5690818 0.2710341
vn -0.7287881 0.5690818 0.3808069
vn -0.5124053 0.8399038 0.1788924
vn -0.4810266 0.8399038 0.2513464
vn -0.3047948 0.9464549 0.1064108
vn -0.2861298 0.9464549 0.1495087
vn -0.1423724 0.9885644 0.04970545
vn -0.1336537 0.9885644 0.06983685
vn -0.03485981 0.9993181 0.01217036
vn -0.03272506 0.9993181 0.01709952
vn 0.03272521 0.9993181 -0.0170996
vn 0.03485996 0.9993181 -0.01217041
vn 0.1423725 0.9885644 -0.04970551
vn 0.1336539 0.9885644 -0.06983694
vn 0.3047948 0.9464549 -0.1064108
vn 0.2861298 0.9464549 -0.1495087
vn 0.5124053 0.8399038 -0.1788924
vn 0.4810266 0.8399038 -0.2513464
vn 0.7763269 0.5690848 -0.2710335
vn 0.7287862 0.5690848 -0.3808059
vn 0.9311237 0.1653292 -0.3250766
vn 0.8741036 0.1653291 -0.4567372
vn 0.9441163 0 -0.3296126
vn 0.8863005 0 -0.4631104
vn 0.2861298 0.9464549 -0.1495087
vn 0.4810266 0.8399038 -0.2513464
vn 0.5124053 0.8399038 -0.1788924
vn 0.3047948 0.9464549 -0.1064108
vn 0.1336537 0.9885644 -0.06983685
vn 0.1423724 0.9885644 -0.04970545
vn 0.03272506 0.9993181 -0.01709952
vn 0.03485981 0.9993181 -0.01217036
vn -0.03485996 0.9993181 0.01217041
vn -0.03272521 0.9993181 0.0170996
vn -0.1336539 0.9885644 0.06983694
vn -0.1423725 0.9885644 0.04970551
vn -0.2861298 0.9464549 0.1495087
vn -0.3047948 0.9464549 0.1064108
vn -0.4810266 0.8399038 0.2513464
vn -0.5124053 0.8399038 0.1788924
vn -0.8741036 0.1653292 0.4567373
vn -0.8863005 0 0.4631104
vn -0.8108676 0 0.5852297
vn -0.7997088 0.1653291 0.577176
vn -0.7287862 0.5690848 0.3808059
vn -0.6667593 0.5690848 0.481222
vn -0.4810266 0.8399038 0.2513464
vn -0.4400865 0.8399038 0.3176249
vn -0.5852297 0 -0.8108675
vn -0.5852297 0 -0.8108675
vn -0.5852297 0 -0.8108675
vn -0.5852297 0 -0.8108675
vn -0.5852297 0 -0.8108675
vn -0.5852297 0 -0.8108675
vn -0.5852297 0 -0.8108675
vn -0.5852297 0 -0.8108675
vn -0.5852297 0 -0.8108675
vn -0.5852297 0 -0.8108675
vn -0.5852297 0 -0.8108675
vn -0.5852297 0 -0.8108675
vn -0.5852297 0 -0.8108675
vn -0.5852297 0 -0.8108675
vn -0.5852297 0 -0.8108675
vn -0.5852297 0 -0.8108675
vn -0.5852297 0 -0.8108675
vn -0.5852297 0 -0.8108675
vn -0.5852297 0 -0.8108675
vn -0.5852297 0 -0.8108675
vn -0.5852297 0 -0.8108675
vn -0.5852297 0 -0.8108675
vn -0.5852297 0 -0.8108675
vn -0.5852297 0 -0.8108675
vn -0.5852297 0 -0.8108675
vn -0.5852297 0 -0.8108675
vn -0.5852297 0 -0.8108675
vn -0.5852297 0 -0.8108675
vn -0.5852297 0 -0.8108675
vn -0.5852297 0 -0.8108675
vn -0.5852297 0 -0.8108675
vn 0.8108676 0 -0.5852297
vn 0.8863005 0 -0.4631104
vn 0.8741043 0.1653245 -0.4567377
vn 0.7997094 0.1653245 -0.5771765
vn 0.666761 0.5690818 -0.4812233
vn 0.728788 0.5690818 -0.3808068
vn 0.4400865 0.8399038 -0.3176249
vn 0.4810266 0.8399038 -0.2513464
vn 0 -1 0
vn 0 -1 0
vn 0 -1 0
vn 0 -1 0
vn 0 -1 0
vn 0 -1 0
vn 0 -1 0
vn 0 -1 0
vn 0.4631104 0 0.8863005
vn 0.4631104 0 0.8863005
vn 0.4631104 0 0.8863005
vn 0.4631104 0 0.8863005
vn 0.4631104 0 0.8863005
vn 0.4631104 0 0.8863005
vn 0.4631104 0 0.8863005
vn 0.4631104 0 0.8863005
vn 0.4631104 0 0.8863005
vn 0.4631104 0 0.8863005
vn 0.4631104 0 0.8863005
vn 0.4631104 0 0.8863005
vn 0.4631104 0 0.8863005
vn 0.4631104 0 0.8863005
vn 0.4631104 0 0.8863005
vn 0.4631104 0 0.8863005
vn 0.4631104 0 0.8863005
vn 0.4631104 0 0.8863005
vn 0.4631104 0 0.8863005
vn 0.4631104 0 0.8863005
vn 0.4631104 0 0.8863005
vn 0.4631104 0 0.8863005
vn 0.4631104 0 0.8863005
vn 0.4631104 0 0.8863005
vn 0.4631104 0 0.8863005
vn 0.4631104 0 0.8863005
vn 0.4631104 0 0.8863005
vn 0.4631104 0 0.8863005
vn 0.4631104 0 0.8863005
vn 0.4631104 0 0.8863005
vn 0.4631104 0 0.8863005
vn -0.8863005 0 0.4631104
vn -0.8108676 0 0.5852297
vn -0.7997094 0.1653245 0.5771765
vn -0.8741043 0.1653245 0.4567377
vn -0.728788 0.5690818 0.3808068
vn -0.666761 0.5690818 0.4812233
vn -0.4810266 0.8399038 0.2513464
vn -0.4400865 0.8399038 0.3176249
vn -0.2861298 0.9464549 0.1495088
vn -0.2617773 0.9464549 0.1889333
vn -0.1336538 0.9885644 0.06983688
vn -0.1222785 0.9885644 0.0882524
vn -0.03272506 0.9993181 0.01709953
vn -0.02993984 0.9993181 0.02160856
vn 0.02993997 0.9993181 -0.02160866
vn 0.03272521 0.9993181 -0.0170996
vn 0.1336539 0.9885644 -0.06983696
vn 0.1222787 0.9885644 -0.08825252
vn 0.2861298 0.9464549 -0.1495088
vn 0.2617773 0.9464549 -0.1889333
vn 0.4810266 0.8399038 -0.2513464
vn 0.4400865 0.8399038 -0.3176249
vn 0.7287862 0.5690848 -0.3808059
vn 0.6667593 0.5690848 -0.481222
vn 0.8741036 0.1653292 -0.4567373
vn 0.7997088 0.1653291 -0.577176
vn 0.8863005 0 -0.4631104
vn 0.8108676 0 -0.5852297
vn 0.2617773 0.9464549 -0.1889333
vn 0.4400865 0.8399038 -0.3176249
vn 0.4810266 0.8399038 -0.2513464
vn 0.2861298 0.9464549 -0.1495088
vn 0.1222785 0.9885644 -0.0882524
vn 0.1336538 0.9885644 -0.06983688
vn 0.02993984 0.9993181 -0.02160856
vn 0.03272506 0.9993181 -0.01709953
vn -0.03272521 0.9993181 0.0170996
vn -0.02993997 0.9993181 0.02160866
vn -0.1222787 0.9885644 0.08825252
vn -0.1336539 0.9885644 0.06983696
vn -0.2617773 0.9464549 0.1889333
vn -0.2861298 0.9464549 0.1495088
vn -0.4400865 0.8399038 0.3176249
vn -0.4810266 0.8399038 0.2513464
vn -0.7997088 0.1653292 0.577176
vn -0.8108676 0 0.5852297
vn -0.719548 0 0.6944426
vn -0.7096459 0.1653291 0.6848859
vn -0.6667593 0.5690848 0.481222
vn -0.5916691 0.5690848 0.5710254
vn -0.4400865 0.8399038 0.3176249
vn -0.3905241 0.8399038 0.3768986
vn -0.6944426 0 -0.719548
vn -0.6944426 0 -0.719548
vn -0.6944426 0 -0.719548
vn -0.6944426 0 -0.719548
vn -0.6944426 0 -0.719548
vn -0.6944426 0 -0.719548
vn -0.6944426 0 -0.719548
vn -0.6944426 0 -0.719548
vn -0.6944426 0 -0.719548
vn -0.6944426 0 -0.719548
vn -0.6944426 0 -0.719548
vn -0.6944426 0 -0.719548
vn -0.6944426 0 -0.719548
vn -0.6944426 0 -0.719548
vn -0.6944426 0 -0.719548
vn -0.6944426 0 -0.719548
vn -0.6944426 0 -0.719548
vn -0.6944426 0 -0.719548
vn -0.6944426 0 -0.719548
vn -0.6944426 0 -0.719548
vn -0.6944426 0 -0.719548
vn -0.6944426 0 -0.719548
vn -0.6944426 0 -0.719548
vn -0.6944426 0 -0.719548
vn -0.6944426 0 -0.719548
vn -0.6944426 0 -0.719548
vn -0.6944426 0 -0.719548
vn -0.6944426 0 -0.719548
vn -0.6944426 0 -0.719548
vn -0.6944426 0 -0.719548
vn -0.6944426 0 -0.719548
vn 0.719548 0 -0.6944426
vn 0.8108676 0 -0.5852297
vn 0.7997094 0.1653245 -0.5771765
vn 0.7096465 0.1653245 -0.6848865
vn 0.5916706 0.5690818 -0.5710269
vn 0.6667609 0.5690818 -0.4812232
vn 0.3905241 0.8399038 -0.3768986
vn 0.4400865 0.8399038 -0.3176249
vn 0 -1 0
vn 0 -1 0
vn 0 -1 0
vn 0 -1 0
vn 0 -1 0
vn 0 -1 0
vn 0 -1 0
vn 0 -1 0
vn 0.5852297 0 0.8108675
vn 0.5852297 0 0.8108675
vn 0.5852297 0 0.8108675
vn 0.5852297 0 0.8108675
vn 0.5852297 0 0.8108675
vn 0.5852297 0 0.8108675
vn 0.5852297 0 0.8108675
vn 0.5852297 0 0.8108675
vn 0.5852297 0 0.8108675
vn 0.5852297 0 0.8108675
vn 0.5852297 0 0.8108675
vn 0.5852297 0 0.8108675
vn 0.5852297 0 0.8108675
vn 0.5852297 0 0.8108675
vn 0.5852297 0 0.8108675
vn 0.5852297 0 0.8108675
vn 0.5852297 0 0.8108675
vn 0.5852297 0 0.8108675
vn 0.5852297 0 0.8108675
vn 0.5852297 0 0.8108675
vn 0.5852297 0 0.8108675
vn 0.5852297 0 0.8108675
vn 0.5852297 0 0.8108675
vn 0.5852297 0 0.8108675
vn 0.5852297 0 0.8108675
vn 0.5852297 0 0.8108675
vn 0.5852297 0 0.8108675
vn 0.5852297 0 0.8108675
vn 0.5852297 0 0.8108675
vn 0.5852297 0 0.8108675
vn 0.5852297 0 0.8108675
vn -0.8108676 0 0.5852297
vn -0.719548 0 0.6944426
vn -0.7096465 0.1653245 0.6848865
vn -0.7997094 0.1653245 0.5771765
vn -0.6667609 0.5690818 0.4812232
vn -0.5916706 0.5690818 0.5710269
vn -0.4400865 0.8399038 0.3176249
vn -0.3905241 0.8399038 0.3768986
vn -0.2617773 0.9464549 0.1889333
vn -0.2322961 0.9464549 0.2241911
vn -0.1222785 0.9885644 0.08825241
vn -0.1085075 0.9885644 0.1047217
vn -0.02993984 0.9993181 0.02160856
vn -0.02656803 0.9993181 0.02564105
vn 0.02656814 0.9993181 -0.02564117
vn 0.02993997 0.9993181 -0.02160866
vn 0.1222787 0.9885644 -0.08825252
vn 0.1085077 0.9885644 -0.1047218
vn 0.2617773 0.9464549 -0.1889333
vn 0.2322961 0.9464549 -0.2241911
vn 0.4400865 0.8399038 -0.3176249
vn 0.3905241 0.8399038 -0.3768986
vn 0.6667593 0.5690848 -0.481222
vn 0.5916691 0.5690848 -0.5710254
vn 0.7997088 0.1653292 -0.577176
vn 0.7096459 0.1653291 -0.6848859
vn 0.8108676 0 -0.5852297
vn 0.719548 0 -0.6944426
vn 0.2322961 0.9464549 -0.2241911
vn 0.3905241 0.8399038 -0.3768986
vn 0.4400865 0.8399038 -0.3176249
vn 0.2617773 0.9464549 -0.1889333
vn 0.1085075 0.9885644 -0.1047217
vn 0.1222785 0.9885644 -0.08825241
vn 0.02656803 0.9993181 -0.02564105
vn 0.02993984 0.9993181 -0.02160856
vn -0.02993997 0.9993181 0.02160866
vn -0.02656814 0.9993181 0.02564117
vn -0.1085077 0.9885644 0.1047218
vn -0.1222787 0.9885644 0.08825252
vn -0.2322961 0.9464549 0.2241911
vn -0.2617773 0.9464549 0.1889333
vn -0.3905241 0.8399038 0.3768986
vn -0.4400865 0.8399038 0.3176249
vn -0.7096459 0.1653292 0.6848859
vn -0.719548 0 0.6944426
vn -0.6138167 0 0.7894484
vn -0.6053696 0.1653291 0.7785843
vn -0.5916691 0.5690848 0.5710254
vn -0.5047286 0.5690848 0.6491467
vn -0.3905241 0.8399038 0.3768986
vn -0.3331401 0.8399038 0.4284616
vn -0.7894483 0 -0.6138167
vn -0.7894483 0 -0.6138167
vn -0.7894483 0 -0.6138167
vn -0.7894483 0 -0.6138167
vn -0.7894483 0 -0.6138167
vn -0.7894483 0 -0.6138167
vn -0.7894483 0 -0.6138167
vn -0.7894483 0 -0.6138167
vn -0.7894483 0 -0.6138167
vn -0.7894483 0 -0.6138167
vn -0.7894483 0 -0.6138167
vn -0.7894483 0 -0.6138167
vn -0.7894483 0 -0.6138167
vn -0.7894483 0 -0.6138167
vn -0.7894483 0 -0.6138167
vn -0.7894483 0 -0.6138167
vn -0.7894483 0 -0.6138167
vn -0.7894483 0 -0.6138167
vn -0.7894483 0 -0.6138167
vn -0.7894483 0 -0.6138167
vn -0.7894483 0 -0.6138167
vn -0.7894483 0 -0.6138167
vn -0.7894483 0 -0.6138167
vn -0.7894483 0 -0.6138167
vn -0.7894483 0 -0.6138167
vn -0.7894483 0 -0.6138167
vn -0.7894483 0 -0.6138167
vn -0.7894483 0 -0.6138167
vn -0.7894483 0 -0.6138167
vn -0.7894483 0 -0.6138167
vn -0.7894483 0 -0.6138167
vn 0.6138167 0 -0.7894484
vn 0.719548 0 -0.6944426
vn 0.7096465 0.1653245 -0.6848865
vn 0.6053702 0.1653245 -0.778585
vn 0.5047299 0.5690818 -0.6491484
vn 0.5916706 0.5690818 -0.5710269
vn 0.3331401 0.8399038 -0.4284616
vn 0.3905241 0.8399038 -0.3768986
vn 0 -1 0
vn 0 -1 0
vn 0 -1 0
vn 0 -1 0
vn 0 -1 0
vn 0 -1 0
vn 0 -1 0
vn 0 -1 0
vn 0.6944426 0 0.719548
vn 0.6944426 0 0.719548
vn 0.6944426 0 0.719548
vn 0.6944426 0 0.719548
vn 0.6944426 0 0.719548
vn 0.6944426 0 0.719548
vn 0.6944426 0 0.719548
vn 0.6944426 0 0.719548
vn 0.6944426 0 0.719548
vn 0.6944426 0 0.719548
vn 0.6944426 0 0.719548
vn 0.6944426 0 0.719548
vn 0.6944426 0 0.719548
vn 0.6944426 0 0.719548
vn 0.6944426 0 0.719548
vn 0.6944426 0 0.719548
vn 0.6944426 0 0.719548
vn 0.6944426 0 0.719548
vn 0.6944426 0 0.719548
vn 0.6944426 0 0.719548
vn 0.6944426 0 0.719548
vn 0.6944426 0 0.719548
vn 0.6944426 0 0.719548
vn 0.6944426 0 0.719548
vn 0.6944426 0 0.719548
vn 0.6944426 0 0.719548
vn 0.6944426 0 0.719548
vn 0.6944426 0 0.719548
vn 0.6944426 0 0.719548
vn 0.6944426 0 0.719548
vn 0.6944426 0 0.719548
vn -0.719548 0 0.6944426
vn -0.6138167 0 0.7894484
vn -0.6053702 0.1653245 0.778585
vn -0.7096465 0.1653245 0.6848865
vn -0.5916706 0.5690818 0.5710269
vn -0.5047299 0.5690818 0.6491484
vn -0.3905241 0.8399038 0.3768986
vn -0.3331401 0.8399038 0.4284616
vn -0.2322961 0.9464549 0.2241911
vn -0.1981622 0.9464549 0.2548624
vn -0.1085076 0.9885644 0.1047217
vn -0.09256331 0.9885644 0.1190485
vn -0.02656803 0.9993181 0.02564105
vn -0.02266409 0.9993181 0.02914897
vn 0.02266419 0.9993181 -0.0291491
vn 0.02656814 0.9993181 -0.02564117
vn 0.1085077 0.9885644 -0.1047218
vn 0.09256344 0.9885644 -0.1190487
vn 0.2322961 0.9464549 -0.2241911
vn 0.1981622 0.9464549 -0.2548624
vn 0.3905241 0.8399038 -0.3768986
vn 0.3331401 0.8399038 -0.4284616
vn 0.5916691 0.5690848 -0.5710254
vn 0.5047286 0.5690848 -0.6491467
vn 0.7096459 0.1653292 -0.6848859
vn 0.6053696 0.1653291 -0.7785843
vn 0.719548 0 -0.6944426
vn 0.6138167 0 -0.7894484
vn 0.1981622 0.9464549 -0.2548624
vn 0.3331401 0.8399038 -0.4284616
vn 0.3905241 0.8399038 -0.3768986
vn 0.2322961 0.9464549 -0.2241911
vn 0.09256331 0.9885644 -0.1190485
vn 0.1085076 0.9885644 -0.1047217
vn 0.02266409 0.9993181 -0.02914897
vn 0.02656803 0.9993181 -0.02564105
vn -0.02656814 0.9993181 0.02564117
vn -0.02266419 0.9993181 0.0291491
vn -0.09256344 0.9885644 0.1190487
vn -0.1085077 0.9885644 0.1047218
vn -0.1981622 0.9464549 0.2548624
vn -0.2322961 0.9464549 0.2241911
vn -0.3331401 0.8399038 0.4284616
vn -0.3905241 0.8399038 0.3768986
vn -0.6053696 0.1653292 0.7785843
vn -0.6138167 0 0.7894484
vn -0.4949718 0 0.8689089
vn -0.4881603 0.1653291 0.8569514
vn -0.5047286 0.5690848 0.6491467
vn -0.4070049 0.5690848 0.7144855
vn -0.3331401 0.8399038 0.4284616
vn -0.2686387 0.8399038 0.4715876
vn -0.868909 0 -0.4949718
vn -0.868909 0 -0.4949718
vn -0.8689088 0 -0.494972
vn -0.8689088 0 -0.494972
vn -0.868909 0 -0.4949718
vn -0.868909 0 -0.4949718
vn -0.868909 0 -0.4949718
vn -0.868909 0 -0.4949718
vn -0.868909 0 -0.4949718
vn -0.868909 0 -0.4949718
vn -0.868909 0 -0.4949718
vn -0.868909 0 -0.4949718
vn -0.868909 0 -0.4949718
vn -0.868909 0 -0.4949718
vn -0.868909 0 -0.4949718
vn -0.868909 0 -0.4949718
vn -0.868909 0 -0.4949718
vn -0.8689088 0 -0.494972
vn -0.868909 0 -0.4949718
vn -0.868909 0 -0.4949718
vn -0.8689088 0 -0.494972
vn -0.868909 0 -0.4949718
vn -0.868909 0 -0.4949718
vn -0.868909 0 -0.4949718
vn -0.868909 0 -0.4949718
vn -0.868909 0 -0.4949718
vn -0.868909 0 -0.4949718
vn -0.868909 0 -0.4949718
vn -0.868909 0 -0.4949718
vn -0.868909 0 -0.4949718
vn -0.868909 0 -0.4949718
vn 0.494972 0 -0.8689088
vn 0.6138167 0 -0.7894484
vn 0.6053702 0.1653245 -0.778585
vn 0.4881607 0.1653245 -0.8569521
vn 0.4070059 0.5690818 -0.7144873
vn 0.5047297 0.5690818 -0.6491483
vn 0.2686387 0.8399038 -0.4715876
vn 0.3331401 0.8399038 -0.4284616
vn 0 -1 0
vn 0 -1 0
vn 0 -1 0
vn 0 -1 0
vn 0 -1 0
vn 0 -1 0
vn 0 -1 0
vn 0 -1 0
vn 0.7894483 0 0.6138167
vn 0.7894483 0 0.6138167
vn 0.7894483 0 0.6138167
vn 0.7894483 0 0.6138167
vn 0.7894483 0 0.6138167
vn 0.7894483 0 0.6138167
vn 0.7894483 0 0.6138167
vn 0.7894483 0 0.6138167
vn 0.7894483 0 0.6138167
vn 0.7894483 0 0.6138167
vn 0.7894483 0 0.6138167
vn 0.7894483 0 0.6138167
vn 0.7894483 0 0.6138167
vn 0.7894483 0 0.6138167
vn 0.7894483 0 0.6138167
vn 0.7894483 0 0.6138167
vn 0.7894483 0 0.6138167
vn 0.7894483 0 0.6138167
vn 0.7894483 0 0.6138167
vn 0.7894483 0 0.6138167
vn 0.7894483 0 0.6138167
vn 0.7894483 0 0.6138167
vn 0.7894483 0 0.6138167
vn 0.7894483 0 0.6138167
vn 0.7894483 0 0.6138167
vn 0.7894483 0 0.6138167
vn 0.7894483 0 0.6138167
vn 0.7894483 0 0.6138167
vn 0.7894483 0 0.6138167
vn 0.7894483 0 0.6138167
vn 0.7894483 0 0.6138167
vn -0.6138167 0 0.7894484
vn -0.494972 0 0.8689088
vn -0.4881607 0.1653245 0.8569521
vn -0.6053702 0.1653245 0.778585
vn -0.5047297 0.5690818 0.6491483
vn -0.4070059 0.5690818 0.7144873
vn -0.3331401 0.8399038 0.4284616
vn -0.2686387 0.8399038 0.4715876
vn -0.1981622 0.9464549 0.2548624
vn -0.1597948 0.9464549 0.2805152
vn -0.09256333 0.9885644 0.1190485
vn -0.07464155 0.9885644 0.1310311
vn -0.02266409 0.9993181 0.02914897
vn -0.01827595 0.9993181 0.03208291
vn 0.01827603 0.9993181 -0.03208305
vn 0.02266419 0.9993181 -0.0291491
vn 0.09256344 0.9885644 -0.1190487
vn 0.07464165 0.9885644 -0.1310313
vn 0.1981622 0.9464549 -0.2548624
vn 0.1597948 0.9464549 -0.2805152
vn 0.3331401 0.8399038 -0.4284616
vn 0.2686387 0.8399038 -0.4715876
vn 0.5047286 0.5690848 -0.6491467
vn 0.4070049 0.5690848 -0.7144855
vn 0.6053696 0.1653292 -0.7785843
vn 0.4881603 0.1653291 -0.8569514
vn 0.6138167 0 -0.7894484
vn 0.4949718 0 -0.8689089
vn 0.1597948 0.9464549 -0.2805152
vn 0.2686387 0.8399038 -0.4715876
vn 0.3331401 0.8399038 -0.4284616
vn 0.1981622 0.9464549 -0.2548624
vn 0.07464155 0.9885644 -0.1310311
vn 0.09256333 0.9885644 -0.1190485
vn 0.01827595 0.9993181 -0.03208291
vn 0.02266409 0.9993181 -0.02914897
vn -0.02266419 0.9993181 0.0291491
vn -0.01827603 0.9993181 0.03208305
vn -0.07464165 0.9885644 0.1310313
vn -0.09256344 0.9885644 0.1190487
vn -0.1597948 0.9464549 0.2805152
vn -0.1981622 0.9464549 0.2548624
vn -0.2686387 0.8399038 0.4715876
vn -0.3331401 0.8399038 0.4284616
vn -0.4881603 0.1653292 0.8569514
vn -0.4949718 0 0.8689089
vn -0.3640369 0 0.9313843
vn -0.3590272 0.1653291 0.918567
vn -0.4070049 0.5690848 0.7144855
vn -0.2993399 0.5690848 0.7658576
vn -0.2686387 0.8399038 0.4715876
vn -0.1975757 0.8399038 0.5054953
vn -0.9313843 0 -0.3640369
vn -0.9313843 0 -0.3640369
vn -0.9313844 0 -0.3640367
vn -0.9313844 0 -0.3640367
vn -0.9313843 0 -0.3640369
vn -0.9313843 0 -0.3640369
vn -0.9313843 0 -0.3640369
vn -0.9313843 0 -0.3640369
vn -0.9313843 0 -0.3640369
vn -0.9313843 0 -0.3640369
vn -0.9313843 0 -0.3640369
vn -0.9313843 0 -0.3640369
vn -0.9313843 0 -0.3640369
vn -0.9313843 0 -0.3640369
vn -0.9313843 0 -0.3640369
vn -0.9313843 0 -0.3640369
vn -0.9313843 0 -0.3640369
vn -0.9313844 0 -0.3640367
vn -0.9313843 0 -0.3640369
vn -0.9313843 0 -0.3640369
vn -0.9313844 0 -0.3640367
vn -0.9313843 0 -0.3640369
vn -0.9313843 0 -0.3640369
vn -0.9313843 0 -0.3640369
vn -0.9313843 0 -0.3640369
vn -0.9313843 0 -0.3640369
vn -0.9313843 0 -0.3640369
vn -0.9313843 0 -0.3640369
vn -0.9313843 0 -0.3640369
vn -0.9313843 0 -0.3640369
vn -0.9313843 0 -0.3640369
vn 0.3640367 0 -0.9313844
vn 0.4949718 0 -0.8689089
vn 0.4881607 0.1653245 -0.8569521
vn 0.3590275 0.1653245 -0.9185678
vn 0.2993406 0.5690818 -0.7658597
vn 0.4070059 0.5690818 -0.7144872
vn 0.1975757 0.8399038 -0.5054953
vn 0.2686387 0.8399038 -0.4715876
vn 0 -1 0
vn 0 -1 0
vn 0 -1 0
vn 0 -1 0
vn 0 -1 0
vn 0 -1 0
vn 0 -1 0
vn 0 -1 0
vn 0.868909 0 0.4949718
vn 0.868909 0 0.4949718
vn 0.868909 0 0.4949718
vn 0.868909 0 0.4949718
vn 0.868909 0 0.4949718
vn 0.868909 0 0.4949718
vn 0.868909 0 0.4949718
vn 0.868909 0 0.4949718
vn 0.868909 0 0.4949718
vn 0.868909 0 0.4949718
vn 0.868909 0 0.4949718
vn 0.868909 0 0.4949718
vn 0.868909 0 0.4949718
vn 0.868909 0 0.4949718
vn 0.868909 0 0.4949718
vn 0.868909 0 0.4949718
vn 0.868909 0 0.4949718
vn 0.868909 0 0.4949718
vn 0.868909 0 0.4949718
vn 0.868909 0 0.4949718
vn 0.868909 0 0.4949718
vn 0.868909 0 0.4949718
vn 0.868909 0 0.4949718
vn 0.868909 0 0.4949718
vn 0.868909 0 0.4949718
vn 0.868909 0 0.4949718
vn 0.868909 0 0.4949718
vn 0.868909 0 0.4949718
vn 0.868909 0 0.4949718
vn 0.868909 0 0.4949718
vn 0.868909 0 0.4949718
vn -0.4949718 0 0.8689089
vn -0.3640367 0 0.9313844
vn -0.3590275 0.1653245 0.9185678
vn -0.4881607 0.1653245 0.8569521
vn -0.4070059 0.5690818 0.7144872
vn -0.2993406 0.5690818 0.7658597
vn -0.2686387 0.8399038 0.4715876
vn -0.1975757 0.8399038 0.5054953
vn -0.1597948 0.9464549 0.2805152
vn -0.1175243 0.9464549 0.3006845
vn -0.07464156 0.9885644 0.1310311
vn -0.05489662 0.9885644 0.1404524
vn -0.01827595 0.9993181 0.03208291
vn -0.01344141 0.9993181 0.0343897
vn 0.01344147 0.9993181 -0.03438986
vn 0.01827603 0.9993181 -0.03208305
vn 0.07464165 0.9885644 -0.1310313
vn 0.05489669 0.9885644 -0.1404526
vn 0.1597948 0.9464549 -0.2805152
vn 0.1175243 0.9464549 -0.3006845
vn 0.2686387 0.8399038 -0.4715876
vn 0.1975757 0.8399038 -0.5054953
vn 0.4070049 0.5690848 -0.7144855
vn 0.2993399 0.5690848 -0.7658576
vn 0.4881603 0.1653292 -0.8569514
vn 0.3590272 0.1653291 -0.918567
vn 0.4949718 0 -0.8689089
vn 0.3640369 0 -0.9313843
vn 0.1175243 0.9464549 -0.3006845
vn 0.1975757 0.8399038 -0.5054953
vn 0.2686387 0.8399038 -0.4715876
vn 0.1597948 0.9464549 -0.2805152
vn 0.05489662 0.9885644 -0.1404524
vn 0.07464156 0.9885644 -0.1310311
vn 0.01344141 0.9993181 -0.0343897
vn 0.01827595 0.9993181 -0.03208291
vn -0.01827603 0.9993181 0.03208305
vn -0.01344147 0.9993181 0.03438986
vn -0.05489669 0.9885644 0.1404526
vn -0.07464165 0.9885644 0.1310313
vn -0.1175243 0.9464549 0.3006845
vn -0.1597948 0.9464549 0.2805152
vn -0.1975757 0.8399038 0.5054953
vn -0.2686387 0.8399038 0.4715876
vn -0.359027 0.1653292 0.9185671
vn -0.3640367 0 0.9313844
vn -0.2229189 0 0.974837
vn -0.2198512 0.1653291 0.9614217
vn -0.2993397 0.5690848 0.7658578
vn -0.1833015 0.5690848 0.8015879
vn -0.1975756 0.8399038 0.5054953
vn -0.120986 0.8399038 0.5290785
vn -0.974837 0 -0.2229189
vn -0.974837 0 -0.2229189
vn -0.974837 0 -0.2229189
vn -0.974837 0 -0.2229189
vn -0.974837 0 -0.2229189
vn -0.974837 0 -0.2229189
vn -0.974837 0 -0.2229189
vn -0.974837 0 -0.2229189
vn -0.974837 0 -0.2229189
vn -0.974837 0 -0.2229189
vn -0.974837 0 -0.2229189
vn -0.974837 0 -0.2229189
vn -0.974837 0 -0.2229189
vn -0.974837 0 -0.2229189
vn -0.974837 0 -0.2229189
vn -0.974837 0 -0.2229189
vn -0.974837 0 -0.2229189
vn -0.974837 0 -0.2229189
vn -0.974837 0 -0.2229189
vn -0.974837 0 -0.2229189
vn -0.974837 0 -0.2229189
vn -0.974837 0 -0.2229189
vn -0.974837 0 -0.2229189
vn -0.974837 0 -0.2229189
vn -0.974837 0 -0.2229189
vn -0.974837 0 -0.2229189
vn -0.974837 0 -0.2229189
vn -0.974837 0 -0.2229189
vn -0.974837 0 -0.2229189
vn -0.974837 0 -0.2229189
vn -0.974837 0 -0.2229189
vn 0.2229189 0 -0.974837
vn 0.3640369 0 -0.9313843
vn 0.3590273 0.1653245 -0.9185679
vn 0.2198513 0.1653245 -0.9614225
vn 0.183302 0.5690818 -0.80159
vn 0.2993404 0.5690818 -0.7658596
vn 0.120986 0.8399038 -0.5290785
vn 0.1975756 0.8399038 -0.5054953
vn 0 -1 0
vn 0 -1 0
vn 0 -1 0
vn 0 -1 0
vn 0 -1 0
vn 0 -1 0
vn 0 -1 0
vn 0 -1 0
vn 0.9313844 0 0.3640367
vn 0.9313844 0 0.3640367
vn 0.9313843 0 0.3640369
vn 0.9313844 0 0.3640367
vn 0.9313844 0 0.3640367
vn 0.9313844 0 0.3640367
vn 0.9313844 0 0.3640367
vn 0.9313844 0 0.3640367
vn 0.9313844 0 0.3640367
vn 0.9313844 0 0.3640367
vn 0.9313844 0 0.3640367
vn 0.9313844 0 0.3640367
vn 0.9313844 0 0.3640367
vn 0.9313844 0 0.3640367
vn 0.9313843 0 0.3640369
vn 0.9313844 0 0.3640367
vn 0.9313844 0 0.3640367
vn 0.9313843 0 0.3640369
vn 0.9313843 0 0.3640369
vn 0.9313844 0 0.3640367
vn 0.9313844 0 0.3640367
vn 0.9313844 0 0.3640367
vn 0.9313844 0 0.3640367
vn 0.9313844 0 0.3640367
vn 0.9313844 0 0.3640367
vn 0.9313844 0 0.3640367
vn 0.9313844 0 0.3640367
vn 0.9313844 0 0.3640367
vn 0.9313844 0 0.3640367
vn 0.9313844 0 0.3640367
vn 0.9313844 0 0.3640367
vn -0.3640369 0 0.9313843
vn -0.2229189 0 0.974837
vn -0.2198513 0.1653245 0.9614225
vn -0.3590273 0.1653245 0.9185679
vn -0.2993404 0.5690818 0.7658596
vn -0.183302 0.5690818 0.80159
vn -0.1975756 0.8399038 0.5054953
vn -0.120986 0.8399038 0.5290785
vn -0.1175242 0.9464549 0.3006845
vn -0.07196626 0.9464549 0.3147126
vn -0.05489659 0.9885644 0.1404524
vn -0.03361607 0.9885644 0.147005
vn -0.0134414 0.9993181 0.03438971
vn -0.008230881 0.9993181 0.03599412
vn 0.008230918 0.9993181 -0.03599428
vn 0.01344146 0.9993181 -0.03438986
vn 0.05489666 0.9885644 -0.1404526
vn 0.03361612 0.9885644 -0.1470052
vn 0.1175242 0.9464549 -0.3006845
vn 0.07196626 0.9464549 -0.3147126
vn 0.1975756 0.8399038 -0.5054953
vn 0.120986 0.8399038 -0.5290785
vn 0.2993397 0.5690848 -0.7658578
vn 0.1833015 0.5690848 -0.8015879
vn 0.359027 0.1653292 -0.9185671
vn 0.2198512 0.1653291 -0.9614217
vn 0.3640367 0 -0.9313844
vn 0.2229189 0 -0.974837
vn 0.07196626 0.9464549 -0.3147126
vn 0.120986 0.8399038 -0.5290785
vn 0.1975756 0.8399038 -0.5054953
vn 0.1175242 0.9464549 -0.3006845
vn 0.03361607 0.9885644 -0.147005
vn 0.05489659 0.9885644 -0.1404524
vn 0.008230881 0.9993181 -0.03599412
vn 0.0134414 0.9993181 -0.03438971
vn -0.01344146 0.9993181 0.03438986
vn -0.008230918 0.9993181 0.03599428
vn -0.03361612 0.9885644 0.1470052
vn -0.05489666 0.9885644 0.1404526
vn -0.07196626 0.9464549 0.3147126
vn -0.1175242 0.9464549 0.3006845
vn -0.120986 0.8399038 0.5290785
vn -0.1975756 0.8399038 0.5054953
vn -0.2198509 0.1653292 0.9614217
vn -0.2229186 0 0.974837
vn -0.07508993 0 0.9971768
vn -0.07405657 0.1653291 0.983454
vn -0.1833013 0.5690848 0.8015879
vn -0.06174486 0.5690848 0.8199574
vn -0.1209858 0.8399038 0.5290785
vn -0.04075396 0.8399038 0.5412031
vn -0.9971768 0 -0.07508993
vn -0.9971768 0 -0.07508993
vn -0.9971768 0 -0.07508993
vn -0.9971768 0 -0.07508993
vn -0.9971768 0 -0.07508993
vn -0.9971768 0 -0.07508993
vn -0.9971768 0 -0.07508993
vn -0.9971768 0 -0.07508993
vn -0.9971768 0 -0.07508993
vn -0.9971768 0 -0.07508993
vn -0.9971768 0 -0.07508993
vn -0.9971768 0 -0.07508993
vn -0.9971768 0 -0.07508993
vn -0.9971768 0 -0.07508993
vn -0.9971768 0 -0.07508993
vn -0.9971768 0 -0.07508993
vn -0.9971768 0 -0.07508993
vn -0.9971768 0 -0.07508993
vn -0.9971768 0 -0.07508993
vn -0.9971768 0 -0.07508993
vn -0.9971768 0 -0.07508993
vn -0.9971768 0 -0.07508993
vn -0.9971768 0 -0.07508993
vn -0.9971768 0 -0.07508993
vn -0.9971768 0 -0.07508993
vn -0.9971768 0 -0.07508993
vn -0.9971768 0 -0.07508993
vn -0.9971768 0 -0.07508993
vn -0.9971768 0 -0.07508993
vn -0.9971768 0 -0.07508993
vn -0.9971768 0 -0.07508993
vn 0.07508993 0 -0.9971768
vn 0.2229189 0 -0.974837
vn 0.2198511 0.1653245 -0.9614225
vn 0.07405664 0.1653245 -0.9834549
vn 0.06174503 0.5690818 -0.8199595
vn 0.1833017 0.5690818 -0.8015898
vn 0.04075396 0.8399038 -0.5412031
vn 0.1209858 0.8399038 -0.5290785
vn 0 -1 0
vn 0 -1 0
vn 0 -1 0
vn 0 -1 0
vn 0 -1 0
vn 0 -1 0
vn 0 -1 0
vn 0 -1 0
vn 0.974837 0 0.2229186
vn 0.974837 0 0.2229186
vn 0.974837 0 0.2229189
vn 0.974837 0 0.2229186
vn 0.974837 0 0.2229186
vn 0.974837 0 0.2229186
vn 0.974837 0 0.2229186
vn 0.974837 0 0.2229186
vn 0.974837 0 0.2229186
vn 0.974837 0 0.2229186
vn 0.974837 0 0.2229186
vn 0.974837 0 0.2229186
vn 0.974837 0 0.2229186
vn 0.974837 0 0.2229186
vn 0.974837 0 0.2229189
vn 0.974837 0 0.2229186
vn 0.974837 0 0.2229186
vn 0.974837 0 0.2229189
vn 0.974837 0 0.2229189
vn 0.974837 0 0.2229186
vn 0.974837 0 0.2229186
vn 0.974837 0 0.2229186
vn 0.974837 0 0.2229186
vn 0.974837 0 0.2229186
vn 0.974837 0 0.2229186
vn 0.974837 0 0.2229186
vn 0.974837 0 0.2229186
vn 0.974837 0 0.2229186
vn 0.974837 0 0.2229186
vn 0.974837 0 0.2229186
vn 0.974837 0 0.2229186
vn -0.2229189 0 0.974837
vn -0.07508993 0 0.9971768
vn -0.07405664 0.1653245 0.9834549
vn -0.2198511 0.1653245 0.9614225
vn -0.1833017 0.5690818 0.8015898
vn -0.06174503 0.5690818 0.8199595
vn -0.1209858 0.8399038 0.5290785
vn -0.04075396 0.8399038 0.5412031
vn -0.07196617 0.9464549 0.3147126
vn -0.02424174 0.9464549 0.3219247
vn -0.03361604 0.9885644 0.1470051
vn -0.01132353 0.9885644 0.1503738
vn -0.008230872 0.9993181 0.03599412
vn -0.002772562 0.9993181 0.03681897
vn 0.002772574 0.9993181 -0.03681913
vn 0.008230908 0.9993181 -0.03599428
vn 0.03361608 0.9885644 -0.1470052
vn 0.01132355 0.9885644 -0.1503741
vn 0.07196617 0.9464549 -0.3147126
vn 0.02424174 0.9464549 -0.3219247
vn 0.1209858 0.8399038 -0.5290785
vn 0.04075396 0.8399038 -0.5412031
vn 0.1833013 0.5690848 -0.8015879
vn 0.06174486 0.5690848 -0.8199574
vn 0.2198509 0.1653292 -0.9614217
vn 0.07405657 0.1653291 -0.983454
vn 0.2229186 0 -0.974837
vn 0.07508993 0 -0.9971768
vn 0.02424174 0.9464549 -0.3219247
vn 0.04075396 0.8399038 -0.5412031
vn 0.1209858 0.8399038 -0.5290785
vn 0.07196617 0.9464549 -0.3147126
vn 0.01132353 0.9885644 -0.1503738
vn 0.03361604 0.9885644 -0.1470051
vn 0.002772562 0.9993181 -0.03681897
vn 0.008230872 0.9993181 -0.03599412
vn -0.008230908 0.9993181 0.03599428
vn -0.002772574 0.9993181 0.03681913
vn -0.01132355 0.9885644 0.1503741
vn -0.03361608 0.9885644 0.1470052
vn -0.02424174 0.9464549 0.3219247
vn -0.07196617 0.9464549 0.3147126
vn -0.04075396 0.8399038 0.5412031
vn -0.1209858 0.8399038 0.5290785
vn -0.07405657 0.1653292 0.983454
vn -0.07508993 0 0.9971768
vn 0.07509005 0 0.9971767
vn 0.07405669 0.1653291 0.983454
vn -0.06174486 0.5690848 0.8199574
vn 0.06174496 0.5690848 0.8199573
vn -0.04075396 0.8399038 0.5412031
vn 0.04075403 0.8399038 0.5412031
vn -0.9971768 0 0.07509005
vn -0.9971768 0 0.07509005
vn -0.9971768 0 0.07509005
vn -0.9971768 0 0.07509005
vn -0.9971768 0 0.07509005
vn -0.9971768 0 0.07509005
vn -0.9971768 0 0.07509005
vn -0.9971768 0 0.07509005
vn -0.9971768 0 0.07509005
vn -0.9971768 0 0.07509005
vn -0.9971768 0 0.07509005
vn -0.9971768 0 0.07509005
vn -0.9971768 0 0.07509005
vn -0.9971768 0 0.07509005
vn -0.9971768 0 0.07509005
vn -0.9971768 0 0.07509005
vn -0.9971768 0 0.07509005
vn -0.9971768 0 0.07509005
vn -0.9971768 0 0.07509005
vn -0.9971768 0 0.07509005
vn -0.9971768 0 0.07509005
vn -0.9971768 0 0.07509005
vn -0.9971768 0 0.07509005
vn -0.9971768 0 0.07509005
vn -0.9971768 0 0.07509005
vn -0.9971768 0 0.07509005
vn -0.9971768 0 0.07509005
vn -0.9971768 0 0.07509005
vn -0.9971768 0 0.07509005
vn -0.9971768 0 0.07509005
vn -0.9971768 0 0.07509005
vn -0.07509005 0 -0.9971767
vn 0.07508993 0 -0.9971768
vn 0.07405664 0.1653245 -0.9834549
vn -0.07405675 0.1653245 -0.9834548
vn -0.06174512 0.5690818 -0.8199595
vn 0.06174501 0.5690818 -0.8199594
vn -0.04075403 0.8399038 -0.5412031
vn 0.04075396 0.8399038 -0.5412031
vn 0 -1 0
vn 0 -1 0
vn 0 -1 0
vn 0 -1 0
vn 0 -1 0
vn 0 -1 0
vn 0 -1 0
vn 0 -1 0
vn 0.9971768 0 0.07508993
vn 0.9971768 0 0.07508993
vn 0.9971768 0 0.07508993
vn 0.9971768 0 0.07508993
vn 0.9971768 0 0.07508993
vn 0.9971768 0 0.07508993
vn 0.9971768 0 0.07508993
vn 0.9971768 0 0.07508993
vn 0.9971768 0 0.07508993
vn 0.9971768 0 0.07508993
vn 0.9971768 0 0.07508993
vn 0.9971768 0 0.07508993
vn 0.9971768 0 0.07508993
vn 0.9971768 0 0.07508993
vn 0.9971768 0 0.07508993
vn 0.9971768 0 0.07508993
vn 0.9971768 0 0.07508993
vn 0.9971768 0 0.07508993
vn 0.9971768 0 0.07508993
vn 0.9971768 0 0.07508993
vn 0.9971768 0 0.07508993
vn 0.9971768 0 0.07508993
vn 0.9971768 0 0.07508993
vn 0.9971768 0 0.07508993
vn 0.9971768 0 0.07508993
vn 0.9971768 0 0.07508993
vn 0.9971768 0 0.07508993
vn 0.9971768 0 0.07508993
vn 0.9971768 0 0.07508993
vn 0.9971768 0 0.07508993
vn 0.9971768 0 0.07508993
vn -0.07508993 0 0.9971768
vn 0.07509005 0 0.9971767
vn 0.07405675 0.1653245 0.9834548
vn -0.07405664 0.1653245 0.9834549
vn -0.06174501 0.5690818 0.8199594
vn 0.06174512 0.5690818 0.8199595
vn -0.04075396 0.8399038 0.5412031
vn 0.04075403 0.8399038 0.5412031
vn -0.02424174 0.9464549 0.3219247
vn 0.02424178 0.9464549 0.3219246
vn -0.01132353 0.9885644 0.1503739
vn 0.01132355 0.9885644 0.1503738
vn -0.002772562 0.9993181 0.03681897
vn 0.002772566 0.9993181 0.03681897
vn -0.002772578 0.9993181 -0.03681913
vn 0.002772574 0.9993181 -0.03681913
vn 0.01132355 0.9885644 -0.1503741
vn -0.01132356 0.9885644 -0.150374
vn 0.02424174 0.9464549 -0.3219247
vn -0.02424178 0.9464549 -0.3219246
vn 0.04075396 0.8399038 -0.5412031
vn -0.04075403 0.8399038 -0.5412031
vn 0.06174486 0.5690848 -0.8199574
vn -0.06174496 0.5690848 -0.8199573
vn 0.07405657 0.1653292 -0.983454
vn -0.07405669 0.1653291 -0.983454
vn 0.07508993 0 -0.9971768
vn -0.07509005 0 -0.9971767
vn -0.02424178 0.9464549 -0.3219246
vn -0.04075403 0.8399038 -0.5412031
vn 0.04075396 0.8399038 -0.5412031
vn 0.02424174 0.9464549 -0.3219247
vn -0.01132355 0.9885644 -0.1503738
vn 0.01132353 0.9885644 -0.1503739
vn -0.002772566 0.9993181 -0.03681897
vn 0.002772562 0.9993181 -0.03681897
vn -0.002772574 0.9993181 0.03681913
vn 0.002772578 0.9993181 0.03681913
vn 0.01132356 0.9885644 0.150374
vn -0.01132355 0.9885644 0.1503741
vn 0.02424178 0.9464549 0.3219246
vn -0.02424174 0.9464549 0.3219247
vn 0.04075403 0.8399038 0.5412031
vn -0.04075396 0.8399038 0.5412031
vn 0.07405669 0.1653292 0.983454
vn 0.07509005 0 0.9971767
vn 0.2229188 0 0.974837
vn 0.2198511 0.1653291 0.9614217
vn 0.06174496 0.5690848 0.8199573
vn 0.1833014 0.5690848 0.8015879
vn 0.04075403 0.8399038 0.5412031
vn 0.1209859 0.8399038 0.5290785
vn -0.974837 0 0.2229188
vn -0.974837 0 0.2229188
vn -0.974837 0 0.2229188
vn -0.974837 0 0.2229188
vn -0.974837 0 0.2229188
vn -0.974837 0 0.2229188
vn -0.974837 0 0.2229188
vn -0.974837 0 0.2229188
vn -0.974837 0 0.2229188
vn -0.974837 0 0.2229188
vn -0.974837 0 0.2229188
vn -0.974837 0 0.2229188
vn -0.974837 0 0.2229188
vn -0.974837 0 0.2229188
vn -0.974837 0 0.2229188
vn -0.974837 0 0.2229188
vn -0.974837 0 0.2229188
vn -0.974837 0 0.2229188
vn -0.974837 0 0.2229188
vn -0.974837 0 0.2229188
vn -0.974837 0 0.2229188
vn -0.974837 0 0.2229188
vn -0.974837 0 0.2229188
vn -0.974837 0 0.2229188
vn -0.974837 0 0.2229188
vn -0.974837 0 0.2229188
vn -0.974837 0 0.2229188
vn -0.974837 0 0.2229188
vn -0.974837 0 0.2229188
vn -0.974837 0 0.2229188
vn -0.974837 0 0.2229188
vn -0.2229188 0 -0.974837
vn -0.07509005 0 -0.9971767
vn -0.07405675 0.1653245 -0.9834548
vn -0.2198513 0.1653245 -0.9614225
vn -0.1833019 0.5690818 -0.80159
vn -0.06174511 0.5690818 -0.8199593
vn -0.1209859 0.8399038 -0.5290785
vn -0.04075403 0.8399038 -0.5412031
vn 0 -1 0
vn 0 -1 0
vn 0 -1 0
vn 0 -1 0
vn 0 -1 0
vn 0 -1 0
vn 0 -1 0
vn 0 -1 0
vn 0.9971768 0 -0.07509005
vn 0.9971768 0 -0.07509005
vn 0.9971768 0 -0.07509005
vn 0.9971768 0 -0.07509005
vn 0.9971768 0 -0.07509005
vn 0.9971768 0 -0.07509005
vn 0.9971768 0 -0.07509005
vn 0.9971768 0 -0.07509005
vn 0.9971768 0 -0.07509005
vn 0.9971768 0 -0.07509005
vn 0.9971768 0 -0.07509005
vn 0.9971768 0 -0.07509005
vn 0.9971768 0 -0.07509005
vn 0.9971768 0 -0.07509005
vn 0.9971768 0 -0.07509005
vn 0.9971768 0 -0.07509005
vn 0.9971768 0 -0.07509005
vn 0.9971768 0 -0.07509005
vn 0.9971768 0 -0.07509005
vn 0.9971768 0 -0.07509005
vn 0.9971768 0 -0.07509005
vn 0.9971768 0 -0.07509005
vn 0.9971768 0 -0.07509005
vn 0.9971768 0 -0.07509005
vn 0.9971768 0 -0.07509005
vn 0.9971768 0 -0.07509005
vn 0.9971768 0 -0.07509005
vn 0.9971768 0 -0.07509005
vn 0.9971768 0 -0.07509005
vn 0.9971768 0 -0.07509005
vn 0.9971768 0 -0.07509005
vn 0.07509005 0 0.9971767
vn 0.2229188 0 0.974837
vn 0.2198513 0.1653245 0.9614225
vn 0.07405675 0.1653245 0.9834548
vn 0.06174511 0.5690818 0.8199593
vn 0.1833019 0.5690818 0.80159
vn 0.04075403 0.8399038 0.5412031
vn 0.1209859 0.8399038 0.5290785
vn 0.02424178 0.9464549 0.3219246
vn 0.07196624 0.9464549 0.3147126
vn 0.01132355 0.9885644 0.1503739
vn 0.03361607 0.9885644 0.147005
vn 0.002772566 0.9993181 0.03681897
vn 0.008230879 0.9993181 0.03599412
vn -0.008230915 0.9993181 -0.03599428
vn -0.002772578 0.9993181 -0.03681913
vn -0.01132356 0.9885644 -0.150374
vn -0.03361611 0.9885644 -0.1470052
vn -0.02424178 0.9464549 -0.3219246
vn -0.07196624 0.9464549 -0.3147126
vn -0.04075403 0.8399038 -0.5412031
vn -0.1209859 0.8399038 -0.5290785
vn -0.06174496 0.5690848 -0.8199573
vn -0.1833014 0.5690848 -0.8015879
vn -0.07405669 0.1653292 -0.983454
vn -0.2198511 0.1653291 -0.9614217
vn -0.07509005 0 -0.9971767
vn -0.2229188 0 -0.974837
vn -0.07196624 0.9464549 -0.3147126
vn -0.1209859 0.8399038 -0.5290785
vn -0.04075403 0.8399038 -0.5412031
vn -0.02424178 0.9464549 -0.3219246
vn -0.03361607 0.9885644 -0.147005
vn -0.01132355 0.9885644 -0.1503739
vn -0.008230879 0.9993181 -0.03599412
vn -0.002772566 0.9993181 -0.03681897
vn 0.002772578 0.9993181 0.03681913
vn 0.008230915 0.9993181 0.03599428
vn 0.03361611 0.9885644 0.1470052
vn 0.01132356 0.9885644 0.150374
vn 0.07196624 0.9464549 0.3147126
vn 0.02424178 0.9464549 0.3219246
vn 0.1209859 0.8399038 0.5290785
vn 0.04075403 0.8399038 0.5412031
vn 0.2198511 0.1653292 0.9614217
vn 0.2229188 0 0.974837
vn 0.3640365 0 0.9313847
vn 0.3590268 0.1653291 0.9185674
vn 0.1833014 0.5690848 0.8015879
vn 0.2993395 0.5690848 0.7658579
vn 0.1209859 0.8399038 0.5290785
vn 0.1975755 0.8399038 0.5054954
vn -0.9313846 0 0.3640365
vn -0.9313846 0 0.3640365
vn -0.9313846 0 0.3640365
vn -0.9313846 0 0.3640365
vn -0.9313846 0 0.3640365
vn -0.9313846 0 0.3640365
vn -0.9313846 0 0.3640365
vn -0.9313846 0 0.3640365
vn -0.9313846 0 0.3640365
vn -0.9313846 0 0.3640365
vn -0.9313846 0 0.3640365
vn -0.9313846 0 0.3640365
vn -0.9313846 0 0.3640365
vn -0.9313846 0 0.3640365
vn -0.9313846 0 0.3640365
vn -0.9313846 0 0.3640365
vn -0.9313846 0 0.3640365
vn -0.9313846 0 0.3640365
vn -0.9313846 0 0.3640365
vn -0.9313846 0 0.3640365
vn -0.9313846 0 0.3640365
vn -0.9313846 0 0.3640365
vn -0.9313846 0 0.3640365
vn -0.9313846 0 0.3640365
vn -0.9313846 0 0.3640365
vn -0.9313846 0 0.3640365
vn -0.9313846 0 0.3640365
vn -0.9313846 0 0.3640365
vn -0.9313846 0 0.3640365
vn -0.9313846 0 0.3640365
vn -0.9313846 0 0.3640365
vn -0.3640365 0 -0.9313847
vn -0.2229188 0 -0.974837
vn -0.2198513 0.1653245 -0.9614225
vn -0.3590271 0.1653245 -0.9185681
vn -0.2993403 0.5690818 -0.7658599
vn -0.1833019 0.5690818 -0.8015898
vn -0.1975755 0.8399038 -0.5054954
vn -0.1209859 0.8399038 -0.5290785
vn 0 -1 0
vn 0 -1 0
vn 0 -1 0
vn 0 -1 0
vn 0 -1 0
vn 0 -1 0
vn 0 -1 0
vn 0 -1 0
vn 0.974837 0 -0.2229188
vn 0.974837 0 -0.2229188
vn 0.974837 0 -0.2229188
vn 0.974837 0 -0.2229188
vn 0.974837 0 -0.2229188
vn 0.974837 0 -0.2229188
vn 0.974837 0 -0.2229188
vn 0.974837 0 -0.2229188
vn 0.974837 0 -0.2229188
vn 0.974837 0 -0.2229188
vn 0.974837 0 -0.2229188
vn 0.974837 0 -0.2229188
vn 0.974837 0 -0.2229188
vn 0.974837 0 -0.2229188
vn 0.974837 0 -0.2229188
vn 0.974837 0 -0.2229188
vn 0.974837 0 -0.2229188
vn 0.974837 0 -0.2229188
vn 0.974837 0 -0.2229188
vn 0.974837 0 -0.2229188
vn 0.974837 0 -0.2229188
vn 0.974837 0 -0.2229188
vn 0.974837 0 -0.2229188
vn 0.974837 0 -0.2229188
vn 0.974837 0 -0.2229188
vn 0.974837 0 -0.2229188
vn 0.974837 0 -0.2229188
vn 0.974837 0 -0.2229188
vn 0.974837 0 -0.2229188
vn 0.974837 0 -0.2229188
vn 0.974837 0 -0.2229188
vn 0.2229188 0 0.974837
vn 0.3640365 0 0.9313847
vn 0.3590271 0.1653245 0.9185681
vn 0.2198513 0.1653245 0.9614225
vn 0.1833019 0.5690818 0.8015898
vn 0.2993403 0.5690818 0.7658599
vn 0.1209859 0.8399038 0.5290785
vn 0.1975755 0.8399038 0.5054954
vn 0.07196624 0.9464549 0.3147126
vn 0.1175241 0.9464549 0.3006846
vn 0.03361607 0.9885644 0.1470051
vn 0.05489656 0.9885644 0.1404524
vn 0.008230879 0.9993181 0.03599412
vn 0.0134414 0.9993181 0.03438972
vn -0.01344146 0.9993181 -0.03438987
vn -0.008230915 0.9993181 -0.03599428
vn -0.03361611 0.9885644 -0.1470052
vn -0.05489663 0.9885644 -0.1404526
vn -0.07196624 0.9464549 -0.3147126
vn -0.1175241 0.9464549 -0.3006846
vn -0.1209859 0.8399038 -0.5290785
vn -0.1975755 0.8399038 -0.5054954
vn -0.1833014 0.5690848 -0.8015879
vn -0.2993395 0.5690848 -0.7658579
vn -0.2198511 0.1653292 -0.9614217
vn -0.3590268 0.1653291 -0.9185674
vn -0.2229188 0 -0.974837
vn -0.3640365 0 -0.9313847
vn -0.1175241 0.9464549 -0.3006846
vn -0.1975755 0.8399038 -0.5054954
vn -0.1209859 0.8399038 -0.5290785
vn -0.07196624 0.9464549 -0.3147126
vn -0.05489656 0.9885644 -0.1404524
vn -0.03361607 0.9885644 -0.1470051
vn -0.0134414 0.9993181 -0.03438972
vn -0.008230879 0.9993181 -0.03599412
vn 0.008230915 0.9993181 0.03599428
vn 0.01344146 0.9993181 0.03438987
vn 0.05489663 0.9885644 0.1404526
vn 0.03361611 0.9885644 0.1470052
vn 0.1175241 0.9464549 0.3006846
vn 0.07196624 0.9464549 0.3147126
vn 0.1975755 0.8399038 0.5054954
vn 0.1209859 0.8399038 0.5290785
vn 0.3590268 0.1653292 0.9185674
vn 0.3640365 0 0.9313847
vn 0.4949718 0 0.868909
vn 0.4881602 0.1653291 0.8569514
vn 0.2993395 0.5690848 0.7658579
vn 0.4070048 0.5690848 0.7144855
vn 0.1975755 0.8399038 0.5054954
vn 0.2686387 0.8399038 0.4715877
vn -0.8689091 0 0.4949718
vn -0.8689091 0 0.4949718
vn -0.8689091 0 0.4949718
vn -0.8689091 0 0.4949718
vn -0.8689091 0 0.4949718
vn -0.8689091 0 0.4949718
vn -0.8689091 0 0.4949718
vn -0.8689091 0 0.4949718
vn -0.8689091 0 0.4949718
vn -0.8689091 0 0.4949718
vn -0.8689091 0 0.4949718
vn -0.8689091 0 0.4949718
vn -0.8689091 0 0.4949718
vn -0.8689091 0 0.4949718
vn -0.8689091 0 0.4949718
vn -0.8689091 0 0.4949718
vn -0.8689091 0 0.4949718
vn -0.8689091 0 0.4949718
vn -0.8689091 0 0.4949718
vn -0.8689091 0 0.4949718
vn -0.8689091 0 0.4949718
vn -0.8689091 0 0.4949718
vn -0.8689091 0 0.4949718
vn -0.8689091 0 0.4949718
vn -0.8689091 0 0.4949718
vn -0.8689091 0 0.4949718
vn -0.8689091 0 0.4949718
vn -0.8689091 0 0.4949718
vn -0.8689091 0 0.4949718
vn -0.8689091 0 0.4949718
vn -0.8689091 0 0.4949718
vn -0.4949718 0 -0.868909
vn -0.3640365 0 -0.9313847
vn -0.3590271 0.1653245 -0.9185681
vn -0.4881606 0.1653245 -0.8569522
vn -0.4070059 0.5690818 -0.7144874
vn -0.2993403 0.5690818 -0.7658598
vn -0.2686387 0.8399038 -0.4715877
vn -0.1975755 0.8399038 -0.5054954
vn 0 -1 0
vn 0 -1 0
vn 0 -1 0
vn 0 -1 0
vn 0 -1 0
vn 0 -1 0
vn 0 -1 0
vn 0 -1 0
vn 0.9313846 0 -0.3640365
vn 0.9313846 0 -0.3640365
vn 0.9313846 0 -0.3640365
vn 0.9313846 0 -0.3640365
vn 0.9313846 0 -0.3640365
vn 0.9313846 0 -0.3640365
vn 0.9313846 0 -0.3640365
vn 0.9313846 0 -0.3640365
vn 0.9313846 0 -0.3640365
vn 0.9313846 0 -0.3640365
vn 0.9313846 0 -0.3640365
vn 0.9313846 0 -0.3640365
vn 0.9313846 0 -0.3640365
vn 0.9313846 0 -0.3640365
vn 0.9313846 0 -0.3640365
vn 0.9313846 0 -0.3640365
vn 0.9313846 0 -0.3640365
vn 0.9313846 0 -0.3640365
vn 0.9313846 0 -0.3640365
vn 0.9313846 0 -0.3640365
vn 0.9313846 0 -0.3640365
vn 0.9313846 0 -0.3640365
vn 0.9313846 0 -0.3640365
vn 0.9313846 0 -0.3640365
vn 0.9313846 0 -0.3640365
vn 0.9313846 0 -0.3640365
vn 0.9313846 0 -0.3640365
vn 0.9313846 0 -0.3640365
vn 0.9313846 0 -0.3640365
vn 0.9313846 0 -0.3640365
vn 0.9313846 0 -0.3640365
vn 0.3640365 0 0.9313847
vn 0.4949718 0 0.868909
vn 0.4881606 0.1653245 0.8569522
vn 0.3590271 0.1653245 0.9185681
vn 0.2993403 0.5690818 0.7658598
vn 0.4070059 0.5690818 0.7144874
vn 0.1975755 0.8399038 0.5054954
vn 0.2686387 0.8399038 0.4715877
vn 0.1175241 0.9464549 0.3006846
vn 0.1597948 0.9464549 0.2805152
vn 0.05489657 0.9885644 0.1404525
vn 0.07464154 0.9885644 0.1310311
vn 0.0134414 0.9993181 0.03438972
vn 0.01827595 0.9993181 0.03208292
vn -0.01827603 0.9993181 -0.03208306
vn -0.01344146 0.9993181 -0.03438987
vn -0.05489663 0.9885644 -0.1404526
vn -0.07464164 0.9885644 -0.1310313
vn -0.1175241 0.9464549 -0.3006846
vn -0.1597948 0.9464549 -0.2805152
vn -0.1975755 0.8399038 -0.5054954
vn -0.2686387 0.8399038 -0.4715877
vn -0.2993395 0.5690848 -0.7658579
vn -0.4070048 0.5690848 -0.7144855
vn -0.3590268 0.1653292 -0.9185674
vn -0.4881602 0.1653291 -0.8569514
vn -0.3640365 0 -0.9313847
vn -0.4949718 0 -0.868909
vn -0.1597948 0.9464549 -0.2805152
vn -0.2686387 0.8399038 -0.4715877
vn -0.1975755 0.8399038 -0.5054954
vn -0.1175241 0.9464549 -0.3006846
vn -0.07464154 0.9885644 -0.1310311
vn -0.05489657 0.9885644 -0.1404525
vn -0.01827595 0.9993181 -0.03208292
vn -0.0134414 0.9993181 -0.03438972
vn 0.01344146 0.9993181 0.03438987
vn 0.01827603 0.9993181 0.03208306
vn 0.07464164 0.9885644 0.1310313
vn 0.05489663 0.9885644 0.1404526
vn 0.1597948 0.9464549 0.2805152
vn 0.1175241 0.9464549 0.3006846
vn 0.2686387 0.8399038 0.4715877
vn 0.1975755 0.8399038 0.5054954
vn 0.4881602 0.1653292 0.8569514
vn 0.4949718 0 0.868909
vn 0.6138166 0 0.7894484
vn 0.6053695 0.1653291 0.7785844
vn 0.4070048 0.5690848 0.7144855
vn 0.5047284 0.5690848 0.6491467
vn 0.2686387 0.8399038 0.4715877
vn 0.33314 0.8399038 0.4284616
vn -0.7894485 0 0.6138167
vn -0.7894485 0 0.6138167
vn -0.7894487 0 0.6138166
vn -0.7894487 0 0.6138166
vn -0.7894485 0 0.6138167
vn -0.7894485 0 0.6138167
vn -0.7894485 0 0.6138167
vn -0.7894485 0 0.6138167
vn -0.7894485 0 0.6138167
vn -0.7894485 0 0.6138167
vn -0.7894485 0 0.6138167
vn -0.7894485 0 0.6138167
vn -0.7894485 0 0.6138167
vn -0.7894485 0 0.6138167
vn -0.7894485 0 0.6138167
vn -0.7894485 0 0.6138167
vn -0.7894485 0 0.6138167
vn -0.7894487 0 0.6138166
vn -0.7894485 0 0.6138167
vn -0.7894485 0 0.6138167
vn -0.7894487 0 0.6138166
vn -0.7894485 0 0.6138167
vn -0.7894485 0 0.6138167
vn -0.7894485 0 0.6138167
vn -0.7894485 0 0.6138167
vn -0.7894485 0 0.6138167
vn -0.7894485 0 0.6138167
vn -0.7894485 0 0.6138167
vn -0.7894485 0 0.6138167
vn -0.7894485 0 0.6138167
vn -0.7894485 0 0.6138167
vn -0.6138167 0 -0.7894486
vn -0.4949718 0 -0.868909
vn -0.4881606 0.1653245 -0.8569522
vn -0.60537 0.1653245 -0.778585
vn -0.5047297 0.5690818 -0.6491485
vn -0.4070058 0.5690818 -0.7144873
vn -0.33314 0.8399038 -0.4284616
vn -0.2686387 0.8399038 -0.4715877
vn 0 -1 0
vn 0 -1 0
vn 0 -1 0
vn 0 -1 0
vn 0 -1 0
vn 0 -1 0
vn 0 -1 0
vn 0 -1 0
vn 0.8689091 0 -0.4949718
vn 0.8689091 0 -0.4949718
vn 0.8689091 0 -0.4949718
vn 0.8689091 0 -0.4949718
vn 0.8689091 0 -0.4949718
vn 0.8689091 0 -0.4949718
vn 0.8689091 0 -0.4949718
vn 0.8689091 0 -0.4949718
vn 0.8689091 0 -0.4949718
vn 0.8689091 0 -0.4949718
vn 0.8689091 0 -0.4949718
vn 0.8689091 0 -0.4949718
vn 0.8689091 0 -0.4949718
vn 0.8689091 0 -0.4949718
vn 0.8689091 0 -0.4949718
vn 0.8689091 0 -0.4949718
vn 0.8689091 0 -0.4949718
vn 0.8689091 0 -0.4949718
vn 0.8689091 0 -0.4949718
vn 0.8689091 0 -0.4949718
vn 0.8689091 0 -0.4949718
vn 0.8689091 0 -0.4949718
vn 0.8689091 0 -0.4949718
vn 0.8689091 0 -0.4949718
vn 0.8689091 0 -0.4949718
vn 0.8689091 0 -0.4949718
vn 0.8689091 0 -0.4949718
vn 0.8689091 0 -0.4949718
vn 0.8689091 0 -0.4949718
vn 0.8689091 0 -0.4949718
vn 0.8689091 0 -0.4949718
vn 0.4949718 0 0.868909
vn 0.6138167 0 0.7894486
vn 0.60537 0.1653245 0.778585
vn 0.4881606 0.1653245 0.8569522
vn 0.4070058 0.5690818 0.7144873
vn 0.5047297 0.5690818 0.6491485
vn 0.2686387 0.8399038 0.4715877
vn 0.33314 0.8399038 0.4284616
vn 0.1597948 0.9464549 0.2805152
vn 0.1981622 0.9464549 0.2548625
vn 0.07464156 0.9885644 0.1310311
vn 0.09256329 0.9885644 0.1190485
vn 0.01827595 0.9993181 0.03208292
vn 0.02266408 0.9993181 0.02914897
vn -0.02266418 0.9993181 -0.0291491
vn -0.01827603 0.9993181 -0.03208306
vn -0.07464164 0.9885644 -0.1310313
vn -0.09256342 0.9885644 -0.1190487
vn -0.1597948 0.9464549 -0.2805152
vn -0.1981622 0.9464549 -0.2548625
vn -0.2686387 0.8399038 -0.4715877
vn -0.33314 0.8399038 -0.4284616
vn -0.4070048 0.5690848 -0.7144855
vn -0.5047284 0.5690848 -0.6491467
vn -0.4881602 0.1653292 -0.8569514
vn -0.6053695 0.1653291 -0.7785844
vn -0.4949718 0 -0.868909
vn -0.6138166 0 -0.7894484
vn -0.1981622 0.9464549 -0.2548625
vn -0.33314 0.8399038 -0.4284616
vn -0.2686387 0.8399038 -0.4715877
vn -0.1597948 0.9464549 -0.2805152
vn -0.09256329 0.9885644 -0.1190485
vn -0.07464156 0.9885644 -0.1310311
vn -0.02266408 0.9993181 -0.02914897
vn -0.01827595 0.9993181 -0.03208292
vn 0.01827603 0.9993181 0.03208306
vn 0.02266418 0.9993181 0.0291491
vn 0.09256342 0.9885644 0.1190487
vn 0.07464164 0.9885644 0.1310313
vn 0.1981622 0.9464549 0.2548625
vn 0.1597948 0.9464549 0.2805152
vn 0.33314 0.8399038 0.4284616
vn 0.2686387 0.8399038 0.4715877
vn 0.6053695 0.1653292 0.7785844
vn 0.6138166 0 0.7894484
vn 0.7195479 0 0.6944428
vn 0.7096457 0.1653291 0.6848862
vn 0.5047284 0.5690848 0.6491467
vn 0.591669 0.5690848 0.5710256
vn 0.33314 0.8399038 0.4284616
vn 0.3905241 0.8399038 0.3768987
vn -0.6944428 0 0.7195478
vn -0.6944428 0 0.7195478
vn -0.6944428 0 0.7195478
vn -0.6944428 0 0.7195478
vn -0.6944428 0 0.7195478
vn -0.6944428 0 0.7195478
vn -0.6944428 0 0.7195478
vn -0.6944428 0 0.7195478
vn -0.6944428 0 0.7195478
vn -0.6944428 0 0.7195478
vn -0.6944428 0 0.7195478
vn -0.6944428 0 0.7195478
vn -0.6944428 0 0.7195478
vn -0.6944428 0 0.7195478
vn -0.6944428 0 0.7195478
vn -0.6944428 0 0.7195478
vn -0.6944428 0 0.7195478
vn -0.6944428 0 0.7195478
vn -0.6944428 0 0.7195478
vn -0.6944428 0 0.7195478
vn -0.6944428 0 0.7195478
vn -0.6944428 0 0.7195478
vn -0.6944428 0 0.7195478
vn -0.6944428 0 0.7195478
vn -0.6944428 0 0.7195478
vn -0.6944428 0 0.7195478
vn -0.6944428 0 0.7195478
vn -0.6944428 0 0.7195478
vn -0.6944428 0 0.7195478
vn -0.6944428 0 0.7195478
vn -0.6944428 0 0.7195478
vn -0.7195479 0 -0.6944428
vn -0.6138166 0 -0.7894484
vn -0.60537 0.1653245 -0.778585
vn -0.7096463 0.1653245 -0.6848868
vn -0.5916705 0.5690818 -0.5710271
vn -0.5047297 0.5690818 -0.6491483
vn -0.3905241 0.8399038 -0.3768987
vn -0.33314 0.8399038 -0.4284616
vn 0 -1 0
vn 0 -1 0
vn 0 -1 0
vn 0 -1 0
vn 0 -1 0
vn 0 -1 0
vn 0 -1 0
vn 0 -1 0
vn 0.7894485 0 -0.6138167
vn 0.7894485 0 -0.6138167
vn 0.7894485 0 -0.6138167
vn 0.7894485 0 -0.6138167
vn 0.7894485 0 -0.6138167
vn 0.7894485 0 -0.6138167
vn 0.7894485 0 -0.6138167
vn 0.7894485 0 -0.6138167
vn 0.7894485 0 -0.6138167
vn 0.7894485 0 -0.6138167
vn 0.7894485 0 -0.6138167
vn 0.7894485 0 -0.6138167
vn 0.7894485 0 -0.6138167
vn 0.7894485 0 -0.6138167
vn 0.7894485 0 -0.6138167
vn 0.7894485 0 -0.6138167
vn 0.7894485 0 -0.6138167
vn 0.7894485 0 -0.6138167
vn 0.7894485 0 -0.6138167
vn 0.7894485 0 -0.6138167
vn 0.7894485 0 -0.6138167
vn 0.7894485 0 -0.6138167
vn 0.7894485 0 -0.6138167
vn 0.7894485 0 -0.6138167
vn 0.7894485 0 -0.6138167
vn 0.7894485 0 -0.6138167
vn 0.7894485 0 -0.6138167
vn 0.7894485 0 -0.6138167
vn 0.7894485 0 -0.6138167
vn 0.7894485 0 -0.6138167
vn 0.7894485 0 -0.6138167
vn 0.6138166 0 0.7894484
vn 0.7195479 0 0.6944428
vn 0.7096463 0.1653245 0.6848868
vn 0.60537 0.1653245 0.778585
vn 0.5047297 0.5690818 0.6491483
vn 0.5916705 0.5690818 0.5710271
vn 0.33314 0.8399038 0.4284616
vn 0.3905241 0.8399038 0.3768987
vn 0.1981622 0.9464549 0.2548625
vn 0.232296 0.9464549 0.2241912
vn 0.09256331 0.9885644 0.1190485
vn 0.1085075 0.9885644 0.1047217
vn 0.02266408 0.9993181 0.02914897
vn 0.02656802 0.9993181 0.02564106
vn -0.02656814 0.9993181 -0.02564117
vn -0.02266418 0.9993181 -0.0291491
vn -0.09256342 0.9885644 -0.1190487
vn -0.1085077 0.9885644 -0.1047218
vn -0.1981622 0.9464549 -0.2548625
vn -0.232296 0.9464549 -0.2241912
vn -0.33314 0.8399038 -0.4284616
vn -0.3905241 0.8399038 -0.3768987
vn -0.5047284 0.5690848 -0.6491467
vn -0.591669 0.5690848 -0.5710256
vn -0.6053695 0.1653292 -0.7785844
vn -0.7096457 0.1653291 -0.6848862
vn -0.6138166 0 -0.7894484
vn -0.7195479 0 -0.6944428
vn -0.232296 0.9464549 -0.2241912
vn -0.3905241 0.8399038 -0.3768987
vn -0.33314 0.8399038 -0.4284616
vn -0.1981622 0.9464549 -0.2548625
vn -0.1085075 0.9885644 -0.1047217
vn -0.09256331 0.9885644 -0.1190485
vn -0.02656802 0.9993181 -0.02564106
vn -0.02266408 0.9993181 -0.02914897
vn 0.02266418 0.9993181 0.0291491
vn 0.02656814 0.9993181 0.02564117
vn 0.1085077 0.9885644 0.1047218
vn 0.09256342 0.9885644 0.1190487
vn 0.232296 0.9464549 0.2241912
vn 0.1981622 0.9464549 0.2548625
vn 0.3905241 0.8399038 0.3768987
vn 0.33314 0.8399038 0.4284616
vn 0.7096457 0.1653292 0.6848861
vn 0.7195479 0 0.6944427
vn 0.8108673 0 0.5852299
vn 0.7997085 0.1653291 0.5771763
vn 0.591669 0.5690848 0.5710256
vn 0.6667591 0.5690848 0.4812222
vn 0.3905241 0.8399038 0.3768987
vn 0.4400864 0.8399038 0.317625
vn -0.58523 0 0.8108673
vn -0.58523 0 0.8108673
vn -0.5852299 0 0.8108674
vn -0.5852299 0 0.8108674
vn -0.58523 0 0.8108673
vn -0.58523 0 0.8108673
vn -0.58523 0 0.8108673
vn -0.58523 0 0.8108673
vn -0.58523 0 0.8108673
vn -0.58523 0 0.8108673
vn -0.58523 0 0.8108673
vn -0.58523 0 0.8108673
vn -0.58523 0 0.8108673
vn -0.58523 0 0.8108673
vn -0.58523 0 0.8108673
vn -0.58523 0 0.8108673
vn -0.58523 0 0.8108673
vn -0.5852299 0 0.8108674
vn -0.58523 0 0.8108673
vn -0.58523 0 0.8108673
vn -0.5852299 0 0.8108674
vn -0.58523 0 0.8108673
vn -0.58523 0 0.8108673
vn -0.58523 0 0.8108673
vn -0.58523 0 0.8108673
vn -0.58523 0 0.8108673
vn -0.58523 0 0.8108673
vn -0.58523 0 0.8108673
vn -0.58523 0 0.8108673
vn -0.58523 0 0.8108673
vn -0.58523 0 0.8108673
vn -0.8108673 0 -0.5852299
vn -0.7195479 0 -0.6944428
vn -0.7096463 0.1653245 -0.6848867
vn -0.7997091 0.1653245 -0.5771767
vn -0.6667608 0.5690818 -0.4812235
vn -0.5916705 0.5690818 -0.571027
vn -0.4400864 0.8399038 -0.317625
vn -0.3905241 0.8399038 -0.3768987
vn 0 -1 0
vn 0 -1 0
vn 0 -1 0
vn 0 -1 0
vn 0 -1 0
vn 0 -1 0
vn 0 -1 0
vn 0 -1 0
vn 0.6944427 0 -0.7195479
vn 0.6944427 0 -0.7195479
vn 0.6944428 0 -0.7195478
vn 0.6944427 0 -0.7195479
vn 0.6944427 0 -0.7195479
vn 0.6944427 0 -0.7195479
vn 0.6944427 0 -0.7195479
vn 0.6944427 0 -0.7195479
vn 0.6944427 0 -0.7195479
vn 0.6944427 0 -0.7195479
vn 0.6944427 0 -0.7195479
vn 0.6944427 0 -0.7195479
vn 0.6944427 0 -0.7195479
vn 0.6944427 0 -0.7195479
vn 0.6944428 0 -0.7195478
vn 0.6944427 0 -0.7195479
vn 0.6944427 0 -0.7195479
vn 0.6944428 0 -0.7195478
vn 0.6944428 0 -0.7195478
vn 0.6944427 0 -0.7195479
vn 0.6944427 0 -0.7195479
vn 0.6944427 0 -0.7195479
vn 0.6944427 0 -0.7195479
vn 0.6944427 0 -0.7195479
vn 0.6944427 0 -0.7195479
vn 0.6944427 0 -0.7195479
vn 0.6944427 0 -0.7195479
vn 0.6944427 0 -0.7195479
vn 0.6944427 0 -0.7195479
vn 0.6944427 0 -0.7195479
vn 0.6944427 0 -0.7195479
vn 0.7195479 0 0.6944428
vn 0.8108673 0 0.5852299
vn 0.7997091 0.1653245 0.5771767
vn 0.7096463 0.1653245 0.6848867
vn 0.5916705 0.5690818 0.571027
vn 0.6667608 0.5690818 0.4812235
vn 0.3905241 0.8399038 0.3768987
vn 0.4400864 0.8399038 0.317625
vn 0.232296 0.9464549 0.2241912
vn 0.2617773 0.9464549 0.1889333
vn 0.1085075 0.9885644 0.1047217
vn 0.1222785 0.9885644 0.08825243
vn 0.02656802 0.9993181 0.02564106
vn 0.02993983 0.9993181 0.02160857
vn -0.02993996 0.9993181 -0.02160867
vn -0.02656814 0.9993181 -0.02564117
vn -0.1085077 0.9885644 -0.1047218
vn -0.1222786 0.9885644 -0.08825255
vn -0.232296 0.9464549 -0.2241912
vn -0.2617773 0.9464549 -0.1889333
vn -0.3905241 0.8399038 -0.3768987
vn -0.4400864 0.8399038 -0.317625
vn -0.591669 0.5690848 -0.5710256
vn -0.6667591 0.5690848 -0.4812222
vn -0.7096457 0.1653292 -0.6848861
vn -0.7997085 0.1653291 -0.5771763
vn -0.7195479 0 -0.6944427
vn -0.8108673 0 -0.5852299
vn -0.2617773 0.9464549 -0.1889333
vn -0.4400864 0.8399038 -0.317625
vn -0.3905241 0.8399038 -0.3768987
vn -0.232296 0.9464549 -0.2241912
vn -0.1222785 0.9885644 -0.08825243
vn -0.1085075 0.9885644 -0.1047217
vn -0.02993983 0.9993181 -0.02160857
vn -0.02656802 0.9993181 -0.02564106
vn 0.02656814 0.9993181 0.02564117
vn 0.02993996 0.9993181 0.02160867
vn 0.1222786 0.9885644 0.08825255
vn 0.1085077 0.9885644 0.1047218
vn 0.2617773 0.9464549 0.1889333
vn 0.232296 0.9464549 0.2241912
vn 0.4400864 0.8399038 0.317625
vn 0.3905241 0.8399038 0.3768987
vn 0.7997085 0.1653292 0.5771763
vn 0.8108673 0 0.5852299
vn 0.8863005 0 0.4631105
vn 0.8741036 0.1653291 0.4567373
vn 0.6667591 0.5690848 0.4812222
vn 0.7287862 0.5690848 0.3808059
vn 0.4400864 0.8399038 0.317625
vn 0.4810266 0.8399038 0.2513464
vn -0.4631105 0 0.8863006
vn -0.4631105 0 0.8863006
vn -0.4631105 0 0.8863006
vn -0.4631105 0 0.8863006
vn -0.4631105 0 0.8863006
vn -0.4631105 0 0.8863006
vn -0.4631105 0 0.8863006
vn -0.4631105 0 0.8863006
vn -0.4631105 0 0.8863006
vn -0.4631105 0 0.8863006
vn -0.4631105 0 0.8863006
vn -0.4631105 0 0.8863006
vn -0.4631105 0 0.8863006
vn -0.4631105 0 0.8863006
vn -0.4631105 0 0.8863006
vn -0.4631105 0 0.8863006
vn -0.4631105 0 0.8863006
vn -0.4631105 0 0.8863006
vn -0.4631105 0 0.8863006
vn -0.4631105 0 0.8863006
vn -0.4631105 0 0.8863006
vn -0.4631105 0 0.8863006
vn -0.4631105 0 0.8863006
vn -0.4631105 0 0.8863006
vn -0.4631105 0 0.8863006
vn -0.4631105 0 0.8863006
vn -0.4631105 0 0.8863006
vn -0.4631105 0 0.8863006
vn -0.4631105 0 0.8863006
vn -0.4631105 0 0.8863006
vn -0.4631105 0 0.8863006
vn -0.8863005 0 -0.4631105
vn -0.8108673 0 -0.5852299
vn -0.7997091 0.1653245 -0.5771767
vn -0.8741043 0.1653245 -0.4567377
vn -0.7287881 0.5690818 -0.380807
vn -0.6667607 0.5690818 -0.4812234
vn -0.4810266 0.8399038 -0.2513464
vn -0.4400864 0.8399038 -0.317625
vn 0 -1 0
vn 0 -1 0
vn 0 -1 0
vn 0 -1 0
vn 0 -1 0
vn 0 -1 0
vn 0 -1 0
vn 0 -1 0
vn 0.58523 0 -0.8108673
vn 0.58523 0 -0.8108673
vn 0.58523 0 -0.8108673
vn 0.58523 0 -0.8108673
vn 0.58523 0 -0.8108673
vn 0.58523 0 -0.8108673
vn 0.58523 0 -0.8108673
vn 0.58523 0 -0.8108673
vn 0.58523 0 -0.8108673
vn 0.58523 0 -0.8108673
vn 0.58523 0 -0.8108673
vn 0.58523 0 -0.8108673
vn 0.58523 0 -0.8108673
vn 0.58523 0 -0.8108673
vn 0.58523 0 -0.8108673
vn 0.58523 0 -0.8108673
vn 0.58523 0 -0.8108673
vn 0.58523 0 -0.8108673
vn 0.58523 0 -0.8108673
vn 0.58523 0 -0.8108673
vn 0.58523 0 -0.8108673
vn 0.58523 0 -0.8108673
vn 0.58523 0 -0.8108673
vn 0.58523 0 -0.8108673
vn 0.58523 0 -0.8108673
vn 0.58523 0 -0.8108673
vn 0.58523 0 -0.8108673
vn 0.58523 0 -0.8108673
vn 0.58523 0 -0.8108673
vn 0.58523 0 -0.8108673
vn 0.58523 0 -0.8108673
vn 0.8108673 0 0.5852299
vn 0.8863005 0 0.4631105
vn 0.8741043 0.1653245 0.4567377
vn 0.7997091 0.1653245 0.5771767
vn 0.6667607 0.5690818 0.4812234
vn 0.7287881 0.5690818 0.380807
vn 0.4400864 0.8399038 0.317625
vn 0.4810266 0.8399038 0.2513464
vn 0.2617773 0.9464549 0.1889333
vn 0.2861298 0.9464549 0.1495088
vn 0.1222785 0.9885644 0.08825245
vn 0.1336537 0.9885644 0.06983687
vn 0.02993983 0.9993181 0.02160857
vn 0.03272506 0.9993181 0.01709953
vn -0.03272521 0.9993181 -0.0170996
vn -0.02993996 0.9993181 -0.02160867
vn -0.1222786 0.9885644 -0.08825255
vn -0.1336539 0.9885644 -0.06983697
vn -0.2617773 0.9464549 -0.1889333
vn -0.2861298 0.9464549 -0.1495088
vn -0.4400864 0.8399038 -0.317625
vn -0.4810266 0.8399038 -0.2513464
vn -0.6667591 0.5690848 -0.4812222
vn -0.7287862 0.5690848 -0.3808059
vn -0.7997085 0.1653292 -0.5771763
vn -0.8741036 0.1653291 -0.4567373
vn -0.8108673 0 -0.5852299
vn -0.8863005 0 -0.4631105
vn -0.2861298 0.9464549 -0.1495088
vn -0.4810266 0.8399038 -0.2513464
vn -0.4400864 0.8399038 -0.317625
vn -0.2617773 0.9464549 -0.1889333
vn -0.1336537 0.9885644 -0.06983687
vn -0.1222785 0.9885644 -0.08825245
vn -0.03272506 0.9993181 -0.01709953
vn -0.02993983 0.9993181 -0.02160857
vn 0.02993996 0.9993181 0.02160867
vn 0.03272521 0.9993181 0.0170996
vn 0.1336539 0.9885644 0.06983697
vn 0.1222786 0.9885644 0.08825255
vn 0.2861298 0.9464549 0.1495088
vn 0.2617773 0.9464549 0.1889333
vn 0.4810266 0.8399038 0.2513464
vn 0.4400864 0.8399038 0.317625
vn 0.8741036 0.1653292 0.4567372
vn 0.8863005 0 0.4631104
vn 0.9441163 0 0.3296125
vn 0.9311237 0.1653291 0.3250765
vn 0.7287862 0.5690848 0.3808059
vn 0.7763269 0.5690848 0.2710334
vn 0.4810266 0.8399038 0.2513464
vn 0.5124053 0.8399038 0.1788924
vn -0.3296125 0 0.9441162
vn -0.3296125 0 0.9441162
vn -0.3296125 0 0.9441162
vn -0.3296125 0 0.9441162
vn -0.3296125 0 0.9441162
vn -0.3296125 0 0.9441162
vn -0.3296125 0 0.9441162
vn -0.3296125 0 0.9441162
vn -0.3296125 0 0.9441162
vn -0.3296125 0 0.9441162
vn -0.3296125 0 0.9441162
vn -0.3296125 0 0.9441162
vn -0.3296125 0 0.9441162
vn -0.3296125 0 0.9441162
vn -0.3296125 0 0.9441162
vn -0.3296125 0 0.9441162
vn -0.3296125 0 0.9441162
vn -0.3296125 0 0.9441162
vn -0.3296125 0 0.9441162
vn -0.3296125 0 0.9441162
vn -0.3296125 0 0.9441162
vn -0.3296125 0 0.9441162
vn -0.3296125 0 0.9441162
vn -0.3296125 0 0.9441162
vn -0.3296125 0 0.9441162
vn -0.3296125 0 0.9441162
vn -0.3296125 0 0.9441162
vn -0.3296125 0 0.9441162
vn -0.3296125 0 0.9441162
vn -0.3296125 0 0.9441162
vn -0.3296125 0 0.9441162
vn -0.9441163 0 -0.3296125
vn -0.8863005 0 -0.4631105
vn -0.8741043 0.1653245 -0.4567376
vn -0.9311246 0.1653245 -0.3250768
vn -0.7763289 0.5690818 -0.2710341
vn -0.728788 0.5690818 -0.3808068
vn -0.5124053 0.8399038 -0.1788924
vn -0.4810266 0.8399038 -0.2513464
vn 0 -1 0
vn 0 -1 0
vn 0 -1 0
vn 0 -1 0
vn 0 -1 0
vn 0 -1 0
vn 0 -1 0
vn 0 -1 0
vn 0.4631104 0 -0.8863006
vn 0.4631104 0 -0.8863006
vn 0.4631105 0 -0.8863006
vn 0.4631104 0 -0.8863006
vn 0.4631104 0 -0.8863006
vn 0.4631104 0 -0.8863006
vn 0.4631104 0 -0.8863006
vn 0.4631104 0 -0.8863006
vn 0.4631104 0 -0.8863006
vn 0.4631104 0 -0.8863006
vn 0.4631104 0 -0.8863006
vn 0.4631104 0 -0.8863006
vn 0.4631104 0 -0.8863006
vn 0.4631104 0 -0.8863006
vn 0.4631105 0 -0.8863006
vn 0.4631104 0 -0.8863006
vn 0.4631104 0 -0.8863006
vn 0.4631105 0 -0.8863006
vn 0.4631105 0 -0.8863006
vn 0.4631104 0 -0.8863006
vn 0.4631104 0 -0.8863006
vn 0.4631104 0 -0.8863006
vn 0.4631104 0 -0.8863006
vn 0.4631104 0 -0.8863006
vn 0.4631104 0 -0.8863006
vn 0.4631104 0 -0.8863006
vn 0.4631104 0 -0.8863006
vn 0.4631104 0 -0.8863006
vn 0.4631104 0 -0.8863006
vn 0.4631104 0 -0.8863006
vn 0.4631104 0 -0.8863006
vn 0.8863005 0 0.4631105
vn 0.9441163 0 0.3296125
vn 0.9311246 0.1653245 0.3250768
vn 0.8741043 0.1653245 0.4567376
vn 0.728788 0.5690818 0.3808068
vn 0.7763289 0.5690818 0.2710341
vn 0.4810266 0.8399038 0.2513464
vn 0.5124053 0.8399038 0.1788924
vn 0.2861298 0.9464549 0.1495087
vn 0.3047948 0.9464549 0.1064108
vn 0.1336538 0.9885644 0.06983686
vn 0.1423724 0.9885644 0.04970543
vn 0.03272506 0.9993181 0.01709952
vn 0.03485981 0.9993181 0.01217035
vn -0.03485996 0.9993181 -0.01217041
vn -0.03272521 0.9993181 -0.0170996
vn -0.1336539 0.9885644 -0.06983694
vn -0.1423725 0.9885644 -0.0497055
vn -0.2861298 0.9464549 -0.1495087
vn -0.3047948 0.9464549 -0.1064108
vn -0.4810266 0.8399038 -0.2513464
vn -0.5124053 0.8399038 -0.1788924
vn -0.7287862 0.5690848 -0.3808059
vn -0.7763269 0.5690848 -0.2710334
vn -0.8741036 0.1653292 -0.4567372
vn -0.9311237 0.1653291 -0.3250765
vn -0.8863005 0 -0.4631104
vn -0.9441163 0 -0.3296125
vn -0.3047948 0.9464549 -0.1064108
vn -0.5124053 0.8399038 -0.1788924
vn -0.4810266 0.8399038 -0.2513464
vn -0.2861298 0.9464549 -0.1495087
vn -0.1423724 0.9885644 -0.04970543
vn -0.1336538 0.9885644 -0.06983686
vn -0.03485981 0.9993181 -0.01217035
vn -0.03272506 0.9993181 -0.01709952
vn 0.03272521 0.9993181 0.0170996
vn 0.03485996 0.9993181 0.01217041
vn 0.1423725 0.9885644 0.0497055
vn 0.1336539 0.9885644 0.06983694
vn 0.3047948 0.9464549 0.1064108
vn 0.2861298 0.9464549 0.1495087
vn 0.5124053 0.8399038 0.1788924
vn 0.4810266 0.8399038 0.2513464
vn 0.9311239 0.1653292 0.3250765
vn 0.9441164 0 0.3296125
vn 0.9824212 0 0.1866775
vn 0.9689016 0.1653291 0.1841086
vn 0.776327 0.5690848 0.2710334
vn 0.8078242 0.5690848 0.153501
vn 0.5124054 0.8399038 0.1788924
vn 0.5331948 0.8399038 0.1013165
vn -0.1866775 0 0.9824212
vn -0.1866775 0 0.9824212
vn -0.1866776 0 0.9824212
vn -0.1866776 0 0.9824212
vn -0.1866775 0 0.9824212
vn -0.1866775 0 0.9824212
vn -0.1866775 0 0.9824212
vn -0.1866775 0 0.9824212
vn -0.1866775 0 0.9824212
vn -0.1866775 0 0.9824212
vn -0.1866775 0 0.9824212
vn -0.1866775 0 0.9824212
vn -0.1866775 0 0.9824212
vn -0.1866775 0 0.9824212
vn -0.1866775 0 0.9824212
vn -0.1866775 0 0.9824212
vn -0.1866775 0 0.9824212
vn -0.1866776 0 0.9824212
vn -0.1866775 0 0.9824212
vn -0.1866775 0 0.9824212
vn -0.1866776 0 0.9824212
vn -0.1866775 0 0.9824212
vn -0.1866775 0 0.9824212
vn -0.1866775 0 0.9824212
vn -0.1866775 0 0.9824212
vn -0.1866775 0 0.9824212
vn -0.1866775 0 0.9824212
vn -0.1866775 0 0.9824212
vn -0.1866775 0 0.9824212
vn -0.1866775 0 0.9824212
vn -0.1866775 0 0.9824212
vn -0.9824212 0 -0.1866776
vn -0.9441163 0 -0.3296125
vn -0.9311247 0.1653245 -0.3250768
vn -0.9689023 0.1653245 -0.1841087
vn -0.8078263 0.5690818 -0.1535014
vn -0.7763289 0.5690818 -0.2710341
vn -0.5331948 0.8399038 -0.1013165
vn -0.5124054 0.8399038 -0.1788924
vn 0 -1 0
vn 0 -1 0
vn 0 -1 0
vn 0 -1 0
vn 0 -1 0
vn 0 -1 0
vn 0 -1 0
vn 0 -1 0
vn 0.3296125 0 -0.9441164
vn 0.3296125 0 -0.9441164
vn 0.3296125 0 -0.9441162
vn 0.3296125 0 -0.9441164
vn 0.3296125 0 -0.9441164
vn 0.3296125 0 -0.9441164
vn 0.3296125 0 -0.9441164
vn 0.3296125 0 -0.9441164
vn 0.3296125 0 -0.9441164
vn 0.3296125 0 -0.9441164
vn 0.3296125 0 -0.9441164
vn 0.3296125 0 -0.9441164
vn 0.3296125 0 -0.9441164
vn 0.3296125 0 -0.9441164
vn 0.3296125 0 -0.9441162
vn 0.3296125 0 -0.9441164
vn 0.3296125 0 -0.9441164
vn 0.3296125 0 -0.9441162
vn 0.3296125 0 -0.9441162
vn 0.3296125 0 -0.9441164
vn 0.3296125 0 -0.9441164
vn 0.3296125 0 -0.9441164
vn 0.3296125 0 -0.9441164
vn 0.3296125 0 -0.9441164
vn 0.3296125 0 -0.9441164
vn 0.3296125 0 -0.9441164
vn 0.3296125 0 -0.9441164
vn 0.3296125 0 -0.9441164
vn 0.3296125 0 -0.9441164
vn 0.3296125 0 -0.9441164
vn 0.3296125 0 -0.9441164
vn 0.9441163 0 0.3296125
vn 0.9824212 0 0.1866776
vn 0.9689023 0.1653245 0.1841087
vn 0.9311247 0.1653245 0.3250768
vn 0.7763289 0.5690818 0.2710341
vn 0.8078263 0.5690818 0.1535014
vn 0.5124054 0.8399038 0.1788924
vn 0.5331948 0.8399038 0.1013165
vn 0.3047948 0.9464549 0.1064108
vn 0.317161 0.9464549 0.06026625
vn 0.1423724 0.9885644 0.04970544
vn 0.1481487 0.9885644 0.02815089
vn 0.03485981 0.9993181 0.01217035
vn 0.03627415 0.9993181 0.006892735
vn -0.03627431 0.9993181 -0.006892765
vn -0.03485997 0.9993181 -0.01217041
vn -0.1423726 0.9885644 -0.0497055
vn -0.1481489 0.9885644 -0.02815093
vn -0.3047948 0.9464549 -0.1064108
vn -0.317161 0.9464549 -0.06026625
vn -0.5124054 0.8399038 -0.1788924
vn -0.5331948 0.8399038 -0.1013165
vn -0.776327 0.5690848 -0.2710334
vn -0.8078242 0.5690848 -0.153501
vn -0.9311239 0.1653292 -0.3250765
vn -0.9689016 0.1653291 -0.1841086
vn -0.9441164 0 -0.3296125
vn -0.9824212 0 -0.1866775
vn -0.317161 0.9464549 -0.06026625
vn -0.5331948 0.8399038 -0.1013165
vn -0.5124054 0.8399038 -0.1788924
vn -0.3047948 0.9464549 -0.1064108
vn -0.1481487 0.9885644 -0.02815089
vn -0.1423724 0.9885644 -0.04970544
vn -0.03627415 0.9993181 -0.006892735
vn -0.03485981 0.9993181 -0.01217035
vn 0.03485997 0.9993181 0.01217041
vn 0.03627431 0.9993181 0.006892765
vn 0.1481489 0.9885644 0.02815093
vn 0.1423726 0.9885644 0.0497055
vn 0.317161 0.9464549 0.06026625
vn 0.3047948 0.9464549 0.1064108
vn 0.5331948 0.8399038 0.1013165
vn 0.5124054 0.8399038 0.1788924
vn 0.9689016 0.1653292 0.1841085
vn 0.9824212 0 0.1866775
vn 0.9992939 0 0.03757143
vn 0.9855421 0.1653291 0.03705439
vn 0.8078242 0.5690848 0.153501
vn 0.8216982 0.5690848 0.0308942
vn 0.5331948 0.8399038 0.1013165
vn 0.5423522 0.8399038 0.02039135
vn -0.03757143 0 0.9992939
vn -0.03757143 0 0.9992939
vn -0.03757146 0 0.9992939
vn -0.03757146 0 0.9992939
vn -0.03757143 0 0.9992939
vn -0.03757143 0 0.9992939
vn -0.03757143 0 0.9992939
vn -0.03757143 0 0.9992939
vn -0.03757143 0 0.9992939
vn -0.03757143 0 0.9992939
vn -0.03757143 0 0.9992939
vn -0.03757143 0 0.9992939
vn -0.03757143 0 0.9992939
vn -0.03757143 0 0.9992939
vn -0.03757143 0 0.9992939
vn -0.03757143 0 0.9992939
vn -0.03757143 0 0.9992939
vn -0.03757146 0 0.9992939
vn -0.03757143 0 0.9992939
vn -0.03757143 0 0.9992939
vn -0.03757146 0 0.9992939
vn -0.03757143 0 0.9992939
vn -0.03757143 0 0.9992939
vn -0.03757143 0 0.9992939
vn -0.03757143 0 0.9992939
vn -0.03757143 0 0.9992939
vn -0.03757143 0 0.9992939
vn -0.03757143 0 0.9992939
vn -0.03757143 0 0.9992939
vn -0.03757143 0 0.9992939
vn -0.03757143 0 0.9992939
vn -0.9992939 0 -0.03757146
vn -0.9824212 0 -0.1866775
vn -0.9689023 0.1653245 -0.1841087
vn -0.9855429 0.1653245 -0.03705442
vn -0.8217004 0.5690818 -0.03089428
vn -0.8078262 0.5690818 -0.1535013
vn -0.5423522 0.8399038 -0.02039135
vn -0.5331948 0.8399038 -0.1013165
vn 0 -1 0
vn 0 -1 0
vn 0 -1 0
vn 0 -1 0
vn 0 -1 0
vn 0 -1 0
vn 0 -1 0
vn 0 -1 0
vn 0.1866775 0 -0.9824212
vn 0.1866775 0 -0.9824212
vn 0.1866775 0 -0.9824212
vn 0.1866775 0 -0.9824212
vn 0.1866775 0 -0.9824212
vn 0.1866775 0 -0.9824212
vn 0.1866775 0 -0.9824212
vn 0.1866775 0 -0.9824212
vn 0.1866775 0 -0.9824212
vn 0.1866775 0 -0.9824212
vn 0.1866775 0 -0.9824212
vn 0.1866775 0 -0.9824212
vn 0.1866775 0 -0.9824212
vn 0.1866775 0 -0.9824212
vn 0.1866775 0 -0.9824212
vn 0.1866775 0 -0.9824212
vn 0.1866775 0 -0.9824212
vn 0.1866775 0 -0.9824212
vn 0.1866775 0 -0.9824212
vn 0.1866775 0 -0.9824212
vn 0.1866775 0 -0.9824212
vn 0.1866775 0 -0.9824212
vn 0.1866775 0 -0.9824212
vn 0.1866775 0 -0.9824212
vn 0.1866775 0 -0.9824212
vn 0.1866775 0 -0.9824212
vn 0.1866775 0 -0.9824212
vn 0.1866775 0 -0.9824212
vn 0.1866775 0 -0.9824212
vn 0.1866775 0 -0.9824212
vn 0.1866775 0 -0.9824212
vn 0.9824212 0 0.1866775
vn 0.9992939 0 0.03757146
vn 0.9855429 0.1653245 0.03705442
vn 0.9689023 0.1653245 0.1841087
vn 0.8078262 0.5690818 0.1535013
vn 0.8217004 0.5690818 0.03089428
vn 0.5331948 0.8399038 0.1013165
vn 0.5423522 0.8399038 0.02039135
vn 0.317161 0.9464549 0.06026624
vn 0.3226081 0.9464549 0.01212941
vn 0.1481487 0.9885644 0.0281509
vn 0.1506931 0.9885644 0.005665757
vn 0.03627415 0.9993181 0.006892733
vn 0.03689715 0.9993181 0.001387258
vn -0.03689731 0.9993181 -0.001387264
vn -0.03627431 0.9993181 -0.006892764
vn -0.1481489 0.9885644 -0.02815093
vn -0.1506933 0.9885644 -0.005665765
vn -0.317161 0.9464549 -0.06026624
vn -0.3226081 0.9464549 -0.01212941
vn -0.5331948 0.8399038 -0.1013165
vn -0.5423522 0.8399038 -0.02039135
vn -0.8078242 0.5690848 -0.153501
vn -0.8216982 0.5690848 -0.0308942
vn -0.9689016 0.1653292 -0.1841085
vn -0.9855421 0.1653291 -0.03705439
vn -0.9824212 0 -0.1866775
vn -0.9992939 0 -0.03757143
vn -0.3226081 0.9464549 -0.01212941
vn -0.5423522 0.8399038 -0.02039135
vn -0.5331948 0.8399038 -0.1013165
vn -0.317161 0.9464549 -0.06026624
vn -0.1506931 0.9885644 -0.005665757
vn -0.1481487 0.9885644 -0.0281509
vn -0.03689715 0.9993181 -0.001387258
vn -0.03627415 0.9993181 -0.006892733
vn 0.03627431 0.9993181 0.006892764
vn 0.03689731 0.9993181 0.001387264
vn 0.1506933 0.9885644 0.005665765
vn 0.1481489 0.9885644 0.02815093
vn 0.3226081 0.9464549 0.01212941
vn 0.317161 0.9464549 0.06026624
vn 0.5423522 0.8399038 0.02039135
vn 0.5331948 0.8399038 0.1013165
vn 0.9855421 0.1653292 0.03705438
vn 0.9992939 0 0.03757142
vn 0.9936514 0 -0.1125025
vn 0.9799773 0.1653291 -0.1109543
vn 0.8216982 0.5690848 0.03089418
vn 0.8170586 0.5690848 -0.0925084
vn 0.5423522 0.8399038 0.02039134
vn 0.5392898 0.8399038 -0.06105907
vn 0.1125025 0 0.9936514
vn 0.1125025 0 0.9936514
vn 0.1125024 0 0.9936514
vn 0.1125024 0 0.9936514
vn 0.1125025 0 0.9936514
vn 0.1125025 0 0.9936514
vn 0.1125025 0 0.9936514
vn 0.1125025 0 0.9936514
vn 0.1125025 0 0.9936514
vn 0.1125025 0 0.9936514
vn 0.1125025 0 0.9936514
vn 0.1125025 0 0.9936514
vn 0.1125025 0 0.9936514
vn 0.1125025 0 0.9936514
vn 0.1125025 0 0.9936514
vn 0.1125025 0 0.9936514
vn 0.1125025 0 0.9936514
vn 0.1125024 0 0.9936514
vn 0.1125025 0 0.9936514
vn 0.1125025 0 0.9936514
vn 0.1125024 0 0.9936514
vn 0.1125025 0 0.9936514
vn 0.1125025 0 0.9936514
vn 0.1125025 0 0.9936514
vn 0.1125025 0 0.9936514
vn 0.1125025 0 0.9936514
vn 0.1125025 0 0.9936514
vn 0.1125025 0 0.9936514
vn 0.1125025 0 0.9936514
vn 0.1125025 0 0.9936514
vn 0.1125025 0 0.9936514
vn -0.9936514 0 0.1125024
vn -0.9992939 0 -0.03757143
vn -0.9855429 0.1653245 -0.03705441
vn -0.9799781 0.1653245 0.1109543
vn -0.8170607 0.5690818 0.09250864
vn -0.8217003 0.5690818 -0.03089426
vn -0.5392898 0.8399038 0.06105907
vn -0.5423522 0.8399038 -0.02039134
vn 0 -1 0
vn 0 -1 0
vn 0 -1 0
vn 0 -1 0
vn 0 -1 0
vn 0 -1 0
vn 0 -1 0
vn 0 -1 0
vn 0.03757142 0 -0.9992939
vn 0.03757142 0 -0.9992939
vn 0.03757143 0 -0.9992939
vn 0.03757142 0 -0.9992939
vn 0.03757142 0 -0.9992939
vn 0.03757142 0 -0.9992939
vn 0.03757142 0 -0.9992939
vn 0.03757142 0 -0.9992939
vn 0.03757142 0 -0.9992939
vn 0.03757142 0 -0.9992939
vn 0.03757142 0 -0.9992939
vn 0.03757142 0 -0.9992939
vn 0.03757142 0 -0.9992939
vn 0.03757142 0 -0.9992939
vn 0.03757143 0 -0.9992939
vn 0.03757142 0 -0.9992939
vn 0.03757142 0 -0.9992939
vn 0.03757143 0 -0.9992939
vn 0.03757143 0 -0.9992939
vn 0.03757142 0 -0.9992939
vn 0.03757142 0 -0.9992939
vn 0.03757142 0 -0.9992939
vn 0.03757142 0 -0.9992939
vn 0.03757142 0 -0.9992939
vn 0.03757142 0 -0.9992939
vn 0.03757142 0 -0.9992939
vn 0.03757142 0 -0.9992939
vn 0.03757142 0 -0.9992939
vn 0.03757142 0 -0.9992939
vn 0.03757142 0 -0.9992939
vn 0.03757142 0 -0.9992939
vn 0.9992939 0 0.03757143
vn 0.9936514 0 -0.1125024
vn 0.9799781 0.1653245 -0.1109543
vn 0.9855429 0.1653245 0.03705441
vn 0.8217003 0.5690818 0.03089426
vn 0.8170607 0.5690818 -0.09250864
vn 0.5423522 0.8399038 0.02039134
vn 0.5392898 0.8399038 -0.06105907
vn 0.3226081 0.9464549 0.01212941
vn 0.3207866 0.9464549 -0.03631986
vn 0.1506931 0.9885644 0.005665756
vn 0.1498422 0.9885644 -0.01696533
vn 0.03689715 0.9993181 0.001387258
vn 0.0366888 0.9993181 -0.004153952
vn -0.03668897 0.9993181 0.004153971
vn -0.03689731 0.9993181 -0.001387264
vn -0.1506933 0.9885644 -0.005665762
vn -0.1498424 0.9885644 0.01696535
vn -0.3226081 0.9464549 -0.01212941
vn -0.3207866 0.9464549 0.03631986
vn -0.5423522 0.8399038 -0.02039134
vn -0.5392898 0.8399038 0.06105907
vn -0.8216982 0.5690848 -0.03089418
vn -0.8170586 0.5690848 0.0925084
vn -0.9855421 0.1653292 -0.03705438
vn -0.9799773 0.1653291 0.1109543
vn -0.9992939 0 -0.03757142
vn -0.9936514 0 0.1125025
vn -0.3207866 0.9464549 0.03631986
vn -0.5392898 0.8399038 0.06105907
vn -0.5423522 0.8399038 -0.02039134
vn -0.3226081 0.9464549 -0.01212941
vn -0.1498422 0.9885644 0.01696533
vn -0.1506931 0.9885644 -0.005665756
vn -0.0366888 0.9993181 0.004153952
vn -0.03689715 0.9993181 -0.001387258
vn 0.03689731 0.9993181 0.001387264
vn 0.03668897 0.9993181 -0.004153971
vn 0.1498424 0.9885644 -0.01696535
vn 0.1506933 0.9885644 0.005665762
vn 0.3207866 0.9464549 -0.03631986
vn 0.3226081 0.9464549 0.01212941
vn 0.5392898 0.8399038 -0.06105907
vn 0.5423522 0.8399038 0.02039134
vn 0.9799773 0.1653292 -0.1109543
vn 0.9936514 0 -0.1125025
vn 0.9659163 0 -0.2588545
vn 0.9526237 0.1653291 -0.2552922
vn 0.8170586 0.5690848 -0.09250841
vn 0.7942525 0.5690848 -0.2128506
vn 0.5392898 0.8399038 -0.06105908
vn 0.524237 0.8399038 -0.1404895
vn 0.2588545 0 0.9659163
vn 0.2588545 0 0.9659163
vn 0.2588545 0 0.9659164
vn 0.2588545 0 0.9659164
vn 0.2588545 0 0.9659163
vn 0.2588545 0 0.9659163
vn 0.2588545 0 0.9659163
vn 0.2588545 0 0.9659163
vn 0.2588545 0 0.9659163
vn 0.2588545 0 0.9659163
vn 0.2588545 0 0.9659163
vn 0.2588545 0 0.9659163
vn 0.2588545 0 0.9659163
vn 0.2588545 0 0.9659163
vn 0.2588545 0 0.9659163
vn 0.2588545 0 0.9659163
vn 0.2588545 0 0.9659163
vn 0.2588545 0 0.9659164
vn 0.2588545 0 0.9659163
vn 0.2588545 0 0.9659163
vn 0.2588545 0 0.9659164
vn 0.2588545 0 0.9659163
vn 0.2588545 0 0.9659163
vn 0.2588545 0 0.9659163
vn 0.2588545 0 0.9659163
vn 0.2588545 0 0.9659163
vn 0.2588545 0 0.9659163
vn 0.2588545 0 0.9659163
vn 0.2588545 0 0.9659163
vn 0.2588545 0 0.9659163
vn 0.2588545 0 0.9659163
vn -0.9659163 0 0.2588545
vn -0.9936514 0 0.1125025
vn -0.9799781 0.1653245 0.1109544
vn -0.9526246 0.1653245 0.2552924
vn -0.7942546 0.5690818 0.2128511
vn -0.8170606 0.5690818 0.09250864
vn -0.524237 0.8399038 0.1404895
vn -0.5392898 0.8399038 0.06105908
vn 0 -1 0
vn 0 -1 0
vn 0 -1 0
vn 0 -1 0
vn 0 -1 0
vn 0 -1 0
vn 0 -1 0
vn 0 -1 0
vn -0.1125025 0 -0.9936514
vn -0.1125025 0 -0.9936514
vn -0.1125025 0 -0.9936514
vn -0.1125025 0 -0.9936514
vn -0.1125025 0 -0.9936514
vn -0.1125025 0 -0.9936514
vn -0.1125025 0 -0.9936514
vn -0.1125025 0 -0.9936514
vn -0.1125025 0 -0.9936514
vn -0.1125025 0 -0.9936514
vn -0.1125025 0 -0.9936514
vn -0.1125025 0 -0.9936514
vn -0.1125025 0 -0.9936514
vn -0.1125025 0 -0.9936514
vn -0.1125025 0 -0.9936514
vn -0.1125025 0 -0.9936514
vn -0.1125025 0 -0.9936514
vn -0.1125025 0 -0.9936514
vn -0.1125025 0 -0.9936514
vn -0.1125025 0 -0.9936514
vn -0.1125025 0 -0.9936514
vn -0.1125025 0 -0.9936514
vn -0.1125025 0 -0.9936514
vn -0.1125025 0 -0.9936514
vn -0.1125025 0 -0.9936514
vn -0.1125025 0 -0.9936514
vn -0.1125025 0 -0.9936514
vn -0.1125025 0 -0.9936514
vn -0.1125025 0 -0.9936514
vn -0.1125025 0 -0.9936514
vn -0.1125025 0 -0.9936514
vn 0.9936514 0 -0.1125025
vn 0.9659163 0 -0.2588545
vn 0.9526246 0.1653245 -0.2552924
vn 0.9799781 0.1653245 -0.1109544
vn 0.8170606 0.5690818 -0.09250864
vn 0.7942546 0.5690818 -0.2128511
vn 0.5392898 0.8399038 -0.06105908
vn 0.524237 0.8399038 -0.1404895
vn 0.3207866 0.9464549 -0.03631986
vn 0.3118326 0.9464549 -0.08356757
vn 0.1498423 0.9885644 -0.01696533
vn 0.1456598 0.9885644 -0.03903515
vn 0.0366888 0.9993181 -0.004153953
vn 0.03566473 0.9993181 -0.00955774
vn -0.03566489 0.9993181 0.009557782
vn -0.03668897 0.9993181 0.004153972
vn -0.1498424 0.9885644 0.01696535
vn -0.14566 0.9885644 0.0390352
vn -0.3207866 0.9464549 0.03631986
vn -0.3118326 0.9464549 0.08356757
vn -0.5392898 0.8399038 0.06105908
vn -0.524237 0.8399038 0.1404895
vn -0.8170586 0.5690848 0.09250841
vn -0.7942525 0.5690848 0.2128506
vn -0.9799773 0.1653292 0.1109543
vn -0.9526237 0.1653291 0.2552922
vn -0.9936514 0 0.1125025
vn -0.9659163 0 0.2588545
vn -0.3118326 0.9464549 0.08356757
vn -0.524237 0.8399038 0.1404895
vn -0.5392898 0.8399038 0.06105908
vn -0.3207866 0.9464549 0.03631986
vn -0.1456598 0.9885644 0.03903515
vn -0.1498423 0.9885644 0.01696533
vn -0.03566473 0.9993181 0.00955774
vn -0.0366888 0.9993181 0.004153953
vn 0.03668897 0.9993181 -0.004153972
vn 0.03566489 0.9993181 -0.009557782
vn 0.14566 0.9885644 -0.0390352
vn 0.1498424 0.9885644 -0.01696535
vn 0.3118326 0.9464549 -0.08356757
vn 0.3207866 0.9464549 -0.03631986
vn 0.524237 0.8399038 -0.1404895
vn 0.5392898 0.8399038 -0.06105908
vn 0.9526238 0.1653292 -0.2552924
vn 0.9659163 0 -0.2588546
vn 0.917559 0 -0.3975996
vn 0.904932 0.1653291 -0.392128
vn 0.7942526 0.5690848 -0.2128507
vn 0.7544894 0.5690848 -0.3269378
vn 0.524237 0.8399038 -0.1404895
vn 0.4979918 0.8399038 -0.2157914
vn 0.3975996 0 0.917559
vn 0.3975996 0 0.917559
vn 0.3975996 0 0.917559
vn 0.3975996 0 0.917559
vn 0.3975996 0 0.917559
vn 0.3975996 0 0.917559
vn 0.3975996 0 0.917559
vn 0.3975996 0 0.917559
vn 0.3975996 0 0.917559
vn 0.3975996 0 0.917559
vn 0.3975996 0 0.917559
vn 0.3975996 0 0.917559
vn 0.3975996 0 0.917559
vn 0.3975996 0 0.917559
vn 0.3975996 0 0.917559
vn 0.3975996 0 0.917559
vn 0.3975996 0 0.917559
vn 0.3975996 0 0.917559
vn 0.3975996 0 0.917559
vn 0.3975996 0 0.917559
vn 0.3975996 0 0.917559
vn 0.3975996 0 0.917559
vn 0.3975996 0 0.917559
vn 0.3975996 0 0.917559
vn 0.3975996 0 0.917559
vn 0.3975996 0 0.917559
vn 0.3975996 0 0.917559
vn 0.3975996 0 0.917559
vn 0.3975996 0 0.917559
vn 0.3975996 0 0.917559
vn 0.3975996 0 0.917559
vn -0.9175591 0 0.3975996
vn -0.9659163 0 0.2588545
vn -0.9526246 0.1653245 0.2552926
vn -0.9049327 0.1653245 0.3921283
vn -0.7544913 0.5690818 0.3269386
vn -0.7942545 0.5690818 0.2128512
vn -0.4979918 0.8399038 0.2157914
vn -0.524237 0.8399038 0.1404895
vn 0 -1 0
vn 0 -1 0
vn 0 -1 0
vn 0 -1 0
vn 0 -1 0
vn 0 -1 0
vn 0 -1 0
vn 0 -1 0
vn -0.2588546 0 -0.9659164
vn -0.2588546 0 -0.9659164
vn -0.2588545 0 -0.9659163
vn -0.2588546 0 -0.9659164
vn -0.2588546 0 -0.9659164
vn -0.2588546 0 -0.9659164
vn -0.2588546 0 -0.9659164
vn -0.2588546 0 -0.9659164
vn -0.2588546 0 -0.9659164
vn -0.2588546 0 -0.9659164
vn -0.2588546 0 -0.9659164
vn -0.2588546 0 -0.9659164
vn -0.2588546 0 -0.9659164
vn -0.2588546 0 -0.9659164
vn -0.2588545 0 -0.9659163
vn -0.2588546 0 -0.9659164
vn -0.2588546 0 -0.9659164
vn -0.2588545 0 -0.9659163
vn -0.2588545 0 -0.9659163
vn -0.2588546 0 -0.9659164
vn -0.2588546 0 -0.9659164
vn -0.2588546 0 -0.9659164
vn -0.2588546 0 -0.9659164
vn -0.2588546 0 -0.9659164
vn -0.2588546 0 -0.9659164
vn -0.2588546 0 -0.9659164
vn -0.2588546 0 -0.9659164
vn -0.2588546 0 -0.9659164
vn -0.2588546 0 -0.9659164
vn -0.2588546 0 -0.9659164
vn -0.2588546 0 -0.9659164
vn 0.9659163 0 -0.2588545
vn 0.9175591 0 -0.3975996
vn 0.9049327 0.1653245 -0.3921283
vn 0.9526246 0.1653245 -0.2552926
vn 0.7942545 0.5690818 -0.2128512
vn 0.7544913 0.5690818 -0.3269386
vn 0.524237 0.8399038 -0.1404895
vn 0.4979918 0.8399038 -0.2157914
vn 0.3118327 0.9464549 -0.08356761
vn 0.2962212 0.9464549 -0.1283595
vn 0.1456598 0.9885644 -0.03903517
vn 0.1383675 0.9885644 -0.05995786
vn 0.03566474 0.9993181 -0.009557744
vn 0.03387923 0.9993181 -0.01468066
vn -0.03387938 0.9993181 0.01468072
vn -0.03566489 0.9993181 0.009557786
vn -0.14566 0.9885644 0.03903522
vn -0.1383677 0.9885644 0.05995794
vn -0.3118327 0.9464549 0.08356761
vn -0.2962212 0.9464549 0.1283595
vn -0.524237 0.8399038 0.1404895
vn -0.4979918 0.8399038 0.2157914
vn -0.7942526 0.5690848 0.2128507
vn -0.7544894 0.5690848 0.3269378
vn -0.9526238 0.1653292 0.2552924
vn -0.904932 0.1653291 0.392128
vn -0.9659163 0 0.2588546
vn -0.917559 0 0.3975996
vn -0.2962212 0.9464549 0.1283595
vn -0.4979918 0.8399038 0.2157914
vn -0.524237 0.8399038 0.1404895
vn -0.3118327 0.9464549 0.08356761
vn -0.1383675 0.9885644 0.05995786
vn -0.1456598 0.9885644 0.03903517
vn -0.03387923 0.9993181 0.01468066
vn -0.03566474 0.9993181 0.009557744
vn 0.03566489 0.9993181 -0.009557786
vn 0.03387938 0.9993181 -0.01468072
vn 0.1383677 0.9885644 -0.05995794
vn 0.14566 0.9885644 -0.03903522
vn 0.2962212 0.9464549 -0.1283595
vn 0.3118327 0.9464549 -0.08356761
vn 0.4979918 0.8399038 -0.2157914
vn 0.524237 0.8399038 -0.1404895
vn 0.904932 0.1653292 -0.3921281
vn 0.917559 0 -0.3975996
vn 0.8505753 0 -0.5258533
vn 0.83887 0.1653291 -0.5186167
vn 0.7544894 0.5690848 -0.3269378
vn 0.6994101 0.5690848 -0.4323981
vn 0.4979918 0.8399038 -0.2157914
vn 0.4616373 0.8399038 -0.2853992
vn 0.5258533 0 0.8505753
vn 0.5258533 0 0.8505753
vn 0.5258533 0 0.8505753
vn 0.5258533 0 0.8505753
vn 0.5258533 0 0.8505753
vn 0.5258533 0 0.8505753
vn 0.5258533 0 0.8505753
vn 0.5258533 0 0.8505753
vn 0.5258533 0 0.8505753
vn 0.5258533 0 0.8505753
vn 0.5258533 0 0.8505753
vn 0.5258533 0 0.8505753
vn 0.5258533 0 0.8505753
vn 0.5258533 0 0.8505753
vn 0.5258533 0 0.8505753
vn 0.5258533 0 0.8505753
vn 0.5258533 0 0.8505753
vn 0.5258533 0 0.8505753
vn 0.5258533 0 0.8505753
vn 0.5258533 0 0.8505753
vn 0.5258533 0 0.8505753
vn 0.5258533 0 0.8505753
vn 0.5258533 0 0.8505753
vn 0.5258533 0 0.8505753
vn 0.5258533 0 0.8505753
vn 0.5258533 0 0.8505753
vn 0.5258533 0 0.8505753
vn 0.5258533 0 0.8505753
vn 0.5258533 0 0.8505753
vn 0.5258533 0 0.8505753
vn 0.5258533 0 0.8505753
vn -0.8505753 0 0.5258533
vn -0.917559 0 0.3975996
vn -0.9049327 0.1653245 0.3921284
vn -0.8388707 0.1653245 0.5186172
vn -0.6994119 0.5690818 0.4323992
vn -0.7544913 0.5690818 0.3269386
vn -0.4616373 0.8399038 0.2853992
vn -0.4979918 0.8399038 0.2157914
vn 0 -1 0
vn 0 -1 0
vn 0 -1 0
vn 0 -1 0
vn 0 -1 0
vn 0 -1 0
vn 0 -1 0
vn 0 -1 0
vn -0.3975996 0 -0.917559
vn -0.3975996 0 -0.917559
vn -0.3975996 0 -0.917559
vn -0.3975996 0 -0.917559
vn -0.3975996 0 -0.917559
vn -0.3975996 0 -0.917559
vn -0.3975996 0 -0.917559
vn -0.3975996 0 -0.917559
vn -0.3975996 0 -0.917559
vn -0.3975996 0 -0.917559
vn -0.3975996 0 -0.917559
vn -0.3975996 0 -0.917559
vn -0.3975996 0 -0.917559
vn -0.3975996 0 -0.917559
vn -0.3975996 0 -0.917559
vn -0.3975996 0 -0.917559
vn -0.3975996 0 -0.917559
vn -0.3975996 0 -0.917559
vn -0.3975996 0 -0.917559
vn -0.3975996 0 -0.917559
vn -0.3975996 0 -0.917559
vn -0.3975996 0 -0.917559
vn -0.3975996 0 -0.917559
vn -0.3975996 0 -0.917559
vn -0.3975996 0 -0.917559
vn -0.3975996 0 -0.917559
vn -0.3975996 0 -0.917559
vn -0.3975996 0 -0.917559
vn -0.3975996 0 -0.917559
vn -0.3975996 0 -0.917559
vn -0.3975996 0 -0.917559
vn 0.917559 0 -0.3975996
vn 0.8505753 0 -0.5258533
vn 0.8388707 0.1653245 -0.5186172
vn 0.9049327 0.1653245 -0.3921284
vn 0.7544913 0.5690818 -0.3269386
vn 0.6994119 0.5690818 -0.4323992
vn 0.4979918 0.8399038 -0.2157914
vn 0.4616373 0.8399038 -0.2853992
vn 0.2962212 0.9464549 -0.1283595
vn 0.2745964 0.9464549 -0.1697644
vn 0.1383675 0.9885644 -0.05995787
vn 0.1282664 0.9885644 -0.07929847
vn 0.03387923 0.9993181 -0.01468066
vn 0.03140597 0.9993181 -0.0194162
vn -0.03140611 0.9993181 0.01941628
vn -0.03387938 0.9993181 0.01468072
vn -0.1383677 0.9885644 0.05995794
vn -0.1282666 0.9885644 0.07929858
vn -0.2962212 0.9464549 0.1283595
vn -0.2745964 0.9464549 0.1697644
vn -0.4979918 0.8399038 0.2157914
vn -0.4616373 0.8399038 0.2853992
vn -0.7544894 0.5690848 0.3269378
vn -0.6994101 0.5690848 0.4323981
vn -0.904932 0.1653292 0.3921281
vn -0.83887 0.1653291 0.5186167
vn -0.917559 0 0.3975996
vn -0.8505753 0 0.5258533
vn -0.2745964 0.9464549 0.1697644
vn -0.4616373 0.8399038 0.2853992
vn -0.4979918 0.8399038 0.2157914
vn -0.2962212 0.9464549 0.1283595
vn -0.1282664 0.9885644 0.07929847
vn -0.1383675 0.9885644 0.05995787
vn -0.03140597 0.9993181 0.0194162
vn -0.03387923 0.9993181 0.01468066
vn 0.03387938 0.9993181 -0.01468072
vn 0.03140611 0.9993181 -0.01941628
vn 0.1282666 0.9885644 -0.07929858
vn 0.1383677 0.9885644 -0.05995794
vn 0.2745964 0.9464549 -0.1697644
vn 0.2962212 0.9464549 -0.1283595
vn 0.4616373 0.8399038 -0.2853992
vn 0.4979918 0.8399038 -0.2157914
vn 0.83887 0.1653292 -0.5186167
vn 0.8505753 0 -0.5258533
vn 0.7670223 0 -0.6416203
vn 0.7564669 0.1653291 -0.6327906
vn 0.6994101 0.5690848 -0.4323981
vn 0.6307063 0.5690848 -0.5275908
vn 0.4616373 0.8399038 -0.2853992
vn 0.4162902 0.8399038 -0.3482301
vn 0.6416204 0 0.7670224
vn 0.6416204 0 0.7670224
vn 0.6416203 0 0.7670223
vn 0.6416203 0 0.7670223
vn 0.6416204 0 0.7670224
vn 0.6416204 0 0.7670224
vn 0.6416204 0 0.7670224
vn 0.6416204 0 0.7670224
vn 0.6416204 0 0.7670224
vn 0.6416204 0 0.7670224
vn 0.6416204 0 0.7670224
vn 0.6416204 0 0.7670224
vn 0.6416204 0 0.7670224
vn 0.6416204 0 0.7670224
vn 0.6416204 0 0.7670224
vn 0.6416204 0 0.7670224
vn 0.6416204 0 0.7670224
vn 0.6416203 0 0.7670223
vn 0.6416204 0 0.7670224
vn 0.6416204 0 0.7670224
vn 0.6416203 0 0.7670223
vn 0.6416204 0 0.7670224
vn 0.6416204 0 0.7670224
vn 0.6416204 0 0.7670224
vn 0.6416204 0 0.7670224
vn 0.6416204 0 0.7670224
vn 0.6416204 0 0.7670224
vn 0.6416204 0 0.7670224
vn 0.6416204 0 0.7670224
vn 0.6416204 0 0.7670224
vn 0.6416204 0 0.7670224
vn -0.7670223 0 0.6416203
vn -0.8505753 0 0.5258533
vn -0.8388707 0.1653245 0.5186172
vn -0.7564675 0.1653245 0.6327912
vn -0.6307079 0.5690818 0.5275922
vn -0.6994118 0.5690818 0.4323992
vn -0.4162902 0.8399038 0.3482301
vn -0.4616373 0.8399038 0.2853992
vn 0 -1 0
vn 0 -1 0
vn 0 -1 0
vn 0 -1 0
vn 0 -1 0
vn 0 -1 0
vn 0 -1 0
vn 0 -1 0
vn -0.5258533 0 -0.8505753
vn -0.5258533 0 -0.8505753
vn -0.5258533 0 -0.8505753
vn -0.5258533 0 -0.8505753
vn -0.5258533 0 -0.8505753
vn -0.5258533 0 -0.8505753
vn -0.5258533 0 -0.8505753
vn -0.5258533 0 -0.8505753
vn -0.5258533 0 -0.8505753
vn -0.5258533 0 -0.8505753
vn -0.5258533 0 -0.8505753
vn -0.5258533 0 -0.8505753
vn -0.5258533 0 -0.8505753
vn -0.5258533 0 -0.8505753
vn -0.5258533 0 -0.8505753
vn -0.5258533 0 -0.8505753
vn -0.5258533 0 -0.8505753
vn -0.5258533 0 -0.8505753
vn -0.5258533 0 -0.8505753
vn -0.5258533 0 -0.8505753
vn -0.5258533 0 -0.8505753
vn -0.5258533 0 -0.8505753
vn -0.5258533 0 -0.8505753
vn -0.5258533 0 -0.8505753
vn -0.5258533 0 -0.8505753
vn -0.5258533 0 -0.8505753
vn -0.5258533 0 -0.8505753
vn -0.5258533 0 -0.8505753
vn -0.5258533 0 -0.8505753
vn -0.5258533 0 -0.8505753
vn -0.5258533 0 -0.8505753
vn 0.8505753 0 -0.5258533
vn 0.7670223 0 -0.6416203
vn 0.7564675 0.1653245 -0.6327912
vn 0.8388707 0.1653245 -0.5186172
vn 0.6994118 0.5690818 -0.4323992
vn 0.6307079 0.5690818 -0.5275922
vn 0.4616373 0.8399038 -0.2853992
vn 0.4162902 0.8399038 -0.3482301
vn 0.2745964 0.9464549 -0.1697644
vn 0.2476225 0.9464549 -0.2071382
vn 0.1282664 0.9885644 -0.07929848
vn 0.1156667 0.9885644 -0.09675609
vn 0.03140597 0.9993181 -0.0194162
vn 0.02832093 0.9993181 -0.02369069
vn -0.02832106 0.9993181 0.02369079
vn -0.03140611 0.9993181 0.01941628
vn -0.1282666 0.9885644 0.07929858
vn -0.1156668 0.9885644 0.09675621
vn -0.2745964 0.9464549 0.1697644
vn -0.2476225 0.9464549 0.2071382
vn -0.4616373 0.8399038 0.2853992
vn -0.4162902 0.8399038 0.3482301
vn -0.6994101 0.5690848 0.4323981
vn -0.6307063 0.5690848 0.5275908
vn -0.83887 0.1653292 0.5186167
vn -0.7564669 0.1653291 0.6327906
vn -0.8505753 0 0.5258533
vn -0.7670223 0 0.6416203
vn -0.2476225 0.9464549 0.2071382
vn -0.4162902 0.8399038 0.3482301
vn -0.4616373 0.8399038 0.2853992
vn -0.2745964 0.9464549 0.1697644
vn -0.1156667 0.9885644 0.09675609
vn -0.1282664 0.9885644 0.07929848
vn -0.02832093 0.9993181 0.02369069
vn -0.03140597 0.9993181 0.0194162
vn 0.03140611 0.9993181 -0.01941628
vn 0.02832106 0.9993181 -0.02369079
vn 0.1156668 0.9885644 -0.09675621
vn 0.1282666 0.9885644 -0.07929858
vn 0.2476225 0.9464549 -0.2071382
vn 0.2745964 0.9464549 -0.1697644
vn 0.4162902 0.8399038 -0.3482301
vn 0.4616373 0.8399038 -0.2853992
vn 0.7564669 0.1653292 -0.6327906
vn 0.7670223 0 -0.6416203
vn 0.6684623 0 -0.743746
vn 0.6592633 0.1653291 -0.7335109
vn 0.6307063 0.5690848 -0.5275908
vn 0.5496625 0.5690848 -0.6115667
vn 0.4162902 0.8399038 -0.3482301
vn 0.3627982 0.8399038 -0.4036573
vn 0.7437461 0 0.6684623
vn 0.7437461 0 0.6684623
vn 0.7437461 0 0.6684623
vn 0.7437461 0 0.6684623
vn 0.7437461 0 0.6684623
vn 0.7437461 0 0.6684623
vn 0.7437461 0 0.6684623
vn 0.7437461 0 0.6684623
vn 0.7437461 0 0.6684623
vn 0.7437461 0 0.6684623
vn 0.7437461 0 0.6684623
vn 0.7437461 0 0.6684623
vn 0.7437461 0 0.6684623
vn 0.7437461 0 0.6684623
vn 0.7437461 0 0.6684623
vn 0.7437461 0 0.6684623
vn 0.7437461 0 0.6684623
vn 0.7437461 0 0.6684623
vn 0.7437461 0 0.6684623
vn 0.7437461 0 0.6684623
vn 0.7437461 0 0.6684623
vn 0.7437461 0 0.6684623
vn 0.7437461 0 0.6684623
vn 0.7437461 0 0.6684623
vn 0.7437461 0 0.6684623
vn 0.7437461 0 0.6684623
vn 0.7437461 0 0.6684623
vn 0.7437461 0 0.6684623
vn 0.7437461 0 0.6684623
vn 0.7437461 0 0.6684623
vn 0.7437461 0 0.6684623
vn -0.6684623 0 0.743746
vn -0.7670223 0 0.6416203
vn -0.7564675 0.1653245 0.6327912
vn -0.6592638 0.1653245 0.7335116
vn -0.5496639 0.5690818 0.6115682
vn -0.6307078 0.5690818 0.5275921
vn -0.3627982 0.8399038 0.4036573
vn -0.4162902 0.8399038 0.3482301
vn 0 -1 0
vn 0 -1 0
vn 0 -1 0
vn 0 -1 0
vn 0 -1 0
vn 0 -1 0
vn 0 -1 0
vn 0 -1 0
vn -0.6416204 0 -0.7670224
vn -0.6416204 0 -0.7670224
vn -0.6416204 0 -0.7670224
vn -0.6416204 0 -0.7670224
vn -0.6416204 0 -0.7670224
vn -0.6416204 0 -0.7670224
vn -0.6416204 0 -0.7670224
vn -0.6416204 0 -0.7670224
vn -0.6416204 0 -0.7670224
vn -0.6416204 0 -0.7670224
vn -0.6416204 0 -0.7670224
vn -0.6416204 0 -0.7670224
vn -0.6416204 0 -0.7670224
vn -0.6416204 0 -0.7670224
vn -0.6416204 0 -0.7670224
vn -0.6416204 0 -0.7670224
vn -0.6416204 0 -0.7670224
vn -0.6416204 0 -0.7670224
vn -0.6416204 0 -0.7670224
vn -0.6416204 0 -0.7670224
vn -0.6416204 0 -0.7670224
vn -0.6416204 0 -0.7670224
vn -0.6416204 0 -0.7670224
vn -0.6416204 0 -0.7670224
vn -0.6416204 0 -0.7670224
vn -0.6416204 0 -0.7670224
vn -0.6416204 0 -0.7670224
vn -0.6416204 0 -0.7670224
vn -0.6416204 0 -0.7670224
vn -0.6416204 0 -0.7670224
vn -0.6416204 0 -0.7670224
vn 0.7670223 0 -0.6416203
vn 0.6684623 0 -0.743746
vn 0.6592638 0.1653245 -0.7335116
vn 0.7564675 0.1653245 -0.6327912
vn 0.6307078 0.5690818 -0.5275921
vn 0.5496639 0.5690818 -0.6115682
vn 0.4162902 0.8399038 -0.3482301
vn 0.3627982 0.8399038 -0.4036573
vn 0.2476225 0.9464549 -0.2071382
vn 0.2158038 0.9464549 -0.2401081
vn 0.1156667 0.9885644 -0.0967561
vn 0.1008038 0.9885644 -0.1121566
vn 0.02832093 0.9993181 -0.02369069
vn 0.02468178 0.9993181 -0.0274615
vn -0.02468189 0.9993181 0.02746162
vn -0.02832106 0.9993181 0.02369079
vn -0.1156668 0.9885644 0.09675621
vn -0.100804 0.9885644 0.1121567
vn -0.2476225 0.9464549 0.2071382
vn -0.2158038 0.9464549 0.2401081
vn -0.4162902 0.8399038 0.3482301
vn -0.3627982 0.8399038 0.4036573
vn -0.6307063 0.5690848 0.5275908
vn -0.5496625 0.5690848 0.6115667
vn -0.7564669 0.1653292 0.6327906
vn -0.6592633 0.1653291 0.7335109
vn -0.7670223 0 0.6416203
vn -0.6684623 0 0.743746
vn -0.2158038 0.9464549 0.2401081
vn -0.3627982 0.8399038 0.4036573
vn -0.4162902 0.8399038 0.3482301
vn -0.2476225 0.9464549 0.2071382
vn -0.1008038 0.9885644 0.1121566
vn -0.1156667 0.9885644 0.0967561
vn -0.02468178 0.9993181 0.0274615
vn -0.02832093 0.9993181 0.02369069
vn 0.02832106 0.9993181 -0.02369079
vn 0.02468189 0.9993181 -0.02746162
vn 0.100804 0.9885644 -0.1121567
vn 0.1156668 0.9885644 -0.09675621
vn 0.2158038 0.9464549 -0.2401081
vn 0.2476225 0.9464549 -0.2071382
vn 0.3627982 0.8399038 -0.4036573
vn 0.4162902 0.8399038 -0.3482301
vn 0.6592633 0.1653292 -0.7335109
vn 0.6684623 0 -0.743746
vn 0.5558963 0 -0.8312517
vn 0.5482463 0.1653291 -0.8198124
vn 0.5496625 0.5690848 -0.6115667
vn 0.4571018 0.5690848 -0.6835207
vn 0.3627982 0.8399038 -0.4036573
vn 0.3017046 0.8399038 -0.4511497
vn 0.8312517 0 0.5558963
vn 0.8312517 0 0.5558963
vn 0.8312517 0 0.5558963
vn 0.8312517 0 0.5558963
vn 0.8312517 0 0.5558963
vn 0.8312517 0 0.5558963
vn 0.8312517 0 0.5558963
vn 0.8312517 0 0.5558963
vn 0.8312517 0 0.5558963
vn 0.8312517 0 0.5558963
vn 0.8312517 0 0.5558963
vn 0.8312517 0 0.5558963
vn 0.8312517 0 0.5558963
vn 0.8312517 0 0.5558963
vn 0.8312517 0 0.5558963
vn 0.8312517 0 0.5558963
vn 0.8312517 0 0.5558963
vn 0.8312517 0 0.5558963
vn 0.8312517 0 0.5558963
vn 0.8312517 0 0.5558963
vn 0.8312517 0 0.5558963
vn 0.8312517 0 0.5558963
vn 0.8312517 0 0.5558963
vn 0.8312517 0 0.5558963
vn 0.8312517 0 0.5558963
vn 0.8312517 0 0.5558963
vn 0.8312517 0 0.5558963
vn 0.8312517 0 0.5558963
vn 0.8312517 0 0.5558963
vn 0.8312517 0 0.5558963
vn 0.8312517 0 0.5558963
vn -0.5558963 0 0.8312517
vn -0.6684623 0 0.743746
vn -0.6592638 0.1653245 0.7335116
vn -0.5482467 0.1653245 0.819813
vn -0.457103 0.5690818 0.6835225
vn -0.5496638 0.5690818 0.6115682
vn -0.3017046 0.8399038 0.4511497
vn -0.3627982 0.8399038 0.4036573
vn 0 -1 0
vn 0 -1 0
vn 0 -1 0
vn 0 -1 0
vn 0 -1 0
vn 0 -1 0
vn 0 -1 0
vn 0 -1 0
vn -0.7437461 0 -0.6684623
vn -0.7437461 0 -0.6684623
vn -0.7437461 0 -0.6684623
vn -0.7437461 0 -0.6684623
vn -0.7437461 0 -0.6684623
vn -0.7437461 0 -0.6684623
vn -0.7437461 0 -0.6684623
vn -0.7437461 0 -0.6684623
vn -0.7437461 0 -0.6684623
vn -0.7437461 0 -0.6684623
vn -0.7437461 0 -0.6684623
vn -0.7437461 0 -0.6684623
vn -0.7437461 0 -0.6684623
vn -0.7437461 0 -0.6684623
vn -0.7437461 0 -0.6684623
vn -0.7437461 0 -0.6684623
vn -0.7437461 0 -0.6684623
vn -0.7437461 0 -0.6684623
vn -0.7437461 0 -0.6684623
vn -0.7437461 0 -0.6684623
vn -0.7437461 0 -0.6684623
vn -0.7437461 0 -0.6684623
vn -0.7437461 0 -0.6684623
vn -0.7437461 0 -0.6684623
vn -0.7437461 0 -0.6684623
vn -0.7437461 0 -0.6684623
vn -0.7437461 0 -0.6684623
vn -0.7437461 0 -0.6684623
vn -0.7437461 0 -0.6684623
vn -0.7437461 0 -0.6684623
vn -0.7437461 0 -0.6684623
vn 0.6684623 0 -0.743746
vn 0.5558963 0 -0.8312517
vn 0.5482467 0.1653245 -0.819813
vn 0.6592638 0.1653245 -0.7335116
vn 0.5496638 0.5690818 -0.6115682
vn 0.457103 0.5690818 -0.6835225
vn 0.3627982 0.8399038 -0.4036573
vn 0.3017046 0.8399038 -0.4511497
vn 0.2158038 0.9464549 -0.2401081
vn 0.1794634 0.9464549 -0.2683581
vn 0.1008039 0.9885644 -0.1121566
vn 0.08382893 0.9885644 -0.1253524
vn 0.02468178 0.9993181 -0.0274615
vn 0.02052548 0.9993181 -0.03069248
vn -0.02052557 0.9993181 0.03069262
vn -0.02468189 0.9993181 0.02746162
vn -0.100804 0.9885644 0.1121567
vn -0.08382905 0.9885644 0.1253526
vn -0.2158038 0.9464549 0.2401081
vn -0.1794634 0.9464549 0.2683581
vn -0.3627982 0.8399038 0.4036573
vn -0.3017046 0.8399038 0.4511497
vn -0.5496625 0.5690848 0.6115667
vn -0.4571018 0.5690848 0.6835207
vn -0.6592633 0.1653292 0.7335109
vn -0.5482463 0.1653291 0.8198124
vn -0.6684623 0 0.743746
vn -0.5558963 0 0.8312517
vn -0.1794634 0.9464549 0.2683581
vn -0.3017046 0.8399038 0.4511497
vn -0.3627982 0.8399038 0.4036573
vn -0.2158038 0.9464549 0.2401081
vn -0.08382893 0.9885644 0.1253524
vn -0.1008039 0.9885644 0.1121566
vn -0.02052548 0.9993181 0.03069248
vn -0.02468178 0.9993181 0.0274615
vn 0.02468189 0.9993181 -0.02746162
vn 0.02052557 0.9993181 -0.03069262
vn 0.08382905 0.9885644 -0.1253526
vn 0.100804 0.9885644 -0.1121567
vn 0.1794634 0.9464549 -0.2683581
vn 0.2158038 0.9464549 -0.2401081
vn 0.3017046 0.8399038 -0.4511497
vn 0.3627982 0.8399038 -0.4036573
vn 0.5482463 0.1653292 -0.8198124
vn 0.5558963 0 -0.8312517
vn 0.430639 0 -0.9025242
vn 0.4247127 0.1653291 -0.890104
vn 0.4571018 0.5690848 -0.6835207
vn 0.3541054 0.5690848 -0.7421265
vn 0.3017046 0.8399038 -0.4511497
vn 0.233723 0.8399038 -0.4898318
vn 0.9025244 0 0.430639
vn 0.9025244 0 0.430639
vn 0.9025244 0 0.430639
vn 0.9025244 0 0.430639
vn 0.9025244 0 0.430639
vn 0.9025244 0 0.430639
vn 0.9025244 0 0.430639
vn 0.9025244 0 0.430639
vn 0.9025244 0 0.430639
vn 0.9025244 0 0.430639
vn 0.9025244 0 0.430639
vn 0.9025244 0 0.430639
vn 0.9025244 0 0.430639
vn 0.9025244 0 0.430639
vn 0.9025244 0 0.430639
vn 0.9025244 0 0.430639
vn 0.9025244 0 0.430639
vn 0.9025244 0 0.430639
vn 0.9025244 0 0.430639
vn 0.9025244 0 0.430639
vn 0.9025244 0 0.430639
vn 0.9025244 0 0.430639
vn 0.9025244 0 0.430639
vn 0.9025244 0 0.430639
vn 0.9025244 0 0.430639
vn 0.9025244 0 0.430639
vn 0.9025244 0 0.430639
vn 0.9025244 0 0.430639
vn 0.9025244 0 0.430639
vn 0.9025244 0 0.430639
vn 0.9025244 0 0.430639
vn -0.430639 0 0.9025242
vn -0.5558963 0 0.8312517
vn -0.5482467 0.1653245 0.819813
vn -0.4247131 0.1653245 0.8901048
vn -0.3541063 0.5690818 0.7421285
vn -0.4571029 0.5690818 0.6835223
vn -0.233723 0.8399038 0.4898318
vn -0.3017046 0.8399038 0.4511497
vn 0 -1 0
vn 0 -1 0
vn 0 -1 0
vn 0 -1 0
vn 0 -1 0
vn 0 -1 0
vn 0 -1 0
vn 0 -1 0
vn -0.8312517 0 -0.5558963
vn -0.8312517 0 -0.5558963
vn -0.8312517 0 -0.5558963
vn -0.8312517 0 -0.5558963
vn -0.8312517 0 -0.5558963
vn -0.8312517 0 -0.5558963
vn -0.8312517 0 -0.5558963
vn -0.8312517 0 -0.5558963
vn -0.8312517 0 -0.5558963
vn -0.8312517 0 -0.5558963
vn -0.8312517 0 -0.5558963
vn -0.8312517 0 -0.5558963
vn -0.8312517 0 -0.5558963
vn -0.8312517 0 -0.5558963
vn -0.8312517 0 -0.5558963
vn -0.8312517 0 -0.5558963
vn -0.8312517 0 -0.5558963
vn -0.8312517 0 -0.5558963
vn -0.8312517 0 -0.5558963
vn -0.8312517 0 -0.5558963
vn -0.8312517 0 -0.5558963
vn -0.8312517 0 -0.5558963
vn -0.8312517 0 -0.5558963
vn -0.8312517 0 -0.5558963
vn -0.8312517 0 -0.5558963
vn -0.8312517 0 -0.5558963
vn -0.8312517 0 -0.5558963
vn -0.8312517 0 -0.5558963
vn -0.8312517 0 -0.5558963
vn -0.8312517 0 -0.5558963
vn -0.8312517 0 -0.5558963
vn 0.5558963 0 -0.8312517
vn 0.430639 0 -0.9025242
vn 0.4247131 0.1653245 -0.8901048
vn 0.5482467 0.1653245 -0.819813
vn 0.4571029 0.5690818 -0.6835223
vn 0.3541063 0.5690818 -0.7421285
vn 0.3017046 0.8399038 -0.4511497
vn 0.233723 0.8399038 -0.4898318
vn 0.1794634 0.9464549 -0.2683581
vn 0.1390258 0.9464549 -0.2913674
vn 0.08382895 0.9885644 -0.1253524
vn 0.06494018 0.9885644 -0.1361003
vn 0.02052548 0.9993181 -0.03069248
vn 0.01590058 0.9993181 -0.03332409
vn -0.01590065 0.9993181 0.03332424
vn -0.02052557 0.9993181 0.03069262
vn -0.08382905 0.9885644 0.1253526
vn -0.06494027 0.9885644 0.1361005
vn -0.1794634 0.9464549 0.2683581
vn -0.1390258 0.9464549 0.2913674
vn -0.3017046 0.8399038 0.4511497
vn -0.233723 0.8399038 0.4898318
vn -0.4571018 0.5690848 0.6835207
vn -0.3541054 0.5690848 0.7421265
vn -0.5482463 0.1653292 0.8198124
vn -0.4247127 0.1653291 0.890104
vn -0.5558963 0 0.8312517
vn -0.430639 0 0.9025242
vn -0.1390258 0.9464549 0.2913674
vn -0.233723 0.8399038 0.4898318
vn -0.3017046 0.8399038 0.4511497
vn -0.1794634 0.9464549 0.2683581
vn -0.06494018 0.9885644 0.1361003
vn -0.08382895 0.9885644 0.1253524
vn -0.01590058 0.9993181 0.03332409
vn -0.02052548 0.9993181 0.03069248
vn 0.02052557 0.9993181 -0.03069262
vn 0.01590065 0.9993181 -0.03332424
vn 0.06494027 0.9885644 -0.1361005
vn 0.08382905 0.9885644 -0.1253526
vn 0.1390258 0.9464549 -0.2913674
vn 0.1794634 0.9464549 -0.2683581
vn 0.233723 0.8399038 -0.4898318
vn 0.3017046 0.8399038 -0.4511497
vn 0.4247126 0.1653292 -0.8901042
vn 0.4306388 0 -0.9025244
vn 0.2944354 0 -0.9556713
vn 0.2903835 0.1653291 -0.9425198
vn 0.3541052 0.5690848 -0.7421267
vn 0.242108 0.5690848 -0.7858283
vn 0.2337229 0.8399038 -0.4898319
vn 0.1598005 0.8399038 -0.5186766
vn 0.9556714 0 0.2944354
vn 0.9556714 0 0.2944354
vn 0.9556714 0 0.2944354
vn 0.9556714 0 0.2944354
vn 0.9556714 0 0.2944354
vn 0.9556714 0 0.2944354
vn 0.9556714 0 0.2944354
vn 0.9556714 0 0.2944354
vn 0.9556714 0 0.2944354
vn 0.9556714 0 0.2944354
vn 0.9556714 0 0.2944354
vn 0.9556714 0 0.2944354
vn 0.9556714 0 0.2944354
vn 0.9556714 0 0.2944354
vn 0.9556714 0 0.2944354
vn 0.9556714 0 0.2944354
vn 0.9556714 0 0.2944354
vn 0.9556714 0 0.2944354
vn 0.9556714 0 0.2944354
vn 0.9556714 0 0.2944354
vn 0.9556714 0 0.2944354
vn 0.9556714 0 0.2944354
vn 0.9556714 0 0.2944354
vn 0.9556714 0 0.2944354
vn 0.9556714 0 0.2944354
vn 0.9556714 0 0.2944354
vn 0.9556714 0 0.2944354
vn 0.9556714 0 0.2944354
vn 0.9556714 0 0.2944354
vn 0.9556714 0 0.2944354
vn 0.9556714 0 0.2944354
vn -0.2944354 0 0.9556713
vn -0.430639 0 0.9025242
vn -0.4247129 0.1653245 0.8901049
vn -0.2903837 0.1653245 0.9425206
vn -0.2421086 0.5690818 0.7858304
vn -0.3541061 0.5690818 0.7421286
vn -0.1598005 0.8399038 0.5186766
vn -0.2337229 0.8399038 0.4898319
vn 0 -1 0
vn 0 -1 0
vn 0 -1 0
vn 0 -1 0
vn 0 -1 0
vn 0 -1 0
vn 0 -1 0
vn 0 -1 0
vn -0.9025244 0 -0.4306388
vn -0.9025244 0 -0.4306388
vn -0.9025244 0 -0.430639
vn -0.9025244 0 -0.4306388
vn -0.9025244 0 -0.4306388
vn -0.9025244 0 -0.4306388
vn -0.9025244 0 -0.4306388
vn -0.9025244 0 -0.4306388
vn -0.9025244 0 -0.4306388
vn -0.9025244 0 -0.4306388
vn -0.9025244 0 -0.4306388
vn -0.9025244 0 -0.4306388
vn -0.9025244 0 -0.4306388
vn -0.9025244 0 -0.4306388
vn -0.9025244 0 -0.430639
vn -0.9025244 0 -0.4306388
vn -0.9025244 0 -0.4306388
vn -0.9025244 0 -0.430639
vn -0.9025244 0 -0.430639
vn -0.9025244 0 -0.4306388
vn -0.9025244 0 -0.4306388
vn -0.9025244 0 -0.4306388
vn -0.9025244 0 -0.4306388
vn -0.9025244 0 -0.4306388
vn -0.9025244 0 -0.4306388
vn -0.9025244 0 -0.4306388
vn -0.9025244 0 -0.4306388
vn -0.9025244 0 -0.4306388
vn -0.9025244 0 -0.4306388
vn -0.9025244 0 -0.4306388
vn -0.9025244 0 -0.4306388
vn 0.430639 0 -0.9025242
vn 0.2944354 0 -0.9556713
vn 0.2903837 0.1653245 -0.9425206
vn 0.4247129 0.1653245 -0.8901049
vn 0.3541061 0.5690818 -0.7421286
vn 0.2421086 0.5690818 -0.7858304
vn 0.2337229 0.8399038 -0.4898319
vn 0.1598005 0.8399038 -0.5186766
vn 0.1390258 0.9464549 -0.2913674
vn 0.09505436 0.9464549 -0.3085252
vn 0.06494018 0.9885644 -0.1361003
vn 0.04440073 0.9885644 -0.1441148
vn 0.01590057 0.9993181 -0.0333241
vn 0.0108715 0.9993181 -0.03528646
vn -0.01087155 0.9993181 0.03528661
vn -0.01590064 0.9993181 0.03332425
vn -0.06494025 0.9885644 0.1361005
vn -0.04440079 0.9885644 0.144115
vn -0.1390258 0.9464549 0.2913674
vn -0.09505436 0.9464549 0.3085252
vn -0.2337229 0.8399038 0.4898319
vn -0.1598005 0.8399038 0.5186766
vn -0.3541052 0.5690848 0.7421267
vn -0.242108 0.5690848 0.7858283
vn -0.4247126 0.1653292 0.8901042
vn -0.2903835 0.1653291 0.9425198
vn -0.4306388 0 0.9025244
vn -0.2944354 0 0.9556713
vn -0.09505436 0.9464549 0.3085252
vn -0.1598005 0.8399038 0.5186766
vn -0.2337229 0.8399038 0.4898319
vn -0.1390258 0.9464549 0.2913674
vn -0.04440073 0.9885644 0.1441148
vn -0.06494018 0.9885644 0.1361003
vn -0.0108715 0.9993181 0.03528646
vn -0.01590057 0.9993181 0.0333241
vn 0.01590064 0.9993181 -0.03332425
vn 0.01087155 0.9993181 -0.03528661
vn 0.04440079 0.9885644 -0.144115
vn 0.06494025 0.9885644 -0.1361005
vn 0.09505436 0.9464549 -0.3085252
vn 0.1390258 0.9464549 -0.2913674
vn 0.1598005 0.8399038 -0.5186766
vn 0.2337229 0.8399038 -0.4898319
vn 0.2903834 0.1653292 -0.9425198
vn 0.2944353 0 -0.9556714
vn 0.1497559 0 -0.988723
vn 0.147695 0.1653291 -0.9751166
vn 0.2421079 0.5690848 -0.7858284
vn 0.1231411 0.5690848 -0.813006
vn 0.1598004 0.8399038 -0.5186767
vn 0.08127782 0.8399038 -0.536615
vn 0.9887229 0 0.1497559
vn 0.9887229 0 0.1497559
vn 0.9887229 0 0.1497559
vn 0.9887229 0 0.1497559
vn 0.9887229 0 0.1497559
vn 0.9887229 0 0.1497559
vn 0.9887229 0 0.1497559
vn 0.9887229 0 0.1497559
vn 0.9887229 0 0.1497559
vn 0.9887229 0 0.1497559
vn 0.9887229 0 0.1497559
vn 0.9887229 0 0.1497559
vn 0.9887229 0 0.1497559
vn 0.9887229 0 0.1497559
vn 0.9887229 0 0.1497559
vn 0.9887229 0 0.1497559
vn 0.9887229 0 0.1497559
vn 0.9887229 0 0.1497559
vn 0.9887229 0 0.1497559
vn 0.9887229 0 0.1497559
vn 0.9887229 0 0.1497559
vn 0.9887229 0 0.1497559
vn 0.9887229 0 0.1497559
vn 0.9887229 0 0.1497559
vn 0.9887229 0 0.1497559
vn 0.9887229 0 0.1497559
vn 0.9887229 0 0.1497559
vn 0.9887229 0 0.1497559
vn 0.9887229 0 0.1497559
vn 0.9887229 0 0.1497559
vn 0.9887229 0 0.1497559
vn -0.1497559 0 0.988723
vn -0.2944354 0 0.9556713
vn -0.2903836 0.1653245 0.9425206
vn -0.1476951 0.1653245 0.9751174
vn -0.1231414 0.5690818 0.8130081
vn -0.2421085 0.5690818 0.7858303
vn -0.08127782 0.8399038 0.536615
vn -0.1598004 0.8399038 0.5186767
vn 0 -1 0
vn 0 -1 0
vn 0 -1 0
vn 0 -1 0
vn 0 -1 0
vn 0 -1 0
vn 0 -1 0
vn 0 -1 0
vn -0.9556715 0 -0.2944353
vn -0.9556715 0 -0.2944353
vn -0.9556714 0 -0.2944354
vn -0.9556715 0 -0.2944353
vn -0.9556715 0 -0.2944353
vn -0.9556715 0 -0.2944353
vn -0.9556715 0 -0.2944353
vn -0.9556715 0 -0.2944353
vn -0.9556715 0 -0.2944353
vn -0.9556715 0 -0.2944353
vn -0.9556715 0 -0.2944353
vn -0.9556715 0 -0.2944353
vn -0.9556715 0 -0.2944353
vn -0.9556715 0 -0.2944353
vn -0.9556714 0 -0.2944354
vn -0.9556715 0 -0.2944353
vn -0.9556715 0 -0.2944353
vn -0.9556714 0 -0.2944354
vn -0.9556714 0 -0.2944354
vn -0.9556715 0 -0.2944353
vn -0.9556715 0 -0.2944353
vn -0.9556715 0 -0.2944353
vn -0.9556715 0 -0.2944353
vn -0.9556715 0 -0.2944353
vn -0.9556715 0 -0.2944353
vn -0.9556715 0 -0.2944353
vn -0.9556715 0 -0.2944353
vn -0.9556715 0 -0.2944353
vn -0.9556715 0 -0.2944353
vn -0.9556715 0 -0.2944353
vn -0.9556715 0 -0.2944353
vn 0.2944354 0 -0.9556713
vn 0.1497559 0 -0.988723
vn 0.1476951 0.1653245 -0.9751174
vn 0.2903836 0.1653245 -0.9425206
vn 0.2421085 0.5690818 -0.7858303
vn 0.1231414 0.5690818 -0.8130081
vn 0.1598004 0.8399038 -0.5186767
vn 0.08127782 0.8399038 -0.536615
vn 0.09505434 0.9464549 -0.3085252
vn 0.04834661 0.9464549 -0.3191955
vn 0.04440073 0.9885644 -0.1441149
vn 0.02258313 0.9885644 -0.149099
vn 0.0108715 0.9993181 -0.03528646
vn 0.005529468 0.9993181 -0.03650683
vn -0.005529493 0.9993181 0.03650699
vn -0.01087154 0.9993181 0.03528662
vn -0.04440078 0.9885644 0.144115
vn -0.02258316 0.9885644 0.1490992
vn -0.09505434 0.9464549 0.3085252
vn -0.04834661 0.9464549 0.3191955
vn -0.1598004 0.8399038 0.5186767
vn -0.08127782 0.8399038 0.536615
vn -0.2421079 0.5690848 0.7858284
vn -0.1231411 0.5690848 0.813006
vn -0.2903834 0.1653292 0.9425198
vn -0.147695 0.1653291 0.9751166
vn -0.2944353 0 0.9556714
vn -0.1497559 0 0.988723
vn -0.04834661 0.9464549 0.3191955
vn -0.08127782 0.8399038 0.536615
vn -0.1598004 0.8399038 0.5186767
vn -0.09505434 0.9464549 0.3085252
vn -0.02258313 0.9885644 0.149099
vn -0.04440073 0.9885644 0.1441149
vn -0.005529468 0.9993181 0.03650683
vn -0.0108715 0.9993181 0.03528646
vn 0.01087154 0.9993181 -0.03528662
vn 0.005529493 0.9993181 -0.03650699
vn 0.02258316 0.9885644 -0.1490992
vn 0.04440078 0.9885644 -0.144115
vn 0.04834661 0.9464549 -0.3191955
vn 0.09505434 0.9464549 -0.3085252
vn 0.08127782 0.8399038 -0.536615
vn 0.1598004 0.8399038 -0.5186767
vn 0.147695 0.1653292 -0.9751166
vn 0.1497559 0 -0.988723
vn -1.192093E-07 0 -0.9999999
vn -1.175688E-07 0.1653291 -0.9862383
vn 0.1231411 0.5690848 -0.813006
vn -9.802326E-08 0.5690848 -0.8222787
vn 0.08127782 0.8399038 -0.536615
vn -6.469909E-08 0.8399038 -0.5427353
vn 0.9999999 0 -1.192093E-07
vn 0.9999999 0 -1.192093E-07
vn 1 0 -1.192093E-07
vn 1 0 -1.192093E-07
vn 0.9999999 0 -1.192093E-07
vn 0.9999999 0 -1.192093E-07
vn 0.9999999 0 -1.192093E-07
vn 0.9999999 0 -1.192093E-07
vn 0.9999999 0 -1.192093E-07
vn 0.9999999 0 -1.192093E-07
vn 0.9999999 0 -1.192093E-07
vn 0.9999999 0 -1.192093E-07
vn 0.9999999 0 -1.192093E-07
vn 0.9999999 0 -1.192093E-07
vn 0.9999999 0 -1.192093E-07
vn 0.9999999 0 -1.192093E-07
vn 0.9999999 0 -1.192093E-07
vn 1 0 -1.192093E-07
vn 0.9999999 0 -1.192093E-07
vn 0.9999999 0 -1.192093E-07
vn 1 0 -1.192093E-07
vn 0.9999999 0 -1.192093E-07
vn 0.9999999 0 -1.192093E-07
vn 0.9999999 0 -1.192093E-07
vn 0.9999999 0 -1.192093E-07
vn 0.9999999 0 -1.192093E-07
vn 0.9999999 0 -1.192093E-07
vn 0.9999999 0 -1.192093E-07
vn 0.9999999 0 -1.192093E-07
vn 0.9999999 0 -1.192093E-07
vn 0.9999999 0 -1.192093E-07
vn 1.192093E-07 0 1
vn -0.1497559 0 0.988723
vn -0.1476951 0.1653245 0.9751174
vn 1.175689E-07 0.1653245 0.9862391
vn 9.802351E-08 0.5690818 0.8222809
vn -0.1231414 0.5690818 0.813008
vn 6.469909E-08 0.8399038 0.5427353
vn -0.08127782 0.8399038 0.536615
vn 0 -1 0
vn 0 -1 0
vn 0 -1 0
vn 0 -1 0
vn 0 -1 0
vn 0 -1 0
vn 0 -1 0
vn 0 -1 0
vn -0.9887229 0 -0.1497559
vn -0.9887229 0 -0.1497559
vn -0.9887229 0 -0.1497559
vn -0.9887229 0 -0.1497559
vn -0.9887229 0 -0.1497559
vn -0.9887229 0 -0.1497559
vn -0.9887229 0 -0.1497559
vn -0.9887229 0 -0.1497559
vn -0.9887229 0 -0.1497559
vn -0.9887229 0 -0.1497559
vn -0.9887229 0 -0.1497559
vn -0.9887229 0 -0.1497559
vn -0.9887229 0 -0.1497559
vn -0.9887229 0 -0.1497559
vn -0.9887229 0 -0.1497559
vn -0.9887229 0 -0.1497559
vn -0.9887229 0 -0.1497559
vn -0.9887229 0 -0.1497559
vn -0.9887229 0 -0.1497559
vn -0.9887229 0 -0.1497559
vn -0.9887229 0 -0.1497559
vn -0.9887229 0 -0.1497559
vn -0.9887229 0 -0.1497559
vn -0.9887229 0 -0.1497559
vn -0.9887229 0 -0.1497559
vn -0.9887229 0 -0.1497559
vn -0.9887229 0 -0.1497559
vn -0.9887229 0 -0.1497559
vn -0.9887229 0 -0.1497559
vn -0.9887229 0 -0.1497559
vn -0.9887229 0 -0.1497559
vn 0.1497559 0 -0.988723
vn -1.192093E-07 0 -1
vn -1.175689E-07 0.1653245 -0.9862391
vn 0.1476951 0.1653245 -0.9751174
vn 0.1231414 0.5690818 -0.813008
vn -9.802351E-08 0.5690818 -0.8222809
vn 0.08127782 0.8399038 -0.536615
vn -6.469909E-08 0.8399038 -0.5427353
vn 0.04834661 0.9464549 -0.3191955
vn -3.848505E-08 0.9464549 -0.3228361
vn 0.02258313 0.9885644 -0.1490991
vn -1.797671E-08 0.9885644 -0.1507996
vn 0.005529468 0.9993181 -0.03650683
vn -4.401589E-09 0.9993181 -0.03692321
vn 4.401609E-09 0.9993181 0.03692337
vn -0.005529493 0.9993181 0.03650699
vn -0.02258316 0.9885644 0.1490992
vn 1.797673E-08 0.9885644 0.1507998
vn -0.04834661 0.9464549 0.3191955
vn 3.848505E-08 0.9464549 0.3228361
vn -0.08127782 0.8399038 0.536615
vn 6.469909E-08 0.8399038 0.5427353
vn -0.1231411 0.5690848 0.813006
vn 9.802326E-08 0.5690848 0.8222787
vn -0.147695 0.1653292 0.9751166
vn 1.175688E-07 0.1653291 0.9862383
vn -0.1497559 0 0.988723
vn 1.192093E-07 0 0.9999999
vn 3.848505E-08 0.9464549 0.3228361
vn 6.469909E-08 0.8399038 0.5427353
vn -0.08127782 0.8399038 0.536615
vn -0.04834661 0.9464549 0.3191955
vn 1.797671E-08 0.9885644 0.1507996
vn -0.02258313 0.9885644 0.1490991
vn 4.401589E-09 0.9993181 0.03692321
vn -0.005529468 0.9993181 0.03650683
vn 0.005529493 0.9993181 -0.03650699
vn -4.401609E-09 0.9993181 -0.03692337
vn -1.797673E-08 0.9885644 -0.1507998
vn 0.02258316 0.9885644 -0.1490992
vn -3.848505E-08 0.9464549 -0.3228361
vn 0.04834661 0.9464549 -0.3191955
vn -6.469909E-08 0.8399038 -0.5427353
vn 0.08127782 0.8399038 -0.536615
vn 0 1 0
vn 0 1 0
vn 0 1 0
vn 0 1 0
vn 0 1 0
vn 0 1 0
vn 0 1 0
vn 0 1 0
vn 0 1 0
vn 0 1 0
vn 0 1 0
vn 0 1 0
vn 0 1 0
vn 0 1 0
vn 0 1 0
vn 0 1 0
vn 0 1 0
vn 0 1 0
vn 0 1 0
vn 0 1 0
vn 0 1 0
vn 0 1 0
vn 0 1 0
vn 0 1 0
vn 0 1 0
vn 0 1 0
vn 0 1 0
vn 0 1 0
vn 0 1 0
vn 0 1 0
vn 0 1 0
vn 0 1 0
vn 0 1 0
vn 0 1 0
vn 0 1 0
vn 0 1 0
vn 0 1 0
vn 0 1 0
vn 0 1 0
vn 0 1 0
vn 0 1 0
vn 0 1 0
vn 0 1 0
vn 0 1 0
vn 0 1 0
vn 0 1 0
vn 0 1 0
vn 0 1 0
vn 0 1 0
vn 0 1 0
vn 0 1 0
vn 0 1 0
vn 0 1 0
vn 0 1 0
vn 0 1 0
vn 0 1 0
vn 0 1 0
vn 0 1 0
vn 0 1 0
vn 0 1 0
vn 0 1 0
vn 0 1 0
vn 0 1 0
vn 0 1 0
vn 0 1 0
vn 0 1 0
vn 0 1 0
vn 0 1 0
vn 0 1 0
vn 0 1 0
vn 0 1 0
vn 0 1 0
vn 0 1 0
vn 0 1 0
vn 0 1 0
vn 0 1 0
vn 0 1 0
vn 0 1 0
vn 0 1 0
vn 0 1 0
vn 0 1 0
vn 0 1 0
vn 0 1 0
vn 0 1 0
vn 0 1 0
vn 0 1 0
vn 0 1 0
vn 0 1 0
vn 0 1 0
vn 0 1 0
vn 0 1 0
vn 0 1 0
vn 0 1 0
vn 0 1 0
vn 0 1 0
vn 0 1 0
vn 0 1 0
vn 0 1 0
vn 0 1 0
vn 0 1 0
vn 0 1 0
vn 0 1 0
vn 0 1 0
vn 0 1 0
vn 0 1 0
vn 0 1 0
vn 0 1 0
vn 0 1 0
vn 0 1 0
vn 0 1 0
vn 0 1 0
vn 0 1 0
vn 0 1 0
vn 0 1 0
vn 0 1 0
vn 0 1 0
vn 0 1 0
vn 0 1 0
vn 0 1 0
vn 0 1 0
vn 0 1 0
vn 0 1 0
vn 0 1 0
vn 0 1 0
vn 0 1 0
vn 0 1 0
vn 0 1 0
vn 0 1 0
vn 0 1 0
vn 0 1 0
vn 0 1 0
vn 0 1 0
vn 0 1 0
vn 0 1 0
vn 0 1 0
vn 0 1 0
vn 0 1 0
vn 0 1 0
vn 0 1 0
vn 0 1 0
vn 0 1 0
vn 0 1 0
vn 0 1 0
vn 0 1 0
vn 0 1 0
vn 0 1 0
vn 0 1 0
vn 0 1 0
vn 0 1 0
vn 0 1 0
vn 0 1 0
vn 0 1 0
vn 0 1 0
vn 0 1 0
vn 0 1 0
vn 0 1 0
vn 0 1 0
vn 0 1 0
vn 0 1 0
vn 0 1 0
vn 0 1 0
vn 0 1 0
vn 0 1 0
vn 0 1 0
vn 0 1 0
vn 0 1 0
vn 0 1 0
vn 0 1 0
vn 0 1 0
vn 0 1 0
vn 0 1 0
vn 0 1 0

vt 0.6146332 0.4166667
vt 0.602812 0.4166667
vt 0.375 0.4166667
vt 0.6146332 0.4166667
vt 0.602812 0.4166667
vt 0.375 0.4166667
vt 0.6146332 0.4166667
vt 0.602812 0.4166667
vt 0.375 0.4166667
vt 0.6146332 0.4166667
vt 0.602812 0.4166667
vt 0.375 0.4166667
vt 0.6146332 0.4166667
vt 0.602812 0.4166667
vt 0.375 0.4166667
vt 0.6146332 0.4166667
vt 0.602812 0.4166667
vt 0.375 0.4166667
vt 0.6146332 0.4166667
vt 0.602812 0.4166667
vt 0.375 0.4166667
vt 0.6146332 0.4166667
vt 0.602812 0.4166667
vt 0.375 0.4166667
vt 0.6146332 0.4166667
vt 0.602812 0.4166667
vt 0.375 0.4166667
vt 0.6146332 0.4166667
vt 0.602812 0.4166667
vt 0.375 0.4166667
vt 0.6146332 0.4166667
vt 0.602812 0.4166667
vt 0.375 0.4166667
vt 0.6146332 0.4166667
vt 0.602812 0.4166667
vt 0.375 0.4166667
vt 0.6146332 0.4166667
vt 0.602812 0.4166667
vt 0.375 0.4166667
vt 0.6146332 0.4166667
vt 0.602812 0.4166667
vt 0.375 0.4166667
vt 0.6146332 0.4166667
vt 0.602812 0.4166667
vt 0.375 0.4166667
vt 0.6146332 0.4166667
vt 0.602812 0.4166667
vt 0.375 0.4166667
vt 0.6146332 0.4166667
vt 0.602812 0.4166667
vt 0.375 0.4166667
vt 0.6146332 0.4166667
vt 0.602812 0.4166667
vt 0.375 0.4166667
vt 0.6146332 0.4166667
vt 0.602812 0.4166667
vt 0.375 0.4166667
vt 0.6146332 0.4166667
vt 0.602812 0.4166667
vt 0.375 0.4166667
vt 0.6146332 0.4166667
vt 0.602812 0.4166667
vt 0.375 0.4166667
vt 0.6146332 0.4166667
vt 0.602812 0.4166667
vt 0.375 0.4166667
vt 0.6146332 0.4166667
vt 0.602812 0.4166667
vt 0.375 0.4166667
vt 0.6146332 0.4166667
vt 0.602812 0.4166667
vt 0.375 0.4166667
vt 0.6146332 0.4166667
vt 0.602812 0.4166667
vt 0.375 0.4166667
vt 0.6146332 0.4166667
vt 0.602812 0.4166667
vt 0.375 0.4166667
vt 0.6146332 0.4166667
vt 0.602812 0.4166667
vt 0.375 0.4166667
vt 0.6146332 0.4166667
vt 0.602812 0.4166667
vt 0.375 0.4166667
vt 0.6146332 0.4166667
vt 0.602812 0.4166667
vt 0.375 0.4166667
vt 0.6146332 0.4166667
vt 0.602812 0.4166667
vt 0.375 0.4166667
vt 0.6146332 0.4166667
vt 0.602812 0.4166667
vt 0.375 0.4166667
vt 0.6146332 0.4166667
vt 0.602812 0.4166667
vt 0.375 0.4166667
vt 0.6146332 0.4166667
vt 0.602812 0.4166667
vt 0.375 0.4166667
vt 0.6146332 0.4166667
vt 0.602812 0.4166667
vt 0.375 0.4166667
vt 0.6146332 0.4166667
vt 0.602812 0.4166667
vt 0.375 0.4166667
vt 0.6146332 0.4166667
vt 0.602812 0.4166667
vt 0.375 0.4166667
vt 0.6146332 0.4166667
vt 0.602812 0.4166667
vt 0.375 0.4166667
vt 0.6146332 0.4166667
vt 0.602812 0.4166667
vt 0.375 0.4166667
vt 0.6146332 0.4166667
vt 0.602812 0.4166667
vt 0.375 0.4166667
vt 0.6146332 0.4166667
vt 0.602812 0.4166667
vt 0.375 0.4166667
vt 0.6146332 0.4166667
vt 0.602812 0.4166667
vt 0.375 0.4166667
vt 0.6146332 0.4166667
vt 0.602812 0.4166667
vt 0.375 0.4166667
vt 0.6146332 0.4166667
vt 0.602812 0.4166667
vt 0.375 0.4166667
vt 0.7916666 0.5
vt 0.7916666 0.5
vt 0.7916666 0.75
vt 0.7916666 0.75
vt 0.7916666 0.5
vt 0.7916666 0.75
vt 0.7916666 0.5
vt 0.7916666 0.75
vt 0.6178367 0.7509193
vt 0.6146333 0.75
vt 0.375 0.75
vt 0.375 0.8333333
vt 0.6207267 0.7535874
vt 0.6230201 0.757743
vt 0.6244927 0.7629794
vt 0.625 0.768784
vt 0.625 0.8145493
vt 0.6244926 0.8203538
vt 0.6230202 0.8255903
vt 0.6207266 0.8297458
vt 0.6178368 0.832414
vt 0.6146332 0.8333333
vt 0.602812 0.8333334
vt 0.602812 0.9166666
vt 0.625 0.8333333
vt 0.375 0.9166666
vt 0.6178367 0.917586
vt 0.6146332 0.9166666
vt 0.375 1
vt 0.6207266 0.9202541
vt 0.6230201 0.9244097
vt 0.6244926 0.9296462
vt 0.625 0.9354507
vt 0.625 0.981216
vt 0.6244927 0.9870206
vt 0.6230201 0.992257
vt 0.6207267 0.9964126
vt 0.6178367 0.9990807
vt 0.6146332 1
vt 0.375 0
vt 0.375 0.25
vt 0.6146332 0.25
vt 0.6146332 0
vt 0.6178367 0
vt 0.6178367 0.25
vt 0.625 0
vt 0.625 0.25
vt 0.2916667 0.5
vt 0.375 0.75
vt 0.375 0.5
vt 0.2916667 0.75
vt 0.2083333 0.5
vt 0.2083333 0.75
vt 0.125 0.5
vt 0.125 0.75
vt 0.6178367 0.2509193
vt 0.6146333 0.25
vt 0.375 0.25
vt 0.6207267 0.2535874
vt 0.6230201 0.257743
vt 0.6244927 0.2629794
vt 0.625 0.268784
vt 0.625 0.3145493
vt 0.6244926 0.3203538
vt 0.6230202 0.3255903
vt 0.6207266 0.3297459
vt 0.6178368 0.332414
vt 0.6146332 0.3333333
vt 0.602812 0.3333333
vt 0.375 0.3333333
vt 0.602812 0.4166667
vt 0.625 0.3333333
vt 0.375 0.4166667
vt 0.375 0.5
vt 0.6146332 0.5
vt 0.6178367 0.4990807
vt 0.6207267 0.4964126
vt 0.6230201 0.492257
vt 0.6244927 0.4870206
vt 0.625 0.481216
vt 0.625 0.4354507
vt 0.6244926 0.4296462
vt 0.6230201 0.4244097
vt 0.6207266 0.4202541
vt 0.6178367 0.4175861
vt 0.6146332 0.4166667
vt 0.375 0.5
vt 0.375 0.75
vt 0.6146332 0.7500001
vt 0.6146332 0.5
vt 0.6178367 0.5
vt 0.6178367 0.75
vt 0.6207267 0.5
vt 0.6207267 0.75
vt 0.632743 0.5
vt 0.6327431 0.75
vt 0.6379794 0.5
vt 0.6379794 0.75
vt 0.643784 0.5
vt 0.643784 0.75
vt 0.6895493 0.75
vt 0.6895493 0.5
vt 0.6953539 0.5
vt 0.6953539 0.75
vt 0.7005903 0.5
vt 0.7005903 0.75
vt 0.7083333 0.5
vt 0.7083333 0.75
vt 0.7083333 0.5
vt 0.7083333 0.75
vt 0.7083333 0.5
vt 0.7083333 0.75
vt 0.7083333 0.5
vt 0.7083333 0.75
vt 0.8672569 0.75
vt 0.875 0.75
vt 0.875 0.5
vt 0.867257 0.5
vt 0.8620206 0.75
vt 0.8620206 0.5
vt 0.856216 0.75
vt 0.856216 0.5
vt 0.8104507 0.5
vt 0.8104507 0.75
vt 0.804646 0.75
vt 0.8046461 0.5
vt 0.7994097 0.75
vt 0.7994097 0.5
vt 0.7916666 0.75
vt 0.7916666 0.5
vt 0.7916666 0.5
vt 0.7916666 0.5
vt 0.7916666 0.75
vt 0.7916666 0.75
vt 0.7916666 0.5
vt 0.7916666 0.75
vt 0.7916666 0.5
vt 0.7916666 0.75
vt 0.6178367 0.7509193
vt 0.6146333 0.75
vt 0.375 0.75
vt 0.375 0.8333333
vt 0.6207267 0.7535874
vt 0.6230201 0.757743
vt 0.6244927 0.7629794
vt 0.625 0.768784
vt 0.625 0.8145493
vt 0.6244926 0.8203538
vt 0.6230202 0.8255903
vt 0.6207266 0.8297458
vt 0.6178368 0.832414
vt 0.6146332 0.8333333
vt 0.602812 0.8333334
vt 0.602812 0.9166666
vt 0.625 0.8333333
vt 0.375 0.9166666
vt 0.6178367 0.917586
vt 0.6146332 0.9166666
vt 0.375 1
vt 0.6207266 0.9202541
vt 0.6230201 0.9244097
vt 0.6244926 0.9296462
vt 0.625 0.9354507
vt 0.625 0.981216
vt 0.6244927 0.9870206
vt 0.6230201 0.992257
vt 0.6207267 0.9964126
vt 0.6178367 0.9990807
vt 0.6146332 1
vt 0.375 0
vt 0.375 0.25
vt 0.6146332 0.25
vt 0.6146332 0
vt 0.6178367 0
vt 0.6178367 0.25
vt 0.625 0
vt 0.625 0.25
vt 0.2916667 0.5
vt 0.375 0.75
vt 0.375 0.5
vt 0.2916667 0.75
vt 0.2083333 0.5
vt 0.2083333 0.75
vt 0.125 0.5
vt 0.125 0.75
vt 0.6178367 0.2509193
vt 0.6146333 0.25
vt 0.375 0.25
vt 0.6207267 0.2535874
vt 0.6230201 0.257743
vt 0.6244927 0.2629794
vt 0.625 0.268784
vt 0.625 0.3145493
vt 0.6244926 0.3203538
vt 0.6230202 0.3255903
vt 0.6207266 0.3297459
vt 0.6178368 0.332414
vt 0.6146332 0.3333333
vt 0.602812 0.3333333
vt 0.375 0.3333333
vt 0.602812 0.4166667
vt 0.625 0.3333333
vt 0.375 0.4166667
vt 0.375 0.5
vt 0.6146332 0.5
vt 0.6178367 0.4990807
vt 0.6207267 0.4964126
vt 0.6230201 0.492257
vt 0.6244927 0.4870206
vt 0.625 0.481216
vt 0.625 0.4354507
vt 0.6244926 0.4296462
vt 0.6230201 0.4244097
vt 0.6207266 0.4202541
vt 0.6178367 0.4175861
vt 0.6146332 0.4166667
vt 0.375 0.5
vt 0.375 0.75
vt 0.6146332 0.7500001
vt 0.6146332 0.5
vt 0.6178367 0.5
vt 0.6178367 0.75
vt 0.6207267 0.5
vt 0.6207267 0.75
vt 0.632743 0.5
vt 0.6327431 0.75
vt 0.6379794 0.5
vt 0.6379794 0.75
vt 0.643784 0.5
vt 0.643784 0.75
vt 0.6895493 0.75
vt 0.6895493 0.5
vt 0.6953539 0.5
vt 0.6953539 0.75
vt 0.7005903 0.5
vt 0.7005903 0.75
vt 0.7083333 0.5
vt 0.7083333 0.75
vt 0.7083333 0.5
vt 0.7083333 0.75
vt 0.7083333 0.5
vt 0.7083333 0.75
vt 0.7083333 0.5
vt 0.7083333 0.75
vt 0.8672569 0.75
vt 0.875 0.75
vt 0.875 0.5
vt 0.867257 0.5
vt 0.8620206 0.75
vt 0.8620206 0.5
vt 0.856216 0.75
vt 0.856216 0.5
vt 0.8104507 0.5
vt 0.8104507 0.75
vt 0.804646 0.75
vt 0.8046461 0.5
vt 0.7994097 0.75
vt 0.7994097 0.5
vt 0.7916666 0.75
vt 0.7916666 0.5
vt 0.7916666 0.5
vt 0.7916666 0.5
vt 0.7916666 0.75
vt 0.7916666 0.75
vt 0.7916666 0.5
vt 0.7916666 0.75
vt 0.7916666 0.5
vt 0.7916666 0.75
vt 0.6178367 0.7509193
vt 0.6146333 0.75
vt 0.375 0.75
vt 0.375 0.8333333
vt 0.6207267 0.7535874
vt 0.6230201 0.757743
vt 0.6244927 0.7629794
vt 0.625 0.768784
vt 0.625 0.8145493
vt 0.6244926 0.8203538
vt 0.6230202 0.8255903
vt 0.6207266 0.8297458
vt 0.6178368 0.832414
vt 0.6146332 0.8333333
vt 0.602812 0.8333334
vt 0.602812 0.9166666
vt 0.625 0.8333333
vt 0.375 0.9166666
vt 0.6178367 0.917586
vt 0.6146332 0.9166666
vt 0.375 1
vt 0.6207266 0.9202541
vt 0.6230201 0.9244097
vt 0.6244926 0.9296462
vt 0.625 0.9354507
vt 0.625 0.981216
vt 0.6244927 0.9870206
vt 0.6230201 0.992257
vt 0.6207267 0.9964126
vt 0.6178367 0.9990807
vt 0.6146332 1
vt 0.375 0
vt 0.375 0.25
vt 0.6146332 0.25
vt 0.6146332 0
vt 0.6178367 0
vt 0.6178367 0.25
vt 0.625 0
vt 0.625 0.25
vt 0.2916667 0.5
vt 0.375 0.75
vt 0.375 0.5
vt 0.2916667 0.75
vt 0.2083333 0.5
vt 0.2083333 0.75
vt 0.125 0.5
vt 0.125 0.75
vt 0.6178367 0.2509193
vt 0.6146333 0.25
vt 0.375 0.25
vt 0.6207267 0.2535874
vt 0.6230201 0.257743
vt 0.6244927 0.2629794
vt 0.625 0.268784
vt 0.625 0.3145493
vt 0.6244926 0.3203538
vt 0.6230202 0.3255903
vt 0.6207266 0.3297459
vt 0.6178368 0.332414
vt 0.6146332 0.3333333
vt 0.602812 0.3333333
vt 0.375 0.3333333
vt 0.602812 0.4166667
vt 0.625 0.3333333
vt 0.375 0.4166667
vt 0.375 0.5
vt 0.6146332 0.5
vt 0.6178367 0.4990807
vt 0.6207267 0.4964126
vt 0.6230201 0.492257
vt 0.6244927 0.4870206
vt 0.625 0.481216
vt 0.625 0.4354507
vt 0.6244926 0.4296462
vt 0.6230201 0.4244097
vt 0.6207266 0.4202541
vt 0.6178367 0.4175861
vt 0.6146332 0.4166667
vt 0.375 0.5
vt 0.375 0.75
vt 0.6146332 0.7500001
vt 0.6146332 0.5
vt 0.6178367 0.5
vt 0.6178367 0.75
vt 0.6207267 0.5
vt 0.6207267 0.75
vt 0.632743 0.5
vt 0.6327431 0.75
vt 0.6379794 0.5
vt 0.6379794 0.75
vt 0.643784 0.5
vt 0.643784 0.75
vt 0.6895493 0.75
vt 0.6895493 0.5
vt 0.6953539 0.5
vt 0.6953539 0.75
vt 0.7005903 0.5
vt 0.7005903 0.75
vt 0.7083333 0.5
vt 0.7083333 0.75
vt 0.7083333 0.5
vt 0.7083333 0.75
vt 0.7083333 0.5
vt 0.7083333 0.75
vt 0.7083333 0.5
vt 0.7083333 0.75
vt 0.8672569 0.75
vt 0.875 0.75
vt 0.875 0.5
vt 0.867257 0.5
vt 0.8620206 0.75
vt 0.8620206 0.5
vt 0.856216 0.75
vt 0.856216 0.5
vt 0.8104507 0.5
vt 0.8104507 0.75
vt 0.804646 0.75
vt 0.8046461 0.5
vt 0.7994097 0.75
vt 0.7994097 0.5
vt 0.7916666 0.75
vt 0.7916666 0.5
vt 0.7916666 0.5
vt 0.7916666 0.5
vt 0.7916666 0.75
vt 0.7916666 0.75
vt 0.7916666 0.5
vt 0.7916666 0.75
vt 0.7916666 0.5
vt 0.7916666 0.75
vt 0.6178367 0.7509193
vt 0.6146333 0.75
vt 0.375 0.75
vt 0.375 0.8333333
vt 0.6207267 0.7535874
vt 0.6230201 0.757743
vt 0.6244927 0.7629794
vt 0.625 0.768784
vt 0.625 0.8145493
vt 0.6244926 0.8203538
vt 0.6230202 0.8255903
vt 0.6207266 0.8297458
vt 0.6178368 0.832414
vt 0.6146332 0.8333333
vt 0.602812 0.8333334
vt 0.602812 0.9166666
vt 0.625 0.8333333
vt 0.375 0.9166666
vt 0.6178367 0.917586
vt 0.6146332 0.9166666
vt 0.375 1
vt 0.6207266 0.9202541
vt 0.6230201 0.9244097
vt 0.6244926 0.9296462
vt 0.625 0.9354507
vt 0.625 0.981216
vt 0.6244927 0.9870206
vt 0.6230201 0.992257
vt 0.6207267 0.9964126
vt 0.6178367 0.9990807
vt 0.6146332 1
vt 0.375 0
vt 0.375 0.25
vt 0.6146332 0.25
vt 0.6146332 0
vt 0.6178367 0
vt 0.6178367 0.25
vt 0.625 0
vt 0.625 0.25
vt 0.2916667 0.5
vt 0.375 0.75
vt 0.375 0.5
vt 0.2916667 0.75
vt 0.2083333 0.5
vt 0.2083333 0.75
vt 0.125 0.5
vt 0.125 0.75
vt 0.6178367 0.2509193
vt 0.6146333 0.25
vt 0.375 0.25
vt 0.6207267 0.2535874
vt 0.6230201 0.257743
vt 0.6244927 0.2629794
vt 0.625 0.268784
vt 0.625 0.3145493
vt 0.6244926 0.3203538
vt 0.6230202 0.3255903
vt 0.6207266 0.3297459
vt 0.6178368 0.332414
vt 0.6146332 0.3333333
vt 0.602812 0.3333333
vt 0.375 0.3333333
vt 0.602812 0.4166667
vt 0.625 0.3333333
vt 0.375 0.4166667
vt 0.375 0.5
vt 0.6146332 0.5
vt 0.6178367 0.4990807
vt 0.6207267 0.4964126
vt 0.6230201 0.492257
vt 0.6244927 0.4870206
vt 0.625 0.481216
vt 0.625 0.4354507
vt 0.6244926 0.4296462
vt 0.6230201 0.4244097
vt 0.6207266 0.4202541
vt 0.6178367 0.4175861
vt 0.6146332 0.4166667
vt 0.375 0.5
vt 0.375 0.75
vt 0.6146332 0.7500001
vt 0.6146332 0.5
vt 0.6178367 0.5
vt 0.6178367 0.75
vt 0.6207267 0.5
vt 0.6207267 0.75
vt 0.632743 0.5
vt 0.6327431 0.75
vt 0.6379794 0.5
vt 0.6379794 0.75
vt 0.643784 0.5
vt 0.643784 0.75
vt 0.6895493 0.75
vt 0.6895493 0.5
vt 0.6953539 0.5
vt 0.6953539 0.75
vt 0.7005903 0.5
vt 0.7005903 0.75
vt 0.7083333 0.5
vt 0.7083333 0.75
vt 0.7083333 0.5
vt 0.7083333 0.75
vt 0.7083333 0.5
vt 0.7083333 0.75
vt 0.7083333 0.5
vt 0.7083333 0.75
vt 0.8672569 0.75
vt 0.875 0.75
vt 0.875 0.5
vt 0.867257 0.5
vt 0.8620206 0.75
vt 0.8620206 0.5
vt 0.856216 0.75
vt 0.856216 0.5
vt 0.8104507 0.5
vt 0.8104507 0.75
vt 0.804646 0.75
vt 0.8046461 0.5
vt 0.7994097 0.75
vt 0.7994097 0.5
vt 0.7916666 0.75
vt 0.7916666 0.5
vt 0.7916666 0.5
vt 0.7916666 0.5
vt 0.7916666 0.75
vt 0.7916666 0.75
vt 0.7916666 0.5
vt 0.7916666 0.75
vt 0.7916666 0.5
vt 0.7916666 0.75
vt 0.6178367 0.7509193
vt 0.6146333 0.75
vt 0.375 0.75
vt 0.375 0.8333333
vt 0.6207267 0.7535874
vt 0.6230201 0.757743
vt 0.6244927 0.7629794
vt 0.625 0.768784
vt 0.625 0.8145493
vt 0.6244926 0.8203538
vt 0.6230202 0.8255903
vt 0.6207266 0.8297458
vt 0.6178368 0.832414
vt 0.6146332 0.8333333
vt 0.602812 0.8333334
vt 0.602812 0.9166666
vt 0.625 0.8333333
vt 0.375 0.9166666
vt 0.6178367 0.917586
vt 0.6146332 0.9166666
vt 0.375 1
vt 0.6207266 0.9202541
vt 0.6230201 0.9244097
vt 0.6244926 0.9296462
vt 0.625 0.9354507
vt 0.625 0.981216
vt 0.6244927 0.9870206
vt 0.6230201 0.992257
vt 0.6207267 0.9964126
vt 0.6178367 0.9990807
vt 0.6146332 1
vt 0.375 0
vt 0.375 0.25
vt 0.6146332 0.25
vt 0.6146332 0
vt 0.6178367 0
vt 0.6178367 0.25
vt 0.625 0
vt 0.625 0.25
vt 0.2916667 0.5
vt 0.375 0.75
vt 0.375 0.5
vt 0.2916667 0.75
vt 0.2083333 0.5
vt 0.2083333 0.75
vt 0.125 0.5
vt 0.125 0.75
vt 0.6178367 0.2509193
vt 0.6146333 0.25
vt 0.375 0.25
vt 0.6207267 0.2535874
vt 0.6230201 0.257743
vt 0.6244927 0.2629794
vt 0.625 0.268784
vt 0.625 0.3145493
vt 0.6244926 0.3203538
vt 0.6230202 0.3255903
vt 0.6207266 0.3297459
vt 0.6178368 0.332414
vt 0.6146332 0.3333333
vt 0.602812 0.3333333
vt 0.375 0.3333333
vt 0.602812 0.4166667
vt 0.625 0.3333333
vt 0.375 0.4166667
vt 0.375 0.5
vt 0.6146332 0.5
vt 0.6178367 0.4990807
vt 0.6207267 0.4964126
vt 0.6230201 0.492257
vt 0.6244927 0.4870206
vt 0.625 0.481216
vt 0.625 0.4354507
vt 0.6244926 0.4296462
vt 0.6230201 0.4244097
vt 0.6207266 0.4202541
vt 0.6178367 0.4175861
vt 0.6146332 0.4166667
vt 0.375 0.5
vt 0.375 0.75
vt 0.6146332 0.7500001
vt 0.6146332 0.5
vt 0.6178367 0.5
vt 0.6178367 0.75
vt 0.6207267 0.5
vt 0.6207267 0.75
vt 0.632743 0.5
vt 0.6327431 0.75
vt 0.6379794 0.5
vt 0.6379794 0.75
vt 0.643784 0.5
vt 0.643784 0.75
vt 0.6895493 0.75
vt 0.6895493 0.5
vt 0.6953539 0.5
vt 0.6953539 0.75
vt 0.7005903 0.5
vt 0.7005903 0.75
vt 0.7083333 0.5
vt 0.7083333 0.75
vt 0.7083333 0.5
vt 0.7083333 0.75
vt 0.7083333 0.5
vt 0.7083333 0.75
vt 0.7083333 0.5
vt 0.7083333 0.75
vt 0.8672569 0.75
vt 0.875 0.75
vt 0.875 0.5
vt 0.867257 0.5
vt 0.8620206 0.75
vt 0.8620206 0.5
vt 0.856216 0.75
vt 0.856216 0.5
vt 0.8104507 0.5
vt 0.8104507 0.75
vt 0.804646 0.75
vt 0.8046461 0.5
vt 0.7994097 0.75
vt 0.7994097 0.5
vt 0.7916666 0.75
vt 0.7916666 0.5
vt 0.7916666 0.5
vt 0.7916666 0.5
vt 0.7916666 0.75
vt 0.7916666 0.75
vt 0.7916666 0.5
vt 0.7916666 0.75
vt 0.7916666 0.5
vt 0.7916666 0.75
vt 0.6178367 0.7509193
vt 0.6146333 0.75
vt 0.375 0.75
vt 0.375 0.8333333
vt 0.6207267 0.7535874
vt 0.6230201 0.757743
vt 0.6244927 0.7629794
vt 0.625 0.768784
vt 0.625 0.8145493
vt 0.6244926 0.8203538
vt 0.6230202 0.8255903
vt 0.6207266 0.8297458
vt 0.6178368 0.832414
vt 0.6146332 0.8333333
vt 0.602812 0.8333334
vt 0.602812 0.9166666
vt 0.625 0.8333333
vt 0.375 0.9166666
vt 0.6178367 0.917586
vt 0.6146332 0.9166666
vt 0.375 1
vt 0.6207266 0.9202541
vt 0.6230201 0.9244097
vt 0.6244926 0.9296462
vt 0.625 0.9354507
vt 0.625 0.981216
vt 0.6244927 0.9870206
vt 0.6230201 0.992257
vt 0.6207267 0.9964126
vt 0.6178367 0.9990807
vt 0.6146332 1
vt 0.375 0
vt 0.375 0.25
vt 0.6146332 0.25
vt 0.6146332 0
vt 0.6178367 0
vt 0.6178367 0.25
vt 0.625 0
vt 0.625 0.25
vt 0.2916667 0.5
vt 0.375 0.75
vt 0.375 0.5
vt 0.2916667 0.75
vt 0.2083333 0.5
vt 0.2083333 0.75
vt 0.125 0.5
vt 0.125 0.75
vt 0.6178367 0.2509193
vt 0.6146333 0.25
vt 0.375 0.25
vt 0.6207267 0.2535874
vt 0.6230201 0.257743
vt 0.6244927 0.2629794
vt 0.625 0.268784
vt 0.625 0.3145493
vt 0.6244926 0.3203538
vt 0.6230202 0.3255903
vt 0.6207266 0.3297459
vt 0.6178368 0.332414
vt 0.6146332 0.3333333
vt 0.602812 0.3333333
vt 0.375 0.3333333
vt 0.602812 0.4166667
vt 0.625 0.3333333
vt 0.375 0.4166667
vt 0.375 0.5
vt 0.6146332 0.5
vt 0.6178367 0.4990807
vt 0.6207267 0.4964126
vt 0.6230201 0.492257
vt 0.6244927 0.4870206
vt 0.625 0.481216
vt 0.625 0.4354507
vt 0.6244926 0.4296462
vt 0.6230201 0.4244097
vt 0.6207266 0.4202541
vt 0.6178367 0.4175861
vt 0.6146332 0.4166667
vt 0.375 0.5
vt 0.375 0.75
vt 0.6146332 0.7500001
vt 0.6146332 0.5
vt 0.6178367 0.5
vt 0.6178367 0.75
vt 0.6207267 0.5
vt 0.6207267 0.75
vt 0.632743 0.5
vt 0.6327431 0.75
vt 0.6379794 0.5
vt 0.6379794 0.75
vt 0.643784 0.5
vt 0.643784 0.75
vt 0.6895493 0.75
vt 0.6895493 0.5
vt 0.6953539 0.5
vt 0.6953539 0.75
vt 0.7005903 0.5
vt 0.7005903 0.75
vt 0.7083333 0.5
vt 0.7083333 0.75
vt 0.7083333 0.5
vt 0.7083333 0.75
vt 0.7083333 0.5
vt 0.7083333 0.75
vt 0.7083333 0.5
vt 0.7083333 0.75
vt 0.8672569 0.75
vt 0.875 0.75
vt 0.875 0.5
vt 0.867257 0.5
vt 0.8620206 0.75
vt 0.8620206 0.5
vt 0.856216 0.75
vt 0.856216 0.5
vt 0.8104507 0.5
vt 0.8104507 0.75
vt 0.804646 0.75
vt 0.8046461 0.5
vt 0.7994097 0.75
vt 0.7994097 0.5
vt 0.7916666 0.75
vt 0.7916666 0.5
vt 0.7916666 0.5
vt 0.7916666 0.5
vt 0.7916666 0.75
vt 0.7916666 0.75
vt 0.7916666 0.5
vt 0.7916666 0.75
vt 0.7916666 0.5
vt 0.7916666 0.75
vt 0.6178367 0.7509193
vt 0.6146333 0.75
vt 0.375 0.75
vt 0.375 0.8333333
vt 0.6207267 0.7535874
vt 0.6230201 0.757743
vt 0.6244927 0.7629794
vt 0.625 0.768784
vt 0.625 0.8145493
vt 0.6244926 0.8203538
vt 0.6230202 0.8255903
vt 0.6207266 0.8297458
vt 0.6178368 0.832414
vt 0.6146332 0.8333333
vt 0.602812 0.8333334
vt 0.602812 0.9166666
vt 0.625 0.8333333
vt 0.375 0.9166666
vt 0.6178367 0.917586
vt 0.6146332 0.9166666
vt 0.375 1
vt 0.6207266 0.9202541
vt 0.6230201 0.9244097
vt 0.6244926 0.9296462
vt 0.625 0.9354507
vt 0.625 0.981216
vt 0.6244927 0.9870206
vt 0.6230201 0.992257
vt 0.6207267 0.9964126
vt 0.6178367 0.9990807
vt 0.6146332 1
vt 0.375 0
vt 0.375 0.25
vt 0.6146332 0.25
vt 0.6146332 0
vt 0.6178367 0
vt 0.6178367 0.25
vt 0.625 0
vt 0.625 0.25
vt 0.2916667 0.5
vt 0.375 0.75
vt 0.375 0.5
vt 0.2916667 0.75
vt 0.2083333 0.5
vt 0.2083333 0.75
vt 0.125 0.5
vt 0.125 0.75
vt 0.6178367 0.2509193
vt 0.6146333 0.25
vt 0.375 0.25
vt 0.6207267 0.2535874
vt 0.6230201 0.257743
vt 0.6244927 0.2629794
vt 0.625 0.268784
vt 0.625 0.3145493
vt 0.6244926 0.3203538
vt 0.6230202 0.3255903
vt 0.6207266 0.3297459
vt 0.6178368 0.332414
vt 0.6146332 0.3333333
vt 0.602812 0.3333333
vt 0.375 0.3333333
vt 0.602812 0.4166667
vt 0.625 0.3333333
vt 0.375 0.4166667
vt 0.375 0.5
vt 0.6146332 0.5
vt 0.6178367 0.4990807
vt 0.6207267 0.4964126
vt 0.6230201 0.492257
vt 0.6244927 0.4870206
vt 0.625 0.481216
vt 0.625 0.4354507
vt 0.6244926 0.4296462
vt 0.6230201 0.4244097
vt 0.6207266 0.4202541
vt 0.6178367 0.4175861
vt 0.6146332 0.4166667
vt 0.375 0.5
vt 0.375 0.75
vt 0.6146332 0.7500001
vt 0.6146332 0.5
vt 0.6178367 0.5
vt 0.6178367 0.75
vt 0.6207267 0.5
vt 0.6207267 0.75
vt 0.632743 0.5
vt 0.6327431 0.75
vt 0.6379794 0.5
vt 0.6379794 0.75
vt 0.643784 0.5
vt 0.643784 0.75
vt 0.6895493 0.75
vt 0.6895493 0.5
vt 0.6953539 0.5
vt 0.6953539 0.75
vt 0.7005903 0.5
vt 0.7005903 0.75
vt 0.7083333 0.5
vt 0.7083333 0.75
vt 0.7083333 0.5
vt 0.7083333 0.75
vt 0.7083333 0.5
vt 0.7083333 0.75
vt 0.7083333 0.5
vt 0.7083333 0.75
vt 0.8672569 0.75
vt 0.875 0.75
vt 0.875 0.5
vt 0.867257 0.5
vt 0.8620206 0.75
vt 0.8620206 0.5
vt 0.856216 0.75
vt 0.856216 0.5
vt 0.8104507 0.5
vt 0.8104507 0.75
vt 0.804646 0.75
vt 0.8046461 0.5
vt 0.7994097 0.75
vt 0.7994097 0.5
vt 0.7916666 0.75
vt 0.7916666 0.5
vt 0.7916666 0.5
vt 0.7916666 0.5
vt 0.7916666 0.75
vt 0.7916666 0.75
vt 0.7916666 0.5
vt 0.7916666 0.75
vt 0.7916666 0.5
vt 0.7916666 0.75
vt 0.6178367 0.7509193
vt 0.6146333 0.75
vt 0.375 0.75
vt 0.375 0.8333333
vt 0.6207267 0.7535874
vt 0.6230201 0.757743
vt 0.6244927 0.7629794
vt 0.625 0.768784
vt 0.625 0.8145493
vt 0.6244926 0.8203538
vt 0.6230202 0.8255903
vt 0.6207266 0.8297458
vt 0.6178368 0.832414
vt 0.6146332 0.8333333
vt 0.602812 0.8333334
vt 0.602812 0.9166666
vt 0.625 0.8333333
vt 0.375 0.9166666
vt 0.6178367 0.917586
vt 0.6146332 0.9166666
vt 0.375 1
vt 0.6207266 0.9202541
vt 0.6230201 0.9244097
vt 0.6244926 0.9296462
vt 0.625 0.9354507
vt 0.625 0.981216
vt 0.6244927 0.9870206
vt 0.6230201 0.992257
vt 0.6207267 0.9964126
vt 0.6178367 0.9990807
vt 0.6146332 1
vt 0.375 0
vt 0.375 0.25
vt 0.6146332 0.25
vt 0.6146332 0
vt 0.6178367 0
vt 0.6178367 0.25
vt 0.625 0
vt 0.625 0.25
vt 0.2916667 0.5
vt 0.375 0.75
vt 0.375 0.5
vt 0.2916667 0.75
vt 0.2083333 0.5
vt 0.2083333 0.75
vt 0.125 0.5
vt 0.125 0.75
vt 0.6178367 0.2509193
vt 0.6146333 0.25
vt 0.375 0.25
vt 0.6207267 0.2535874
vt 0.6230201 0.257743
vt 0.6244927 0.2629794
vt 0.625 0.268784
vt 0.625 0.3145493
vt 0.6244926 0.3203538
vt 0.6230202 0.3255903
vt 0.6207266 0.3297459
vt 0.6178368 0.332414
vt 0.6146332 0.3333333
vt 0.602812 0.3333333
vt 0.375 0.3333333
vt 0.602812 0.4166667
vt 0.625 0.3333333
vt 0.375 0.4166667
vt 0.375 0.5
vt 0.6146332 0.5
vt 0.6178367 0.4990807
vt 0.6207267 0.4964126
vt 0.6230201 0.492257
vt 0.6244927 0.4870206
vt 0.625 0.481216
vt 0.625 0.4354507
vt 0.6244926 0.4296462
vt 0.6230201 0.4244097
vt 0.6207266 0.4202541
vt 0.6178367 0.4175861
vt 0.6146332 0.4166667
vt 0.375 0.5
vt 0.375 0.75
vt 0.6146332 0.7500001
vt 0.6146332 0.5
vt 0.6178367 0.5
vt 0.6178367 0.75
vt 0.6207267 0.5
vt 0.6207267 0.75
vt 0.632743 0.5
vt 0.6327431 0.75
vt 0.6379794 0.5
vt 0.6379794 0.75
vt 0.643784 0.5
vt 0.643784 0.75
vt 0.6895493 0.75
vt 0.6895493 0.5
vt 0.6953539 0.5
vt 0.6953539 0.75
vt 0.7005903 0.5
vt 0.7005903 0.75
vt 0.7083333 0.5
vt 0.7083333 0.75
vt 0.7083333 0.5
vt 0.7083333 0.75
vt 0.7083333 0.5
vt 0.7083333 0.75
vt 0.7083333 0.5
vt 0.7083333 0.75
vt 0.8672569 0.75
vt 0.875 0.75
vt 0.875 0.5
vt 0.867257 0.5
vt 0.8620206 0.75
vt 0.8620206 0.5
vt 0.856216 0.75
vt 0.856216 0.5
vt 0.8104507 0.5
vt 0.8104507 0.75
vt 0.804646 0.75
vt 0.8046461 0.5
vt 0.7994097 0.75
vt 0.7994097 0.5
vt 0.7916666 0.75
vt 0.7916666 0.5
vt 0.7916666 0.5
vt 0.7916666 0.5
vt 0.7916666 0.75
vt 0.7916666 0.75
vt 0.7916666 0.5
vt 0.7916666 0.75
vt 0.7916666 0.5
vt 0.7916666 0.75
vt 0.6178367 0.7509193
vt 0.6146333 0.75
vt 0.375 0.75
vt 0.375 0.8333333
vt 0.6207267 0.7535874
vt 0.6230201 0.757743
vt 0.6244927 0.7629794
vt 0.625 0.768784
vt 0.625 0.8145493
vt 0.6244926 0.8203538
vt 0.6230202 0.8255903
vt 0.6207266 0.8297458
vt 0.6178368 0.832414
vt 0.6146332 0.8333333
vt 0.602812 0.8333334
vt 0.602812 0.9166666
vt 0.625 0.8333333
vt 0.375 0.9166666
vt 0.6178367 0.917586
vt 0.6146332 0.9166666
vt 0.375 1
vt 0.6207266 0.9202541
vt 0.6230201 0.9244097
vt 0.6244926 0.9296462
vt 0.625 0.9354507
vt 0.625 0.981216
vt 0.6244927 0.9870206
vt 0.6230201 0.992257
vt 0.6207267 0.9964126
vt 0.6178367 0.9990807
vt 0.6146332 1
vt 0.375 0
vt 0.375 0.25
vt 0.6146332 0.25
vt 0.6146332 0
vt 0.6178367 0
vt 0.6178367 0.25
vt 0.625 0
vt 0.625 0.25
vt 0.2916667 0.5
vt 0.375 0.75
vt 0.375 0.5
vt 0.2916667 0.75
vt 0.2083333 0.5
vt 0.2083333 0.75
vt 0.125 0.5
vt 0.125 0.75
vt 0.6178367 0.2509193
vt 0.6146333 0.25
vt 0.375 0.25
vt 0.6207267 0.2535874
vt 0.6230201 0.257743
vt 0.6244927 0.2629794
vt 0.625 0.268784
vt 0.625 0.3145493
vt 0.6244926 0.3203538
vt 0.6230202 0.3255903
vt 0.6207266 0.3297459
vt 0.6178368 0.332414
vt 0.6146332 0.3333333
vt 0.602812 0.3333333
vt 0.375 0.3333333
vt 0.602812 0.4166667
vt 0.625 0.3333333
vt 0.375 0.4166667
vt 0.375 0.5
vt 0.6146332 0.5
vt 0.6178367 0.4990807
vt 0.6207267 0.4964126
vt 0.6230201 0.492257
vt 0.6244927 0.4870206
vt 0.625 0.481216
vt 0.625 0.4354507
vt 0.6244926 0.4296462
vt 0.6230201 0.4244097
vt 0.6207266 0.4202541
vt 0.6178367 0.4175861
vt 0.6146332 0.4166667
vt 0.375 0.5
vt 0.375 0.75
vt 0.6146332 0.7500001
vt 0.6146332 0.5
vt 0.6178367 0.5
vt 0.6178367 0.75
vt 0.6207267 0.5
vt 0.6207267 0.75
vt 0.632743 0.5
vt 0.6327431 0.75
vt 0.6379794 0.5
vt 0.6379794 0.75
vt 0.643784 0.5
vt 0.643784 0.75
vt 0.6895493 0.75
vt 0.6895493 0.5
vt 0.6953539 0.5
vt 0.6953539 0.75
vt 0.7005903 0.5
vt 0.7005903 0.75
vt 0.7083333 0.5
vt 0.7083333 0.75
vt 0.7083333 0.5
vt 0.7083333 0.75
vt 0.7083333 0.5
vt 0.7083333 0.75
vt 0.7083333 0.5
vt 0.7083333 0.75
vt 0.8672569 0.75
vt 0.875 0.75
vt 0.875 0.5
vt 0.867257 0.5
vt 0.8620206 0.75
vt 0.8620206 0.5
vt 0.856216 0.75
vt 0.856216 0.5
vt 0.8104507 0.5
vt 0.8104507 0.75
vt 0.804646 0.75
vt 0.8046461 0.5
vt 0.7994097 0.75
vt 0.7994097 0.5
vt 0.7916666 0.75
vt 0.7916666 0.5
vt 0.7916666 0.5
vt 0.7916666 0.5
vt 0.7916666 0.75
vt 0.7916666 0.75
vt 0.7916666 0.5
vt 0.7916666 0.75
vt 0.7916666 0.5
vt 0.7916666 0.75
vt 0.6178367 0.7509193
vt 0.6146333 0.75
vt 0.375 0.75
vt 0.375 0.8333333
vt 0.6207267 0.7535874
vt 0.6230201 0.757743
vt 0.6244927 0.7629794
vt 0.625 0.768784
vt 0.625 0.8145493
vt 0.6244926 0.8203538
vt 0.6230202 0.8255903
vt 0.6207266 0.8297458
vt 0.6178368 0.832414
vt 0.6146332 0.8333333
vt 0.602812 0.8333334
vt 0.602812 0.9166666
vt 0.625 0.8333333
vt 0.375 0.9166666
vt 0.6178367 0.917586
vt 0.6146332 0.9166666
vt 0.375 1
vt 0.6207266 0.9202541
vt 0.6230201 0.9244097
vt 0.6244926 0.9296462
vt 0.625 0.9354507
vt 0.625 0.981216
vt 0.6244927 0.9870206
vt 0.6230201 0.992257
vt 0.6207267 0.9964126
vt 0.6178367 0.9990807
vt 0.6146332 1
vt 0.375 0
vt 0.375 0.25
vt 0.6146332 0.25
vt 0.6146332 0
vt 0.6178367 0
vt 0.6178367 0.25
vt 0.625 0
vt 0.625 0.25
vt 0.2916667 0.5
vt 0.375 0.75
vt 0.375 0.5
vt 0.2916667 0.75
vt 0.2083333 0.5
vt 0.2083333 0.75
vt 0.125 0.5
vt 0.125 0.75
vt 0.6178367 0.2509193
vt 0.6146333 0.25
vt 0.375 0.25
vt 0.6207267 0.2535874
vt 0.6230201 0.257743
vt 0.6244927 0.2629794
vt 0.625 0.268784
vt 0.625 0.3145493
vt 0.6244926 0.3203538
vt 0.6230202 0.3255903
vt 0.6207266 0.3297459
vt 0.6178368 0.332414
vt 0.6146332 0.3333333
vt 0.602812 0.3333333
vt 0.375 0.3333333
vt 0.602812 0.4166667
vt 0.625 0.3333333
vt 0.375 0.4166667
vt 0.375 0.5
vt 0.6146332 0.5
vt 0.6178367 0.4990807
vt 0.6207267 0.4964126
vt 0.6230201 0.492257
vt 0.6244927 0.4870206
vt 0.625 0.481216
vt 0.625 0.4354507
vt 0.6244926 0.4296462
vt 0.6230201 0.4244097
vt 0.6207266 0.4202541
vt 0.6178367 0.4175861
vt 0.6146332 0.4166667
vt 0.375 0.5
vt 0.375 0.75
vt 0.6146332 0.7500001
vt 0.6146332 0.5
vt 0.6178367 0.5
vt 0.6178367 0.75
vt 0.6207267 0.5
vt 0.6207267 0.75
vt 0.632743 0.5
vt 0.6327431 0.75
vt 0.6379794 0.5
vt 0.6379794 0.75
vt 0.643784 0.5
vt 0.643784 0.75
vt 0.6895493 0.75
vt 0.6895493 0.5
vt 0.6953539 0.5
vt 0.6953539 0.75
vt 0.7005903 0.5
vt 0.7005903 0.75
vt 0.7083333 0.5
vt 0.7083333 0.75
vt 0.7083333 0.5
vt 0.7083333 0.75
vt 0.7083333 0.5
vt 0.7083333 0.75
vt 0.7083333 0.5
vt 0.7083333 0.75
vt 0.8672569 0.75
vt 0.875 0.75
vt 0.875 0.5
vt 0.867257 0.5
vt 0.8620206 0.75
vt 0.8620206 0.5
vt 0.856216 0.75
vt 0.856216 0.5
vt 0.8104507 0.5
vt 0.8104507 0.75
vt 0.804646 0.75
vt 0.8046461 0.5
vt 0.7994097 0.75
vt 0.7994097 0.5
vt 0.7916666 0.75
vt 0.7916666 0.5
vt 0.7916666 0.5
vt 0.7916666 0.5
vt 0.7916666 0.75
vt 0.7916666 0.75
vt 0.7916666 0.5
vt 0.7916666 0.75
vt 0.7916666 0.5
vt 0.7916666 0.75
vt 0.6178367 0.7509193
vt 0.6146333 0.75
vt 0.375 0.75
vt 0.375 0.8333333
vt 0.6207267 0.7535874
vt 0.6230201 0.757743
vt 0.6244927 0.7629794
vt 0.625 0.768784
vt 0.625 0.8145493
vt 0.6244926 0.8203538
vt 0.6230202 0.8255903
vt 0.6207266 0.8297458
vt 0.6178368 0.832414
vt 0.6146332 0.8333333
vt 0.602812 0.8333334
vt 0.602812 0.9166666
vt 0.625 0.8333333
vt 0.375 0.9166666
vt 0.6178367 0.917586
vt 0.6146332 0.9166666
vt 0.375 1
vt 0.6207266 0.9202541
vt 0.6230201 0.9244097
vt 0.6244926 0.9296462
vt 0.625 0.9354507
vt 0.625 0.981216
vt 0.6244927 0.9870206
vt 0.6230201 0.992257
vt 0.6207267 0.9964126
vt 0.6178367 0.9990807
vt 0.6146332 1
vt 0.375 0
vt 0.375 0.25
vt 0.6146332 0.25
vt 0.6146332 0
vt 0.6178367 0
vt 0.6178367 0.25
vt 0.625 0
vt 0.625 0.25
vt 0.2916667 0.5
vt 0.375 0.75
vt 0.375 0.5
vt 0.2916667 0.75
vt 0.2083333 0.5
vt 0.2083333 0.75
vt 0.125 0.5
vt 0.125 0.75
vt 0.6178367 0.2509193
vt 0.6146333 0.25
vt 0.375 0.25
vt 0.6207267 0.2535874
vt 0.6230201 0.257743
vt 0.6244927 0.2629794
vt 0.625 0.268784
vt 0.625 0.3145493
vt 0.6244926 0.3203538
vt 0.6230202 0.3255903
vt 0.6207266 0.3297459
vt 0.6178368 0.332414
vt 0.6146332 0.3333333
vt 0.602812 0.3333333
vt 0.375 0.3333333
vt 0.602812 0.4166667
vt 0.625 0.3333333
vt 0.375 0.4166667
vt 0.375 0.5
vt 0.6146332 0.5
vt 0.6178367 0.4990807
vt 0.6207267 0.4964126
vt 0.6230201 0.492257
vt 0.6244927 0.4870206
vt 0.625 0.481216
vt 0.625 0.4354507
vt 0.6244926 0.4296462
vt 0.6230201 0.4244097
vt 0.6207266 0.4202541
vt 0.6178367 0.4175861
vt 0.6146332 0.4166667
vt 0.375 0.5
vt 0.375 0.75
vt 0.6146332 0.7500001
vt 0.6146332 0.5
vt 0.6178367 0.5
vt 0.6178367 0.75
vt 0.6207267 0.5
vt 0.6207267 0.75
vt 0.632743 0.5
vt 0.6327431 0.75
vt 0.6379794 0.5
vt 0.6379794 0.75
vt 0.643784 0.5
vt 0.643784 0.75
vt 0.6895493 0.75
vt 0.6895493 0.5
vt 0.6953539 0.5
vt 0.6953539 0.75
vt 0.7005903 0.5
vt 0.7005903 0.75
vt 0.7083333 0.5
vt 0.7083333 0.75
vt 0.7083333 0.5
vt 0.7083333 0.75
vt 0.7083333 0.5
vt 0.7083333 0.75
vt 0.7083333 0.5
vt 0.7083333 0.75
vt 0.8672569 0.75
vt 0.875 0.75
vt 0.875 0.5
vt 0.867257 0.5
vt 0.8620206 0.75
vt 0.8620206 0.5
vt 0.856216 0.75
vt 0.856216 0.5
vt 0.8104507 0.5
vt 0.8104507 0.75
vt 0.804646 0.75
vt 0.8046461 0.5
vt 0.7994097 0.75
vt 0.7994097 0.5
vt 0.7916666 0.75
vt 0.7916666 0.5
vt 0.7916666 0.5
vt 0.7916666 0.5
vt 0.7916666 0.75
vt 0.7916666 0.75
vt 0.7916666 0.5
vt 0.7916666 0.75
vt 0.7916666 0.5
vt 0.7916666 0.75
vt 0.6178367 0.7509193
vt 0.6146333 0.75
vt 0.375 0.75
vt 0.375 0.8333333
vt 0.6207267 0.7535874
vt 0.6230201 0.757743
vt 0.6244927 0.7629794
vt 0.625 0.768784
vt 0.625 0.8145493
vt 0.6244926 0.8203538
vt 0.6230202 0.8255903
vt 0.6207266 0.8297458
vt 0.6178368 0.832414
vt 0.6146332 0.8333333
vt 0.602812 0.8333334
vt 0.602812 0.9166666
vt 0.625 0.8333333
vt 0.375 0.9166666
vt 0.6178367 0.917586
vt 0.6146332 0.9166666
vt 0.375 1
vt 0.6207266 0.9202541
vt 0.6230201 0.9244097
vt 0.6244926 0.9296462
vt 0.625 0.9354507
vt 0.625 0.981216
vt 0.6244927 0.9870206
vt 0.6230201 0.992257
vt 0.6207267 0.9964126
vt 0.6178367 0.9990807
vt 0.6146332 1
vt 0.375 0
vt 0.375 0.25
vt 0.6146332 0.25
vt 0.6146332 0
vt 0.6178367 0
vt 0.6178367 0.25
vt 0.625 0
vt 0.625 0.25
vt 0.2916667 0.5
vt 0.375 0.75
vt 0.375 0.5
vt 0.2916667 0.75
vt 0.2083333 0.5
vt 0.2083333 0.75
vt 0.125 0.5
vt 0.125 0.75
vt 0.6178367 0.2509193
vt 0.6146333 0.25
vt 0.375 0.25
vt 0.6207267 0.2535874
vt 0.6230201 0.257743
vt 0.6244927 0.2629794
vt 0.625 0.268784
vt 0.625 0.3145493
vt 0.6244926 0.3203538
vt 0.6230202 0.3255903
vt 0.6207266 0.3297459
vt 0.6178368 0.332414
vt 0.6146332 0.3333333
vt 0.602812 0.3333333
vt 0.375 0.3333333
vt 0.602812 0.4166667
vt 0.625 0.3333333
vt 0.375 0.4166667
vt 0.375 0.5
vt 0.6146332 0.5
vt 0.6178367 0.4990807
vt 0.6207267 0.4964126
vt 0.6230201 0.492257
vt 0.6244927 0.4870206
vt 0.625 0.481216
vt 0.625 0.4354507
vt 0.6244926 0.4296462
vt 0.6230201 0.4244097
vt 0.6207266 0.4202541
vt 0.6178367 0.4175861
vt 0.6146332 0.4166667
vt 0.375 0.5
vt 0.375 0.75
vt 0.6146332 0.7500001
vt 0.6146332 0.5
vt 0.6178367 0.5
vt 0.6178367 0.75
vt 0.6207267 0.5
vt 0.6207267 0.75
vt 0.632743 0.5
vt 0.6327431 0.75
vt 0.6379794 0.5
vt 0.6379794 0.75
vt 0.643784 0.5
vt 0.643784 0.75
vt 0.6895493 0.75
vt 0.6895493 0.5
vt 0.6953539 0.5
vt 0.6953539 0.75
vt 0.7005903 0.5
vt 0.7005903 0.75
vt 0.7083333 0.5
vt 0.7083333 0.75
vt 0.7083333 0.5
vt 0.7083333 0.75
vt 0.7083333 0.5
vt 0.7083333 0.75
vt 0.7083333 0.5
vt 0.7083333 0.75
vt 0.8672569 0.75
vt 0.875 0.75
vt 0.875 0.5
vt 0.867257 0.5
vt 0.8620206 0.75
vt 0.8620206 0.5
vt 0.856216 0.75
vt 0.856216 0.5
vt 0.8104507 0.5
vt 0.8104507 0.75
vt 0.804646 0.75
vt 0.8046461 0.5
vt 0.7994097 0.75
vt 0.7994097 0.5
vt 0.7916666 0.75
vt 0.7916666 0.5
vt 0.7916666 0.5
vt 0.7916666 0.5
vt 0.7916666 0.75
vt 0.7916666 0.75
vt 0.7916666 0.5
vt 0.7916666 0.75
vt 0.7916666 0.5
vt 0.7916666 0.75
vt 0.6178367 0.7509193
vt 0.6146333 0.75
vt 0.375 0.75
vt 0.375 0.8333333
vt 0.6207267 0.7535874
vt 0.6230201 0.757743
vt 0.6244927 0.7629794
vt 0.625 0.768784
vt 0.625 0.8145493
vt 0.6244926 0.8203538
vt 0.6230202 0.8255903
vt 0.6207266 0.8297458
vt 0.6178368 0.832414
vt 0.6146332 0.8333333
vt 0.602812 0.8333334
vt 0.602812 0.9166666
vt 0.625 0.8333333
vt 0.375 0.9166666
vt 0.6178367 0.917586
vt 0.6146332 0.9166666
vt 0.375 1
vt 0.6207266 0.9202541
vt 0.6230201 0.9244097
vt 0.6244926 0.9296462
vt 0.625 0.9354507
vt 0.625 0.981216
vt 0.6244927 0.9870206
vt 0.6230201 0.992257
vt 0.6207267 0.9964126
vt 0.6178367 0.9990807
vt 0.6146332 1
vt 0.375 0
vt 0.375 0.25
vt 0.6146332 0.25
vt 0.6146332 0
vt 0.6178367 0
vt 0.6178367 0.25
vt 0.625 0
vt 0.625 0.25
vt 0.2916667 0.5
vt 0.375 0.75
vt 0.375 0.5
vt 0.2916667 0.75
vt 0.2083333 0.5
vt 0.2083333 0.75
vt 0.125 0.5
vt 0.125 0.75
vt 0.6178367 0.2509193
vt 0.6146333 0.25
vt 0.375 0.25
vt 0.6207267 0.2535874
vt 0.6230201 0.257743
vt 0.6244927 0.2629794
vt 0.625 0.268784
vt 0.625 0.3145493
vt 0.6244926 0.3203538
vt 0.6230202 0.3255903
vt 0.6207266 0.3297459
vt 0.6178368 0.332414
vt 0.6146332 0.3333333
vt 0.602812 0.3333333
vt 0.375 0.3333333
vt 0.602812 0.4166667
vt 0.625 0.3333333
vt 0.375 0.4166667
vt 0.375 0.5
vt 0.6146332 0.5
vt 0.6178367 0.4990807
vt 0.6207267 0.4964126
vt 0.6230201 0.492257
vt 0.6244927 0.4870206
vt 0.625 0.481216
vt 0.625 0.4354507
vt 0.6244926 0.4296462
vt 0.6230201 0.4244097
vt 0.6207266 0.4202541
vt 0.6178367 0.4175861
vt 0.6146332 0.4166667
vt 0.375 0.5
vt 0.375 0.75
vt 0.6146332 0.7500001
vt 0.6146332 0.5
vt 0.6178367 0.5
vt 0.6178367 0.75
vt 0.6207267 0.5
vt 0.6207267 0.75
vt 0.632743 0.5
vt 0.6327431 0.75
vt 0.6379794 0.5
vt 0.6379794 0.75
vt 0.643784 0.5
vt 0.643784 0.75
vt 0.6895493 0.75
vt 0.6895493 0.5
vt 0.6953539 0.5
vt 0.6953539 0.75
vt 0.7005903 0.5
vt 0.7005903 0.75
vt 0.7083333 0.5
vt 0.7083333 0.75
vt 0.7083333 0.5
vt 0.7083333 0.75
vt 0.7083333 0.5
vt 0.7083333 0.75
vt 0.7083333 0.5
vt 0.7083333 0.75
vt 0.8672569 0.75
vt 0.875 0.75
vt 0.875 0.5
vt 0.867257 0.5
vt 0.8620206 0.75
vt 0.8620206 0.5
vt 0.856216 0.75
vt 0.856216 0.5
vt 0.8104507 0.5
vt 0.8104507 0.75
vt 0.804646 0.75
vt 0.8046461 0.5
vt 0.7994097 0.75
vt 0.7994097 0.5
vt 0.7916666 0.75
vt 0.7916666 0.5
vt 0.7916666 0.5
vt 0.7916666 0.5
vt 0.7916666 0.75
vt 0.7916666 0.75
vt 0.7916666 0.5
vt 0.7916666 0.75
vt 0.7916666 0.5
vt 0.7916666 0.75
vt 0.6178367 0.7509193
vt 0.6146333 0.75
vt 0.375 0.75
vt 0.375 0.8333333
vt 0.6207267 0.7535874
vt 0.6230201 0.757743
vt 0.6244927 0.7629794
vt 0.625 0.768784
vt 0.625 0.8145493
vt 0.6244926 0.8203538
vt 0.6230202 0.8255903
vt 0.6207266 0.8297458
vt 0.6178368 0.832414
vt 0.6146332 0.8333333
vt 0.602812 0.8333334
vt 0.602812 0.9166666
vt 0.625 0.8333333
vt 0.375 0.9166666
vt 0.6178367 0.917586
vt 0.6146332 0.9166666
vt 0.375 1
vt 0.6207266 0.9202541
vt 0.6230201 0.9244097
vt 0.6244926 0.9296462
vt 0.625 0.9354507
vt 0.625 0.981216
vt 0.6244927 0.9870206
vt 0.6230201 0.992257
vt 0.6207267 0.9964126
vt 0.6178367 0.9990807
vt 0.6146332 1
vt 0.375 0
vt 0.375 0.25
vt 0.6146332 0.25
vt 0.6146332 0
vt 0.6178367 0
vt 0.6178367 0.25
vt 0.625 0
vt 0.625 0.25
vt 0.2916667 0.5
vt 0.375 0.75
vt 0.375 0.5
vt 0.2916667 0.75
vt 0.2083333 0.5
vt 0.2083333 0.75
vt 0.125 0.5
vt 0.125 0.75
vt 0.6178367 0.2509193
vt 0.6146333 0.25
vt 0.375 0.25
vt 0.6207267 0.2535874
vt 0.6230201 0.257743
vt 0.6244927 0.2629794
vt 0.625 0.268784
vt 0.625 0.3145493
vt 0.6244926 0.3203538
vt 0.6230202 0.3255903
vt 0.6207266 0.3297459
vt 0.6178368 0.332414
vt 0.6146332 0.3333333
vt 0.602812 0.3333333
vt 0.375 0.3333333
vt 0.602812 0.4166667
vt 0.625 0.3333333
vt 0.375 0.4166667
vt 0.375 0.5
vt 0.6146332 0.5
vt 0.6178367 0.4990807
vt 0.6207267 0.4964126
vt 0.6230201 0.492257
vt 0.6244927 0.4870206
vt 0.625 0.481216
vt 0.625 0.4354507
vt 0.6244926 0.4296462
vt 0.6230201 0.4244097
vt 0.6207266 0.4202541
vt 0.6178367 0.4175861
vt 0.6146332 0.4166667
vt 0.375 0.5
vt 0.375 0.75
vt 0.6146332 0.7500001
vt 0.6146332 0.5
vt 0.6178367 0.5
vt 0.6178367 0.75
vt 0.6207267 0.5
vt 0.6207267 0.75
vt 0.632743 0.5
vt 0.6327431 0.75
vt 0.6379794 0.5
vt 0.6379794 0.75
vt 0.643784 0.5
vt 0.643784 0.75
vt 0.6895493 0.75
vt 0.6895493 0.5
vt 0.6953539 0.5
vt 0.6953539 0.75
vt 0.7005903 0.5
vt 0.7005903 0.75
vt 0.7083333 0.5
vt 0.7083333 0.75
vt 0.7083333 0.5
vt 0.7083333 0.75
vt 0.7083333 0.5
vt 0.7083333 0.75
vt 0.7083333 0.5
vt 0.7083333 0.75
vt 0.8672569 0.75
vt 0.875 0.75
vt 0.875 0.5
vt 0.867257 0.5
vt 0.8620206 0.75
vt 0.8620206 0.5
vt 0.856216 0.75
vt 0.856216 0.5
vt 0.8104507 0.5
vt 0.8104507 0.75
vt 0.804646 0.75
vt 0.8046461 0.5
vt 0.7994097 0.75
vt 0.7994097 0.5
vt 0.7916666 0.75
vt 0.7916666 0.5
vt 0.7916666 0.5
vt 0.7916666 0.5
vt 0.7916666 0.75
vt 0.7916666 0.75
vt 0.7916666 0.5
vt 0.7916666 0.75
vt 0.7916666 0.5
vt 0.7916666 0.75
vt 0.6178367 0.7509193
vt 0.6146333 0.75
vt 0.375 0.75
vt 0.375 0.8333333
vt 0.6207267 0.7535874
vt 0.6230201 0.757743
vt 0.6244927 0.7629794
vt 0.625 0.768784
vt 0.625 0.8145493
vt 0.6244926 0.8203538
vt 0.6230202 0.8255903
vt 0.6207266 0.8297458
vt 0.6178368 0.832414
vt 0.6146332 0.8333333
vt 0.602812 0.8333334
vt 0.602812 0.9166666
vt 0.625 0.8333333
vt 0.375 0.9166666
vt 0.6178367 0.917586
vt 0.6146332 0.9166666
vt 0.375 1
vt 0.6207266 0.9202541
vt 0.6230201 0.9244097
vt 0.6244926 0.9296462
vt 0.625 0.9354507
vt 0.625 0.981216
vt 0.6244927 0.9870206
vt 0.6230201 0.992257
vt 0.6207267 0.9964126
vt 0.6178367 0.9990807
vt 0.6146332 1
vt 0.375 0
vt 0.375 0.25
vt 0.6146332 0.25
vt 0.6146332 0
vt 0.6178367 0
vt 0.6178367 0.25
vt 0.625 0
vt 0.625 0.25
vt 0.2916667 0.5
vt 0.375 0.75
vt 0.375 0.5
vt 0.2916667 0.75
vt 0.2083333 0.5
vt 0.2083333 0.75
vt 0.125 0.5
vt 0.125 0.75
vt 0.6178367 0.2509193
vt 0.6146333 0.25
vt 0.375 0.25
vt 0.6207267 0.2535874
vt 0.6230201 0.257743
vt 0.6244927 0.2629794
vt 0.625 0.268784
vt 0.625 0.3145493
vt 0.6244926 0.3203538
vt 0.6230202 0.3255903
vt 0.6207266 0.3297459
vt 0.6178368 0.332414
vt 0.6146332 0.3333333
vt 0.602812 0.3333333
vt 0.375 0.3333333
vt 0.602812 0.4166667
vt 0.625 0.3333333
vt 0.375 0.4166667
vt 0.375 0.5
vt 0.6146332 0.5
vt 0.6178367 0.4990807
vt 0.6207267 0.4964126
vt 0.6230201 0.492257
vt 0.6244927 0.4870206
vt 0.625 0.481216
vt 0.625 0.4354507
vt 0.6244926 0.4296462
vt 0.6230201 0.4244097
vt 0.6207266 0.4202541
vt 0.6178367 0.4175861
vt 0.6146332 0.4166667
vt 0.375 0.5
vt 0.375 0.75
vt 0.6146332 0.7500001
vt 0.6146332 0.5
vt 0.6178367 0.5
vt 0.6178367 0.75
vt 0.6207267 0.5
vt 0.6207267 0.75
vt 0.632743 0.5
vt 0.6327431 0.75
vt 0.6379794 0.5
vt 0.6379794 0.75
vt 0.643784 0.5
vt 0.643784 0.75
vt 0.6895493 0.75
vt 0.6895493 0.5
vt 0.6953539 0.5
vt 0.6953539 0.75
vt 0.7005903 0.5
vt 0.7005903 0.75
vt 0.7083333 0.5
vt 0.7083333 0.75
vt 0.7083333 0.5
vt 0.7083333 0.75
vt 0.7083333 0.5
vt 0.7083333 0.75
vt 0.7083333 0.5
vt 0.7083333 0.75
vt 0.8672569 0.75
vt 0.875 0.75
vt 0.875 0.5
vt 0.867257 0.5
vt 0.8620206 0.75
vt 0.8620206 0.5
vt 0.856216 0.75
vt 0.856216 0.5
vt 0.8104507 0.5
vt 0.8104507 0.75
vt 0.804646 0.75
vt 0.8046461 0.5
vt 0.7994097 0.75
vt 0.7994097 0.5
vt 0.7916666 0.75
vt 0.7916666 0.5
vt 0.7916666 0.5
vt 0.7916666 0.5
vt 0.7916666 0.75
vt 0.7916666 0.75
vt 0.7916666 0.5
vt 0.7916666 0.75
vt 0.7916666 0.5
vt 0.7916666 0.75
vt 0.6178367 0.7509193
vt 0.6146333 0.75
vt 0.375 0.75
vt 0.375 0.8333333
vt 0.6207267 0.7535874
vt 0.6230201 0.757743
vt 0.6244927 0.7629794
vt 0.625 0.768784
vt 0.625 0.8145493
vt 0.6244926 0.8203538
vt 0.6230202 0.8255903
vt 0.6207266 0.8297458
vt 0.6178368 0.832414
vt 0.6146332 0.8333333
vt 0.602812 0.8333334
vt 0.602812 0.9166666
vt 0.625 0.8333333
vt 0.375 0.9166666
vt 0.6178367 0.917586
vt 0.6146332 0.9166666
vt 0.375 1
vt 0.6207266 0.9202541
vt 0.6230201 0.9244097
vt 0.6244926 0.9296462
vt 0.625 0.9354507
vt 0.625 0.981216
vt 0.6244927 0.9870206
vt 0.6230201 0.992257
vt 0.6207267 0.9964126
vt 0.6178367 0.9990807
vt 0.6146332 1
vt 0.375 0
vt 0.375 0.25
vt 0.6146332 0.25
vt 0.6146332 0
vt 0.6178367 0
vt 0.6178367 0.25
vt 0.625 0
vt 0.625 0.25
vt 0.2916667 0.5
vt 0.375 0.75
vt 0.375 0.5
vt 0.2916667 0.75
vt 0.2083333 0.5
vt 0.2083333 0.75
vt 0.125 0.5
vt 0.125 0.75
vt 0.6178367 0.2509193
vt 0.6146333 0.25
vt 0.375 0.25
vt 0.6207267 0.2535874
vt 0.6230201 0.257743
vt 0.6244927 0.2629794
vt 0.625 0.268784
vt 0.625 0.3145493
vt 0.6244926 0.3203538
vt 0.6230202 0.3255903
vt 0.6207266 0.3297459
vt 0.6178368 0.332414
vt 0.6146332 0.3333333
vt 0.602812 0.3333333
vt 0.375 0.3333333
vt 0.602812 0.4166667
vt 0.625 0.3333333
vt 0.375 0.4166667
vt 0.375 0.5
vt 0.6146332 0.5
vt 0.6178367 0.4990807
vt 0.6207267 0.4964126
vt 0.6230201 0.492257
vt 0.6244927 0.4870206
vt 0.625 0.481216
vt 0.625 0.4354507
vt 0.6244926 0.4296462
vt 0.6230201 0.4244097
vt 0.6207266 0.4202541
vt 0.6178367 0.4175861
vt 0.6146332 0.4166667
vt 0.375 0.5
vt 0.375 0.75
vt 0.6146332 0.7500001
vt 0.6146332 0.5
vt 0.6178367 0.5
vt 0.6178367 0.75
vt 0.6207267 0.5
vt 0.6207267 0.75
vt 0.632743 0.5
vt 0.6327431 0.75
vt 0.6379794 0.5
vt 0.6379794 0.75
vt 0.643784 0.5
vt 0.643784 0.75
vt 0.6895493 0.75
vt 0.6895493 0.5
vt 0.6953539 0.5
vt 0.6953539 0.75
vt 0.7005903 0.5
vt 0.7005903 0.75
vt 0.7083333 0.5
vt 0.7083333 0.75
vt 0.7083333 0.5
vt 0.7083333 0.75
vt 0.7083333 0.5
vt 0.7083333 0.75
vt 0.7083333 0.5
vt 0.7083333 0.75
vt 0.8672569 0.75
vt 0.875 0.75
vt 0.875 0.5
vt 0.867257 0.5
vt 0.8620206 0.75
vt 0.8620206 0.5
vt 0.856216 0.75
vt 0.856216 0.5
vt 0.8104507 0.5
vt 0.8104507 0.75
vt 0.804646 0.75
vt 0.8046461 0.5
vt 0.7994097 0.75
vt 0.7994097 0.5
vt 0.7916666 0.75
vt 0.7916666 0.5
vt 0.7916666 0.5
vt 0.7916666 0.5
vt 0.7916666 0.75
vt 0.7916666 0.75
vt 0.7916666 0.5
vt 0.7916666 0.75
vt 0.7916666 0.5
vt 0.7916666 0.75
vt 0.6178367 0.7509193
vt 0.6146333 0.75
vt 0.375 0.75
vt 0.375 0.8333333
vt 0.6207267 0.7535874
vt 0.6230201 0.757743
vt 0.6244927 0.7629794
vt 0.625 0.768784
vt 0.625 0.8145493
vt 0.6244926 0.8203538
vt 0.6230202 0.8255903
vt 0.6207266 0.8297458
vt 0.6178368 0.832414
vt 0.6146332 0.8333333
vt 0.602812 0.8333334
vt 0.602812 0.9166666
vt 0.625 0.8333333
vt 0.375 0.9166666
vt 0.6178367 0.917586
vt 0.6146332 0.9166666
vt 0.375 1
vt 0.6207266 0.9202541
vt 0.6230201 0.9244097
vt 0.6244926 0.9296462
vt 0.625 0.9354507
vt 0.625 0.981216
vt 0.6244927 0.9870206
vt 0.6230201 0.992257
vt 0.6207267 0.9964126
vt 0.6178367 0.9990807
vt 0.6146332 1
vt 0.375 0
vt 0.375 0.25
vt 0.6146332 0.25
vt 0.6146332 0
vt 0.6178367 0
vt 0.6178367 0.25
vt 0.625 0
vt 0.625 0.25
vt 0.2916667 0.5
vt 0.375 0.75
vt 0.375 0.5
vt 0.2916667 0.75
vt 0.2083333 0.5
vt 0.2083333 0.75
vt 0.125 0.5
vt 0.125 0.75
vt 0.6178367 0.2509193
vt 0.6146333 0.25
vt 0.375 0.25
vt 0.6207267 0.2535874
vt 0.6230201 0.257743
vt 0.6244927 0.2629794
vt 0.625 0.268784
vt 0.625 0.3145493
vt 0.6244926 0.3203538
vt 0.6230202 0.3255903
vt 0.6207266 0.3297459
vt 0.6178368 0.332414
vt 0.6146332 0.3333333
vt 0.602812 0.3333333
vt 0.375 0.3333333
vt 0.602812 0.4166667
vt 0.625 0.3333333
vt 0.375 0.4166667
vt 0.375 0.5
vt 0.6146332 0.5
vt 0.6178367 0.4990807
vt 0.6207267 0.4964126
vt 0.6230201 0.492257
vt 0.6244927 0.4870206
vt 0.625 0.481216
vt 0.625 0.4354507
vt 0.6244926 0.4296462
vt 0.6230201 0.4244097
vt 0.6207266 0.4202541
vt 0.6178367 0.4175861
vt 0.6146332 0.4166667
vt 0.375 0.5
vt 0.375 0.75
vt 0.6146332 0.7500001
vt 0.6146332 0.5
vt 0.6178367 0.5
vt 0.6178367 0.75
vt 0.6207267 0.5
vt 0.6207267 0.75
vt 0.632743 0.5
vt 0.6327431 0.75
vt 0.6379794 0.5
vt 0.6379794 0.75
vt 0.643784 0.5
vt 0.643784 0.75
vt 0.6895493 0.75
vt 0.6895493 0.5
vt 0.6953539 0.5
vt 0.6953539 0.75
vt 0.7005903 0.5
vt 0.7005903 0.75
vt 0.7083333 0.5
vt 0.7083333 0.75
vt 0.7083333 0.5
vt 0.7083333 0.75
vt 0.7083333 0.5
vt 0.7083333 0.75
vt 0.7083333 0.5
vt 0.7083333 0.75
vt 0.8672569 0.75
vt 0.875 0.75
vt 0.875 0.5
vt 0.867257 0.5
vt 0.8620206 0.75
vt 0.8620206 0.5
vt 0.856216 0.75
vt 0.856216 0.5
vt 0.8104507 0.5
vt 0.8104507 0.75
vt 0.804646 0.75
vt 0.8046461 0.5
vt 0.7994097 0.75
vt 0.7994097 0.5
vt 0.7916666 0.75
vt 0.7916666 0.5
vt 0.7916666 0.5
vt 0.7916666 0.5
vt 0.7916666 0.75
vt 0.7916666 0.75
vt 0.7916666 0.5
vt 0.7916666 0.75
vt 0.7916666 0.5
vt 0.7916666 0.75
vt 0.6178367 0.7509193
vt 0.6146333 0.75
vt 0.375 0.75
vt 0.375 0.8333333
vt 0.6207267 0.7535874
vt 0.6230201 0.757743
vt 0.6244927 0.7629794
vt 0.625 0.768784
vt 0.625 0.8145493
vt 0.6244926 0.8203538
vt 0.6230202 0.8255903
vt 0.6207266 0.8297458
vt 0.6178368 0.832414
vt 0.6146332 0.8333333
vt 0.602812 0.8333334
vt 0.602812 0.9166666
vt 0.625 0.8333333
vt 0.375 0.9166666
vt 0.6178367 0.917586
vt 0.6146332 0.9166666
vt 0.375 1
vt 0.6207266 0.9202541
vt 0.6230201 0.9244097
vt 0.6244926 0.9296462
vt 0.625 0.9354507
vt 0.625 0.981216
vt 0.6244927 0.9870206
vt 0.6230201 0.992257
vt 0.6207267 0.9964126
vt 0.6178367 0.9990807
vt 0.6146332 1
vt 0.375 0
vt 0.375 0.25
vt 0.6146332 0.25
vt 0.6146332 0
vt 0.6178367 0
vt 0.6178367 0.25
vt 0.625 0
vt 0.625 0.25
vt 0.2916667 0.5
vt 0.375 0.75
vt 0.375 0.5
vt 0.2916667 0.75
vt 0.2083333 0.5
vt 0.2083333 0.75
vt 0.125 0.5
vt 0.125 0.75
vt 0.6178367 0.2509193
vt 0.6146333 0.25
vt 0.375 0.25
vt 0.6207267 0.2535874
vt 0.6230201 0.257743
vt 0.6244927 0.2629794
vt 0.625 0.268784
vt 0.625 0.3145493
vt 0.6244926 0.3203538
vt 0.6230202 0.3255903
vt 0.6207266 0.3297459
vt 0.6178368 0.332414
vt 0.6146332 0.3333333
vt 0.602812 0.3333333
vt 0.375 0.3333333
vt 0.602812 0.4166667
vt 0.625 0.3333333
vt 0.375 0.4166667
vt 0.375 0.5
vt 0.6146332 0.5
vt 0.6178367 0.4990807
vt 0.6207267 0.4964126
vt 0.6230201 0.492257
vt 0.6244927 0.4870206
vt 0.625 0.481216
vt 0.625 0.4354507
vt 0.6244926 0.4296462
vt 0.6230201 0.4244097
vt 0.6207266 0.4202541
vt 0.6178367 0.4175861
vt 0.6146332 0.4166667
vt 0.375 0.5
vt 0.375 0.75
vt 0.6146332 0.7500001
vt 0.6146332 0.5
vt 0.6178367 0.5
vt 0.6178367 0.75
vt 0.6207267 0.5
vt 0.6207267 0.75
vt 0.632743 0.5
vt 0.6327431 0.75
vt 0.6379794 0.5
vt 0.6379794 0.75
vt 0.643784 0.5
vt 0.643784 0.75
vt 0.6895493 0.75
vt 0.6895493 0.5
vt 0.6953539 0.5
vt 0.6953539 0.75
vt 0.7005903 0.5
vt 0.7005903 0.75
vt 0.7083333 0.5
vt 0.7083333 0.75
vt 0.7083333 0.5
vt 0.7083333 0.75
vt 0.7083333 0.5
vt 0.7083333 0.75
vt 0.7083333 0.5
vt 0.7083333 0.75
vt 0.8672569 0.75
vt 0.875 0.75
vt 0.875 0.5
vt 0.867257 0.5
vt 0.8620206 0.75
vt 0.8620206 0.5
vt 0.856216 0.75
vt 0.856216 0.5
vt 0.8104507 0.5
vt 0.8104507 0.75
vt 0.804646 0.75
vt 0.8046461 0.5
vt 0.7994097 0.75
vt 0.7994097 0.5
vt 0.7916666 0.75
vt 0.7916666 0.5
vt 0.7916666 0.5
vt 0.7916666 0.5
vt 0.7916666 0.75
vt 0.7916666 0.75
vt 0.7916666 0.5
vt 0.7916666 0.75
vt 0.7916666 0.5
vt 0.7916666 0.75
vt 0.6178367 0.7509193
vt 0.6146333 0.75
vt 0.375 0.75
vt 0.375 0.8333333
vt 0.6207267 0.7535874
vt 0.6230201 0.757743
vt 0.6244927 0.7629794
vt 0.625 0.768784
vt 0.625 0.8145493
vt 0.6244926 0.8203538
vt 0.6230202 0.8255903
vt 0.6207266 0.8297458
vt 0.6178368 0.832414
vt 0.6146332 0.8333333
vt 0.602812 0.8333334
vt 0.602812 0.9166666
vt 0.625 0.8333333
vt 0.375 0.9166666
vt 0.6178367 0.917586
vt 0.6146332 0.9166666
vt 0.375 1
vt 0.6207266 0.9202541
vt 0.6230201 0.9244097
vt 0.6244926 0.9296462
vt 0.625 0.9354507
vt 0.625 0.981216
vt 0.6244927 0.9870206
vt 0.6230201 0.992257
vt 0.6207267 0.9964126
vt 0.6178367 0.9990807
vt 0.6146332 1
vt 0.375 0
vt 0.375 0.25
vt 0.6146332 0.25
vt 0.6146332 0
vt 0.6178367 0
vt 0.6178367 0.25
vt 0.625 0
vt 0.625 0.25
vt 0.2916667 0.5
vt 0.375 0.75
vt 0.375 0.5
vt 0.2916667 0.75
vt 0.2083333 0.5
vt 0.2083333 0.75
vt 0.125 0.5
vt 0.125 0.75
vt 0.6178367 0.2509193
vt 0.6146333 0.25
vt 0.375 0.25
vt 0.6207267 0.2535874
vt 0.6230201 0.257743
vt 0.6244927 0.2629794
vt 0.625 0.268784
vt 0.625 0.3145493
vt 0.6244926 0.3203538
vt 0.6230202 0.3255903
vt 0.6207266 0.3297459
vt 0.6178368 0.332414
vt 0.6146332 0.3333333
vt 0.602812 0.3333333
vt 0.375 0.3333333
vt 0.602812 0.4166667
vt 0.625 0.3333333
vt 0.375 0.4166667
vt 0.375 0.5
vt 0.6146332 0.5
vt 0.6178367 0.4990807
vt 0.6207267 0.4964126
vt 0.6230201 0.492257
vt 0.6244927 0.4870206
vt 0.625 0.481216
vt 0.625 0.4354507
vt 0.6244926 0.4296462
vt 0.6230201 0.4244097
vt 0.6207266 0.4202541
vt 0.6178367 0.4175861
vt 0.6146332 0.4166667
vt 0.375 0.5
vt 0.375 0.75
vt 0.6146332 0.7500001
vt 0.6146332 0.5
vt 0.6178367 0.5
vt 0.6178367 0.75
vt 0.6207267 0.5
vt 0.6207267 0.75
vt 0.632743 0.5
vt 0.6327431 0.75
vt 0.6379794 0.5
vt 0.6379794 0.75
vt 0.643784 0.5
vt 0.643784 0.75
vt 0.6895493 0.75
vt 0.6895493 0.5
vt 0.6953539 0.5
vt 0.6953539 0.75
vt 0.7005903 0.5
vt 0.7005903 0.75
vt 0.7083333 0.5
vt 0.7083333 0.75
vt 0.7083333 0.5
vt 0.7083333 0.75
vt 0.7083333 0.5
vt 0.7083333 0.75
vt 0.7083333 0.5
vt 0.7083333 0.75
vt 0.8672569 0.75
vt 0.875 0.75
vt 0.875 0.5
vt 0.867257 0.5
vt 0.8620206 0.75
vt 0.8620206 0.5
vt 0.856216 0.75
vt 0.856216 0.5
vt 0.8104507 0.5
vt 0.8104507 0.75
vt 0.804646 0.75
vt 0.8046461 0.5
vt 0.7994097 0.75
vt 0.7994097 0.5
vt 0.7916666 0.75
vt 0.7916666 0.5
vt 0.7916666 0.5
vt 0.7916666 0.5
vt 0.7916666 0.75
vt 0.7916666 0.75
vt 0.7916666 0.5
vt 0.7916666 0.75
vt 0.7916666 0.5
vt 0.7916666 0.75
vt 0.6178367 0.7509193
vt 0.6146333 0.75
vt 0.375 0.75
vt 0.375 0.8333333
vt 0.6207267 0.7535874
vt 0.6230201 0.757743
vt 0.6244927 0.7629794
vt 0.625 0.768784
vt 0.625 0.8145493
vt 0.6244926 0.8203538
vt 0.6230202 0.8255903
vt 0.6207266 0.8297458
vt 0.6178368 0.832414
vt 0.6146332 0.8333333
vt 0.602812 0.8333334
vt 0.602812 0.9166666
vt 0.625 0.8333333
vt 0.375 0.9166666
vt 0.6178367 0.917586
vt 0.6146332 0.9166666
vt 0.375 1
vt 0.6207266 0.9202541
vt 0.6230201 0.9244097
vt 0.6244926 0.9296462
vt 0.625 0.9354507
vt 0.625 0.981216
vt 0.6244927 0.9870206
vt 0.6230201 0.992257
vt 0.6207267 0.9964126
vt 0.6178367 0.9990807
vt 0.6146332 1
vt 0.375 0
vt 0.375 0.25
vt 0.6146332 0.25
vt 0.6146332 0
vt 0.6178367 0
vt 0.6178367 0.25
vt 0.625 0
vt 0.625 0.25
vt 0.2916667 0.5
vt 0.375 0.75
vt 0.375 0.5
vt 0.2916667 0.75
vt 0.2083333 0.5
vt 0.2083333 0.75
vt 0.125 0.5
vt 0.125 0.75
vt 0.6178367 0.2509193
vt 0.6146333 0.25
vt 0.375 0.25
vt 0.6207267 0.2535874
vt 0.6230201 0.257743
vt 0.6244927 0.2629794
vt 0.625 0.268784
vt 0.625 0.3145493
vt 0.6244926 0.3203538
vt 0.6230202 0.3255903
vt 0.6207266 0.3297459
vt 0.6178368 0.332414
vt 0.6146332 0.3333333
vt 0.602812 0.3333333
vt 0.375 0.3333333
vt 0.602812 0.4166667
vt 0.625 0.3333333
vt 0.375 0.4166667
vt 0.375 0.5
vt 0.6146332 0.5
vt 0.6178367 0.4990807
vt 0.6207267 0.4964126
vt 0.6230201 0.492257
vt 0.6244927 0.4870206
vt 0.625 0.481216
vt 0.625 0.4354507
vt 0.6244926 0.4296462
vt 0.6230201 0.4244097
vt 0.6207266 0.4202541
vt 0.6178367 0.4175861
vt 0.6146332 0.4166667
vt 0.375 0.5
vt 0.375 0.75
vt 0.6146332 0.7500001
vt 0.6146332 0.5
vt 0.6178367 0.5
vt 0.6178367 0.75
vt 0.6207267 0.5
vt 0.6207267 0.75
vt 0.632743 0.5
vt 0.6327431 0.75
vt 0.6379794 0.5
vt 0.6379794 0.75
vt 0.643784 0.5
vt 0.643784 0.75
vt 0.6895493 0.75
vt 0.6895493 0.5
vt 0.6953539 0.5
vt 0.6953539 0.75
vt 0.7005903 0.5
vt 0.7005903 0.75
vt 0.7083333 0.5
vt 0.7083333 0.75
vt 0.7083333 0.5
vt 0.7083333 0.75
vt 0.7083333 0.5
vt 0.7083333 0.75
vt 0.7083333 0.5
vt 0.7083333 0.75
vt 0.8672569 0.75
vt 0.875 0.75
vt 0.875 0.5
vt 0.867257 0.5
vt 0.8620206 0.75
vt 0.8620206 0.5
vt 0.856216 0.75
vt 0.856216 0.5
vt 0.8104507 0.5
vt 0.8104507 0.75
vt 0.804646 0.75
vt 0.8046461 0.5
vt 0.7994097 0.75
vt 0.7994097 0.5
vt 0.7916666 0.75
vt 0.7916666 0.5
vt 0.7916666 0.5
vt 0.7916666 0.5
vt 0.7916666 0.75
vt 0.7916666 0.75
vt 0.7916666 0.5
vt 0.7916666 0.75
vt 0.7916666 0.5
vt 0.7916666 0.75
vt 0.6178367 0.7509193
vt 0.6146333 0.75
vt 0.375 0.75
vt 0.375 0.8333333
vt 0.6207267 0.7535874
vt 0.6230201 0.757743
vt 0.6244927 0.7629794
vt 0.625 0.768784
vt 0.625 0.8145493
vt 0.6244926 0.8203538
vt 0.6230202 0.8255903
vt 0.6207266 0.8297458
vt 0.6178368 0.832414
vt 0.6146332 0.8333333
vt 0.602812 0.8333334
vt 0.602812 0.9166666
vt 0.625 0.8333333
vt 0.375 0.9166666
vt 0.6178367 0.917586
vt 0.6146332 0.9166666
vt 0.375 1
vt 0.6207266 0.9202541
vt 0.6230201 0.9244097
vt 0.6244926 0.9296462
vt 0.625 0.9354507
vt 0.625 0.981216
vt 0.6244927 0.9870206
vt 0.6230201 0.992257
vt 0.6207267 0.9964126
vt 0.6178367 0.9990807
vt 0.6146332 1
vt 0.375 0
vt 0.375 0.25
vt 0.6146332 0.25
vt 0.6146332 0
vt 0.6178367 0
vt 0.6178367 0.25
vt 0.625 0
vt 0.625 0.25
vt 0.2916667 0.5
vt 0.375 0.75
vt 0.375 0.5
vt 0.2916667 0.75
vt 0.2083333 0.5
vt 0.2083333 0.75
vt 0.125 0.5
vt 0.125 0.75
vt 0.6178367 0.2509193
vt 0.6146333 0.25
vt 0.375 0.25
vt 0.6207267 0.2535874
vt 0.6230201 0.257743
vt 0.6244927 0.2629794
vt 0.625 0.268784
vt 0.625 0.3145493
vt 0.6244926 0.3203538
vt 0.6230202 0.3255903
vt 0.6207266 0.3297459
vt 0.6178368 0.332414
vt 0.6146332 0.3333333
vt 0.602812 0.3333333
vt 0.375 0.3333333
vt 0.602812 0.4166667
vt 0.625 0.3333333
vt 0.375 0.4166667
vt 0.375 0.5
vt 0.6146332 0.5
vt 0.6178367 0.4990807
vt 0.6207267 0.4964126
vt 0.6230201 0.492257
vt 0.6244927 0.4870206
vt 0.625 0.481216
vt 0.625 0.4354507
vt 0.6244926 0.4296462
vt 0.6230201 0.4244097
vt 0.6207266 0.4202541
vt 0.6178367 0.4175861
vt 0.6146332 0.4166667
vt 0.375 0.5
vt 0.375 0.75
vt 0.6146332 0.7500001
vt 0.6146332 0.5
vt 0.6178367 0.5
vt 0.6178367 0.75
vt 0.6207267 0.5
vt 0.6207267 0.75
vt 0.632743 0.5
vt 0.6327431 0.75
vt 0.6379794 0.5
vt 0.6379794 0.75
vt 0.643784 0.5
vt 0.643784 0.75
vt 0.6895493 0.75
vt 0.6895493 0.5
vt 0.6953539 0.5
vt 0.6953539 0.75
vt 0.7005903 0.5
vt 0.7005903 0.75
vt 0.7083333 0.5
vt 0.7083333 0.75
vt 0.7083333 0.5
vt 0.7083333 0.75
vt 0.7083333 0.5
vt 0.7083333 0.75
vt 0.7083333 0.5
vt 0.7083333 0.75
vt 0.8672569 0.75
vt 0.875 0.75
vt 0.875 0.5
vt 0.867257 0.5
vt 0.8620206 0.75
vt 0.8620206 0.5
vt 0.856216 0.75
vt 0.856216 0.5
vt 0.8104507 0.5
vt 0.8104507 0.75
vt 0.804646 0.75
vt 0.8046461 0.5
vt 0.7994097 0.75
vt 0.7994097 0.5
vt 0.7916666 0.75
vt 0.7916666 0.5
vt 0.7916666 0.5
vt 0.7916666 0.5
vt 0.7916666 0.75
vt 0.7916666 0.75
vt 0.7916666 0.5
vt 0.7916666 0.75
vt 0.7916666 0.5
vt 0.7916666 0.75
vt 0.6178367 0.7509193
vt 0.6146333 0.75
vt 0.375 0.75
vt 0.375 0.8333333
vt 0.6207267 0.7535874
vt 0.6230201 0.757743
vt 0.6244927 0.7629794
vt 0.625 0.768784
vt 0.625 0.8145493
vt 0.6244926 0.8203538
vt 0.6230202 0.8255903
vt 0.6207266 0.8297458
vt 0.6178368 0.832414
vt 0.6146332 0.8333333
vt 0.602812 0.8333334
vt 0.602812 0.9166666
vt 0.625 0.8333333
vt 0.375 0.9166666
vt 0.6178367 0.917586
vt 0.6146332 0.9166666
vt 0.375 1
vt 0.6207266 0.9202541
vt 0.6230201 0.9244097
vt 0.6244926 0.9296462
vt 0.625 0.9354507
vt 0.625 0.981216
vt 0.6244927 0.9870206
vt 0.6230201 0.992257
vt 0.6207267 0.9964126
vt 0.6178367 0.9990807
vt 0.6146332 1
vt 0.375 0
vt 0.375 0.25
vt 0.6146332 0.25
vt 0.6146332 0
vt 0.6178367 0
vt 0.6178367 0.25
vt 0.625 0
vt 0.625 0.25
vt 0.2916667 0.5
vt 0.375 0.75
vt 0.375 0.5
vt 0.2916667 0.75
vt 0.2083333 0.5
vt 0.2083333 0.75
vt 0.125 0.5
vt 0.125 0.75
vt 0.6178367 0.2509193
vt 0.6146333 0.25
vt 0.375 0.25
vt 0.6207267 0.2535874
vt 0.6230201 0.257743
vt 0.6244927 0.2629794
vt 0.625 0.268784
vt 0.625 0.3145493
vt 0.6244926 0.3203538
vt 0.6230202 0.3255903
vt 0.6207266 0.3297459
vt 0.6178368 0.332414
vt 0.6146332 0.3333333
vt 0.602812 0.3333333
vt 0.375 0.3333333
vt 0.602812 0.4166667
vt 0.625 0.3333333
vt 0.375 0.4166667
vt 0.375 0.5
vt 0.6146332 0.5
vt 0.6178367 0.4990807
vt 0.6207267 0.4964126
vt 0.6230201 0.492257
vt 0.6244927 0.4870206
vt 0.625 0.481216
vt 0.625 0.4354507
vt 0.6244926 0.4296462
vt 0.6230201 0.4244097
vt 0.6207266 0.4202541
vt 0.6178367 0.4175861
vt 0.6146332 0.4166667
vt 0.375 0.5
vt 0.375 0.75
vt 0.6146332 0.7500001
vt 0.6146332 0.5
vt 0.6178367 0.5
vt 0.6178367 0.75
vt 0.6207267 0.5
vt 0.6207267 0.75
vt 0.632743 0.5
vt 0.6327431 0.75
vt 0.6379794 0.5
vt 0.6379794 0.75
vt 0.643784 0.5
vt 0.643784 0.75
vt 0.6895493 0.75
vt 0.6895493 0.5
vt 0.6953539 0.5
vt 0.6953539 0.75
vt 0.7005903 0.5
vt 0.7005903 0.75
vt 0.7083333 0.5
vt 0.7083333 0.75
vt 0.7083333 0.5
vt 0.7083333 0.75
vt 0.7083333 0.5
vt 0.7083333 0.75
vt 0.7083333 0.5
vt 0.7083333 0.75
vt 0.8672569 0.75
vt 0.875 0.75
vt 0.875 0.5
vt 0.867257 0.5
vt 0.8620206 0.75
vt 0.8620206 0.5
vt 0.856216 0.75
vt 0.856216 0.5
vt 0.8104507 0.5
vt 0.8104507 0.75
vt 0.804646 0.75
vt 0.8046461 0.5
vt 0.7994097 0.75
vt 0.7994097 0.5
vt 0.7916666 0.75
vt 0.7916666 0.5
vt 0.7916666 0.5
vt 0.7916666 0.5
vt 0.7916666 0.75
vt 0.7916666 0.75
vt 0.7916666 0.5
vt 0.7916666 0.75
vt 0.7916666 0.5
vt 0.7916666 0.75
vt 0.6178367 0.7509193
vt 0.6146333 0.75
vt 0.375 0.75
vt 0.375 0.8333333
vt 0.6207267 0.7535874
vt 0.6230201 0.757743
vt 0.6244927 0.7629794
vt 0.625 0.768784
vt 0.625 0.8145493
vt 0.6244926 0.8203538
vt 0.6230202 0.8255903
vt 0.6207266 0.8297458
vt 0.6178368 0.832414
vt 0.6146332 0.8333333
vt 0.602812 0.8333334
vt 0.602812 0.9166666
vt 0.625 0.8333333
vt 0.375 0.9166666
vt 0.6178367 0.917586
vt 0.6146332 0.9166666
vt 0.375 1
vt 0.6207266 0.9202541
vt 0.6230201 0.9244097
vt 0.6244926 0.9296462
vt 0.625 0.9354507
vt 0.625 0.981216
vt 0.6244927 0.9870206
vt 0.6230201 0.992257
vt 0.6207267 0.9964126
vt 0.6178367 0.9990807
vt 0.6146332 1
vt 0.375 0
vt 0.375 0.25
vt 0.6146332 0.25
vt 0.6146332 0
vt 0.6178367 0
vt 0.6178367 0.25
vt 0.625 0
vt 0.625 0.25
vt 0.2916667 0.5
vt 0.375 0.75
vt 0.375 0.5
vt 0.2916667 0.75
vt 0.2083333 0.5
vt 0.2083333 0.75
vt 0.125 0.5
vt 0.125 0.75
vt 0.6178367 0.2509193
vt 0.6146333 0.25
vt 0.375 0.25
vt 0.6207267 0.2535874
vt 0.6230201 0.257743
vt 0.6244927 0.2629794
vt 0.625 0.268784
vt 0.625 0.3145493
vt 0.6244926 0.3203538
vt 0.6230202 0.3255903
vt 0.6207266 0.3297459
vt 0.6178368 0.332414
vt 0.6146332 0.3333333
vt 0.602812 0.3333333
vt 0.375 0.3333333
vt 0.602812 0.4166667
vt 0.625 0.3333333
vt 0.375 0.4166667
vt 0.375 0.5
vt 0.6146332 0.5
vt 0.6178367 0.4990807
vt 0.6207267 0.4964126
vt 0.6230201 0.492257
vt 0.6244927 0.4870206
vt 0.625 0.481216
vt 0.625 0.4354507
vt 0.6244926 0.4296462
vt 0.6230201 0.4244097
vt 0.6207266 0.4202541
vt 0.6178367 0.4175861
vt 0.6146332 0.4166667
vt 0.375 0.5
vt 0.375 0.75
vt 0.6146332 0.7500001
vt 0.6146332 0.5
vt 0.6178367 0.5
vt 0.6178367 0.75
vt 0.6207267 0.5
vt 0.6207267 0.75
vt 0.632743 0.5
vt 0.6327431 0.75
vt 0.6379794 0.5
vt 0.6379794 0.75
vt 0.643784 0.5
vt 0.643784 0.75
vt 0.6895493 0.75
vt 0.6895493 0.5
vt 0.6953539 0.5
vt 0.6953539 0.75
vt 0.7005903 0.5
vt 0.7005903 0.75
vt 0.7083333 0.5
vt 0.7083333 0.75
vt 0.7083333 0.5
vt 0.7083333 0.75
vt 0.7083333 0.5
vt 0.7083333 0.75
vt 0.7083333 0.5
vt 0.7083333 0.75
vt 0.8672569 0.75
vt 0.875 0.75
vt 0.875 0.5
vt 0.867257 0.5
vt 0.8620206 0.75
vt 0.8620206 0.5
vt 0.856216 0.75
vt 0.856216 0.5
vt 0.8104507 0.5
vt 0.8104507 0.75
vt 0.804646 0.75
vt 0.8046461 0.5
vt 0.7994097 0.75
vt 0.7994097 0.5
vt 0.7916666 0.75
vt 0.7916666 0.5
vt 0.7916666 0.5
vt 0.7916666 0.5
vt 0.7916666 0.75
vt 0.7916666 0.75
vt 0.7916666 0.5
vt 0.7916666 0.75
vt 0.7916666 0.5
vt 0.7916666 0.75
vt 0.6178367 0.7509193
vt 0.6146333 0.75
vt 0.375 0.75
vt 0.375 0.8333333
vt 0.6207267 0.7535874
vt 0.6230201 0.757743
vt 0.6244927 0.7629794
vt 0.625 0.768784
vt 0.625 0.8145493
vt 0.6244926 0.8203538
vt 0.6230202 0.8255903
vt 0.6207266 0.8297458
vt 0.6178368 0.832414
vt 0.6146332 0.8333333
vt 0.602812 0.8333334
vt 0.602812 0.9166666
vt 0.625 0.8333333
vt 0.375 0.9166666
vt 0.6178367 0.917586
vt 0.6146332 0.9166666
vt 0.375 1
vt 0.6207266 0.9202541
vt 0.6230201 0.9244097
vt 0.6244926 0.9296462
vt 0.625 0.9354507
vt 0.625 0.981216
vt 0.6244927 0.9870206
vt 0.6230201 0.992257
vt 0.6207267 0.9964126
vt 0.6178367 0.9990807
vt 0.6146332 1
vt 0.375 0
vt 0.375 0.25
vt 0.6146332 0.25
vt 0.6146332 0
vt 0.6178367 0
vt 0.6178367 0.25
vt 0.625 0
vt 0.625 0.25
vt 0.2916667 0.5
vt 0.375 0.75
vt 0.375 0.5
vt 0.2916667 0.75
vt 0.2083333 0.5
vt 0.2083333 0.75
vt 0.125 0.5
vt 0.125 0.75
vt 0.6178367 0.2509193
vt 0.6146333 0.25
vt 0.375 0.25
vt 0.6207267 0.2535874
vt 0.6230201 0.257743
vt 0.6244927 0.2629794
vt 0.625 0.268784
vt 0.625 0.3145493
vt 0.6244926 0.3203538
vt 0.6230202 0.3255903
vt 0.6207266 0.3297459
vt 0.6178368 0.332414
vt 0.6146332 0.3333333
vt 0.602812 0.3333333
vt 0.375 0.3333333
vt 0.602812 0.4166667
vt 0.625 0.3333333
vt 0.375 0.4166667
vt 0.375 0.5
vt 0.6146332 0.5
vt 0.6178367 0.4990807
vt 0.6207267 0.4964126
vt 0.6230201 0.492257
vt 0.6244927 0.4870206
vt 0.625 0.481216
vt 0.625 0.4354507
vt 0.6244926 0.4296462
vt 0.6230201 0.4244097
vt 0.6207266 0.4202541
vt 0.6178367 0.4175861
vt 0.6146332 0.4166667
vt 0.375 0.5
vt 0.375 0.75
vt 0.6146332 0.7500001
vt 0.6146332 0.5
vt 0.6178367 0.5
vt 0.6178367 0.75
vt 0.6207267 0.5
vt 0.6207267 0.75
vt 0.632743 0.5
vt 0.6327431 0.75
vt 0.6379794 0.5
vt 0.6379794 0.75
vt 0.643784 0.5
vt 0.643784 0.75
vt 0.6895493 0.75
vt 0.6895493 0.5
vt 0.6953539 0.5
vt 0.6953539 0.75
vt 0.7005903 0.5
vt 0.7005903 0.75
vt 0.7083333 0.5
vt 0.7083333 0.75
vt 0.7083333 0.5
vt 0.7083333 0.75
vt 0.7083333 0.5
vt 0.7083333 0.75
vt 0.7083333 0.5
vt 0.7083333 0.75
vt 0.8672569 0.75
vt 0.875 0.75
vt 0.875 0.5
vt 0.867257 0.5
vt 0.8620206 0.75
vt 0.8620206 0.5
vt 0.856216 0.75
vt 0.856216 0.5
vt 0.8104507 0.5
vt 0.8104507 0.75
vt 0.804646 0.75
vt 0.8046461 0.5
vt 0.7994097 0.75
vt 0.7994097 0.5
vt 0.7916666 0.75
vt 0.7916666 0.5
vt 0.7916666 0.5
vt 0.7916666 0.5
vt 0.7916666 0.75
vt 0.7916666 0.75
vt 0.7916666 0.5
vt 0.7916666 0.75
vt 0.7916666 0.5
vt 0.7916666 0.75
vt 0.6178367 0.7509193
vt 0.6146333 0.75
vt 0.375 0.75
vt 0.375 0.8333333
vt 0.6207267 0.7535874
vt 0.6230201 0.757743
vt 0.6244927 0.7629794
vt 0.625 0.768784
vt 0.625 0.8145493
vt 0.6244926 0.8203538
vt 0.6230202 0.8255903
vt 0.6207266 0.8297458
vt 0.6178368 0.832414
vt 0.6146332 0.8333333
vt 0.602812 0.8333334
vt 0.602812 0.9166666
vt 0.625 0.8333333
vt 0.375 0.9166666
vt 0.6178367 0.917586
vt 0.6146332 0.9166666
vt 0.375 1
vt 0.6207266 0.9202541
vt 0.6230201 0.9244097
vt 0.6244926 0.9296462
vt 0.625 0.9354507
vt 0.625 0.981216
vt 0.6244927 0.9870206
vt 0.6230201 0.992257
vt 0.6207267 0.9964126
vt 0.6178367 0.9990807
vt 0.6146332 1
vt 0.375 0
vt 0.375 0.25
vt 0.6146332 0.25
vt 0.6146332 0
vt 0.6178367 0
vt 0.6178367 0.25
vt 0.625 0
vt 0.625 0.25
vt 0.2916667 0.5
vt 0.375 0.75
vt 0.375 0.5
vt 0.2916667 0.75
vt 0.2083333 0.5
vt 0.2083333 0.75
vt 0.125 0.5
vt 0.125 0.75
vt 0.6178367 0.2509193
vt 0.6146333 0.25
vt 0.375 0.25
vt 0.6207267 0.2535874
vt 0.6230201 0.257743
vt 0.6244927 0.2629794
vt 0.625 0.268784
vt 0.625 0.3145493
vt 0.6244926 0.3203538
vt 0.6230202 0.3255903
vt 0.6207266 0.3297459
vt 0.6178368 0.332414
vt 0.6146332 0.3333333
vt 0.602812 0.3333333
vt 0.375 0.3333333
vt 0.602812 0.4166667
vt 0.625 0.3333333
vt 0.375 0.4166667
vt 0.375 0.5
vt 0.6146332 0.5
vt 0.6178367 0.4990807
vt 0.6207267 0.4964126
vt 0.6230201 0.492257
vt 0.6244927 0.4870206
vt 0.625 0.481216
vt 0.625 0.4354507
vt 0.6244926 0.4296462
vt 0.6230201 0.4244097
vt 0.6207266 0.4202541
vt 0.6178367 0.4175861
vt 0.6146332 0.4166667
vt 0.375 0.5
vt 0.375 0.75
vt 0.6146332 0.7500001
vt 0.6146332 0.5
vt 0.6178367 0.5
vt 0.6178367 0.75
vt 0.6207267 0.5
vt 0.6207267 0.75
vt 0.632743 0.5
vt 0.6327431 0.75
vt 0.6379794 0.5
vt 0.6379794 0.75
vt 0.643784 0.5
vt 0.643784 0.75
vt 0.6895493 0.75
vt 0.6895493 0.5
vt 0.6953539 0.5
vt 0.6953539 0.75
vt 0.7005903 0.5
vt 0.7005903 0.75
vt 0.7083333 0.5
vt 0.7083333 0.75
vt 0.7083333 0.5
vt 0.7083333 0.75
vt 0.7083333 0.5
vt 0.7083333 0.75
vt 0.7083333 0.5
vt 0.7083333 0.75
vt 0.8672569 0.75
vt 0.875 0.75
vt 0.875 0.5
vt 0.867257 0.5
vt 0.8620206 0.75
vt 0.8620206 0.5
vt 0.856216 0.75
vt 0.856216 0.5
vt 0.8104507 0.5
vt 0.8104507 0.75
vt 0.804646 0.75
vt 0.8046461 0.5
vt 0.7994097 0.75
vt 0.7994097 0.5
vt 0.7916666 0.75
vt 0.7916666 0.5
vt 0.7916666 0.5
vt 0.7916666 0.5
vt 0.7916666 0.75
vt 0.7916666 0.75
vt 0.7916666 0.5
vt 0.7916666 0.75
vt 0.7916666 0.5
vt 0.7916666 0.75
vt 0.6178367 0.7509193
vt 0.6146333 0.75
vt 0.375 0.75
vt 0.375 0.8333333
vt 0.6207267 0.7535874
vt 0.6230201 0.757743
vt 0.6244927 0.7629794
vt 0.625 0.768784
vt 0.625 0.8145493
vt 0.6244926 0.8203538
vt 0.6230202 0.8255903
vt 0.6207266 0.8297458
vt 0.6178368 0.832414
vt 0.6146332 0.8333333
vt 0.602812 0.8333334
vt 0.602812 0.9166666
vt 0.625 0.8333333
vt 0.375 0.9166666
vt 0.6178367 0.917586
vt 0.6146332 0.9166666
vt 0.375 1
vt 0.6207266 0.9202541
vt 0.6230201 0.9244097
vt 0.6244926 0.9296462
vt 0.625 0.9354507
vt 0.625 0.981216
vt 0.6244927 0.9870206
vt 0.6230201 0.992257
vt 0.6207267 0.9964126
vt 0.6178367 0.9990807
vt 0.6146332 1
vt 0.375 0
vt 0.375 0.25
vt 0.6146332 0.25
vt 0.6146332 0
vt 0.6178367 0
vt 0.6178367 0.25
vt 0.625 0
vt 0.625 0.25
vt 0.2916667 0.5
vt 0.375 0.75
vt 0.375 0.5
vt 0.2916667 0.75
vt 0.2083333 0.5
vt 0.2083333 0.75
vt 0.125 0.5
vt 0.125 0.75
vt 0.6178367 0.2509193
vt 0.6146333 0.25
vt 0.375 0.25
vt 0.6207267 0.2535874
vt 0.6230201 0.257743
vt 0.6244927 0.2629794
vt 0.625 0.268784
vt 0.625 0.3145493
vt 0.6244926 0.3203538
vt 0.6230202 0.3255903
vt 0.6207266 0.3297459
vt 0.6178368 0.332414
vt 0.6146332 0.3333333
vt 0.602812 0.3333333
vt 0.375 0.3333333
vt 0.602812 0.4166667
vt 0.625 0.3333333
vt 0.375 0.4166667
vt 0.375 0.5
vt 0.6146332 0.5
vt 0.6178367 0.4990807
vt 0.6207267 0.4964126
vt 0.6230201 0.492257
vt 0.6244927 0.4870206
vt 0.625 0.481216
vt 0.625 0.4354507
vt 0.6244926 0.4296462
vt 0.6230201 0.4244097
vt 0.6207266 0.4202541
vt 0.6178367 0.4175861
vt 0.6146332 0.4166667
vt 0.375 0.5
vt 0.375 0.75
vt 0.6146332 0.7500001
vt 0.6146332 0.5
vt 0.6178367 0.5
vt 0.6178367 0.75
vt 0.6207267 0.5
vt 0.6207267 0.75
vt 0.632743 0.5
vt 0.6327431 0.75
vt 0.6379794 0.5
vt 0.6379794 0.75
vt 0.643784 0.5
vt 0.643784 0.75
vt 0.6895493 0.75
vt 0.6895493 0.5
vt 0.6953539 0.5
vt 0.6953539 0.75
vt 0.7005903 0.5
vt 0.7005903 0.75
vt 0.7083333 0.5
vt 0.7083333 0.75
vt 0.7083333 0.5
vt 0.7083333 0.75
vt 0.7083333 0.5
vt 0.7083333 0.75
vt 0.7083333 0.5
vt 0.7083333 0.75
vt 0.8672569 0.75
vt 0.875 0.75
vt 0.875 0.5
vt 0.867257 0.5
vt 0.8620206 0.75
vt 0.8620206 0.5
vt 0.856216 0.75
vt 0.856216 0.5
vt 0.8104507 0.5
vt 0.8104507 0.75
vt 0.804646 0.75
vt 0.8046461 0.5
vt 0.7994097 0.75
vt 0.7994097 0.5
vt 0.7916666 0.75
vt 0.7916666 0.5
vt 0.7916666 0.5
vt 0.7916666 0.5
vt 0.7916666 0.75
vt 0.7916666 0.75
vt 0.7916666 0.5
vt 0.7916666 0.75
vt 0.7916666 0.5
vt 0.7916666 0.75
vt 0.6178367 0.7509193
vt 0.6146333 0.75
vt 0.375 0.75
vt 0.375 0.8333333
vt 0.6207267 0.7535874
vt 0.6230201 0.757743
vt 0.6244927 0.7629794
vt 0.625 0.768784
vt 0.625 0.8145493
vt 0.6244926 0.8203538
vt 0.6230202 0.8255903
vt 0.6207266 0.8297458
vt 0.6178368 0.832414
vt 0.6146332 0.8333333
vt 0.602812 0.8333334
vt 0.602812 0.9166666
vt 0.625 0.8333333
vt 0.375 0.9166666
vt 0.6178367 0.917586
vt 0.6146332 0.9166666
vt 0.375 1
vt 0.6207266 0.9202541
vt 0.6230201 0.9244097
vt 0.6244926 0.9296462
vt 0.625 0.9354507
vt 0.625 0.981216
vt 0.6244927 0.9870206
vt 0.6230201 0.992257
vt 0.6207267 0.9964126
vt 0.6178367 0.9990807
vt 0.6146332 1
vt 0.375 0
vt 0.375 0.25
vt 0.6146332 0.25
vt 0.6146332 0
vt 0.6178367 0
vt 0.6178367 0.25
vt 0.625 0
vt 0.625 0.25
vt 0.2916667 0.5
vt 0.375 0.75
vt 0.375 0.5
vt 0.2916667 0.75
vt 0.2083333 0.5
vt 0.2083333 0.75
vt 0.125 0.5
vt 0.125 0.75
vt 0.6178367 0.2509193
vt 0.6146333 0.25
vt 0.375 0.25
vt 0.6207267 0.2535874
vt 0.6230201 0.257743
vt 0.6244927 0.2629794
vt 0.625 0.268784
vt 0.625 0.3145493
vt 0.6244926 0.3203538
vt 0.6230202 0.3255903
vt 0.6207266 0.3297459
vt 0.6178368 0.332414
vt 0.6146332 0.3333333
vt 0.602812 0.3333333
vt 0.375 0.3333333
vt 0.602812 0.4166667
vt 0.625 0.3333333
vt 0.375 0.4166667
vt 0.375 0.5
vt 0.6146332 0.5
vt 0.6178367 0.4990807
vt 0.6207267 0.4964126
vt 0.6230201 0.492257
vt 0.6244927 0.4870206
vt 0.625 0.481216
vt 0.625 0.4354507
vt 0.6244926 0.4296462
vt 0.6230201 0.4244097
vt 0.6207266 0.4202541
vt 0.6178367 0.4175861
vt 0.6146332 0.4166667
vt 0.375 0.5
vt 0.375 0.75
vt 0.6146332 0.7500001
vt 0.6146332 0.5
vt 0.6178367 0.5
vt 0.6178367 0.75
vt 0.6207267 0.5
vt 0.6207267 0.75
vt 0.632743 0.5
vt 0.6327431 0.75
vt 0.6379794 0.5
vt 0.6379794 0.75
vt 0.643784 0.5
vt 0.643784 0.75
vt 0.6895493 0.75
vt 0.6895493 0.5
vt 0.6953539 0.5
vt 0.6953539 0.75
vt 0.7005903 0.5
vt 0.7005903 0.75
vt 0.7083333 0.5
vt 0.7083333 0.75
vt 0.7083333 0.5
vt 0.7083333 0.75
vt 0.7083333 0.5
vt 0.7083333 0.75
vt 0.7083333 0.5
vt 0.7083333 0.75
vt 0.8672569 0.75
vt 0.875 0.75
vt 0.875 0.5
vt 0.867257 0.5
vt 0.8620206 0.75
vt 0.8620206 0.5
vt 0.856216 0.75
vt 0.856216 0.5
vt 0.8104507 0.5
vt 0.8104507 0.75
vt 0.804646 0.75
vt 0.8046461 0.5
vt 0.7994097 0.75
vt 0.7994097 0.5
vt 0.7916666 0.75
vt 0.7916666 0.5
vt 0.7916666 0.5
vt 0.7916666 0.5
vt 0.7916666 0.75
vt 0.7916666 0.75
vt 0.7916666 0.5
vt 0.7916666 0.75
vt 0.7916666 0.5
vt 0.7916666 0.75
vt 0.6178367 0.7509193
vt 0.6146333 0.75
vt 0.375 0.75
vt 0.375 0.8333333
vt 0.6207267 0.7535874
vt 0.6230201 0.757743
vt 0.6244927 0.7629794
vt 0.625 0.768784
vt 0.625 0.8145493
vt 0.6244926 0.8203538
vt 0.6230202 0.8255903
vt 0.6207266 0.8297458
vt 0.6178368 0.832414
vt 0.6146332 0.8333333
vt 0.602812 0.8333334
vt 0.602812 0.9166666
vt 0.625 0.8333333
vt 0.375 0.9166666
vt 0.6178367 0.917586
vt 0.6146332 0.9166666
vt 0.375 1
vt 0.6207266 0.9202541
vt 0.6230201 0.9244097
vt 0.6244926 0.9296462
vt 0.625 0.9354507
vt 0.625 0.981216
vt 0.6244927 0.9870206
vt 0.6230201 0.992257
vt 0.6207267 0.9964126
vt 0.6178367 0.9990807
vt 0.6146332 1
vt 0.375 0
vt 0.375 0.25
vt 0.6146332 0.25
vt 0.6146332 0
vt 0.6178367 0
vt 0.6178367 0.25
vt 0.625 0
vt 0.625 0.25
vt 0.2916667 0.5
vt 0.375 0.75
vt 0.375 0.5
vt 0.2916667 0.75
vt 0.2083333 0.5
vt 0.2083333 0.75
vt 0.125 0.5
vt 0.125 0.75
vt 0.6178367 0.2509193
vt 0.6146333 0.25
vt 0.375 0.25
vt 0.6207267 0.2535874
vt 0.6230201 0.257743
vt 0.6244927 0.2629794
vt 0.625 0.268784
vt 0.625 0.3145493
vt 0.6244926 0.3203538
vt 0.6230202 0.3255903
vt 0.6207266 0.3297459
vt 0.6178368 0.332414
vt 0.6146332 0.3333333
vt 0.602812 0.3333333
vt 0.375 0.3333333
vt 0.602812 0.4166667
vt 0.625 0.3333333
vt 0.375 0.4166667
vt 0.375 0.5
vt 0.6146332 0.5
vt 0.6178367 0.4990807
vt 0.6207267 0.4964126
vt 0.6230201 0.492257
vt 0.6244927 0.4870206
vt 0.625 0.481216
vt 0.625 0.4354507
vt 0.6244926 0.4296462
vt 0.6230201 0.4244097
vt 0.6207266 0.4202541
vt 0.6178367 0.4175861
vt 0.6146332 0.4166667
vt 0.375 0.5
vt 0.375 0.75
vt 0.6146332 0.7500001
vt 0.6146332 0.5
vt 0.6178367 0.5
vt 0.6178367 0.75
vt 0.6207267 0.5
vt 0.6207267 0.75
vt 0.632743 0.5
vt 0.6327431 0.75
vt 0.6379794 0.5
vt 0.6379794 0.75
vt 0.643784 0.5
vt 0.643784 0.75
vt 0.6895493 0.75
vt 0.6895493 0.5
vt 0.6953539 0.5
vt 0.6953539 0.75
vt 0.7005903 0.5
vt 0.7005903 0.75
vt 0.7083333 0.5
vt 0.7083333 0.75
vt 0.7083333 0.5
vt 0.7083333 0.75
vt 0.7083333 0.5
vt 0.7083333 0.75
vt 0.7083333 0.5
vt 0.7083333 0.75
vt 0.8672569 0.75
vt 0.875 0.75
vt 0.875 0.5
vt 0.867257 0.5
vt 0.8620206 0.75
vt 0.8620206 0.5
vt 0.856216 0.75
vt 0.856216 0.5
vt 0.8104507 0.5
vt 0.8104507 0.75
vt 0.804646 0.75
vt 0.8046461 0.5
vt 0.7994097 0.75
vt 0.7994097 0.5
vt 0.7916666 0.75
vt 0.7916666 0.5
vt 0.7916666 0.5
vt 0.7916666 0.5
vt 0.7916666 0.75
vt 0.7916666 0.75
vt 0.7916666 0.5
vt 0.7916666 0.75
vt 0.7916666 0.5
vt 0.7916666 0.75
vt 0.6178367 0.7509193
vt 0.6146333 0.75
vt 0.375 0.75
vt 0.375 0.8333333
vt 0.6207267 0.7535874
vt 0.6230201 0.757743
vt 0.6244927 0.7629794
vt 0.625 0.768784
vt 0.625 0.8145493
vt 0.6244926 0.8203538
vt 0.6230202 0.8255903
vt 0.6207266 0.8297458
vt 0.6178368 0.832414
vt 0.6146332 0.8333333
vt 0.602812 0.8333334
vt 0.602812 0.9166666
vt 0.625 0.8333333
vt 0.375 0.9166666
vt 0.6178367 0.917586
vt 0.6146332 0.9166666
vt 0.375 1
vt 0.6207266 0.9202541
vt 0.6230201 0.9244097
vt 0.6244926 0.9296462
vt 0.625 0.9354507
vt 0.625 0.981216
vt 0.6244927 0.9870206
vt 0.6230201 0.992257
vt 0.6207267 0.9964126
vt 0.6178367 0.9990807
vt 0.6146332 1
vt 0.375 0
vt 0.375 0.25
vt 0.6146332 0.25
vt 0.6146332 0
vt 0.6178367 0
vt 0.6178367 0.25
vt 0.625 0
vt 0.625 0.25
vt 0.2916667 0.5
vt 0.375 0.75
vt 0.375 0.5
vt 0.2916667 0.75
vt 0.2083333 0.5
vt 0.2083333 0.75
vt 0.125 0.5
vt 0.125 0.75
vt 0.6178367 0.2509193
vt 0.6146333 0.25
vt 0.375 0.25
vt 0.6207267 0.2535874
vt 0.6230201 0.257743
vt 0.6244927 0.2629794
vt 0.625 0.268784
vt 0.625 0.3145493
vt 0.6244926 0.3203538
vt 0.6230202 0.3255903
vt 0.6207266 0.3297459
vt 0.6178368 0.332414
vt 0.6146332 0.3333333
vt 0.602812 0.3333333
vt 0.375 0.3333333
vt 0.602812 0.4166667
vt 0.625 0.3333333
vt 0.375 0.4166667
vt 0.375 0.5
vt 0.6146332 0.5
vt 0.6178367 0.4990807
vt 0.6207267 0.4964126
vt 0.6230201 0.492257
vt 0.6244927 0.4870206
vt 0.625 0.481216
vt 0.625 0.4354507
vt 0.6244926 0.4296462
vt 0.6230201 0.4244097
vt 0.6207266 0.4202541
vt 0.6178367 0.4175861
vt 0.6146332 0.4166667
vt 0.375 0.5
vt 0.375 0.75
vt 0.6146332 0.7500001
vt 0.6146332 0.5
vt 0.6178367 0.5
vt 0.6178367 0.75
vt 0.6207267 0.5
vt 0.6207267 0.75
vt 0.632743 0.5
vt 0.6327431 0.75
vt 0.6379794 0.5
vt 0.6379794 0.75
vt 0.643784 0.5
vt 0.643784 0.75
vt 0.6895493 0.75
vt 0.6895493 0.5
vt 0.6953539 0.5
vt 0.6953539 0.75
vt 0.7005903 0.5
vt 0.7005903 0.75
vt 0.7083333 0.5
vt 0.7083333 0.75
vt 0.7083333 0.5
vt 0.7083333 0.75
vt 0.7083333 0.5
vt 0.7083333 0.75
vt 0.7083333 0.5
vt 0.7083333 0.75
vt 0.8672569 0.75
vt 0.875 0.75
vt 0.875 0.5
vt 0.867257 0.5
vt 0.8620206 0.75
vt 0.8620206 0.5
vt 0.856216 0.75
vt 0.856216 0.5
vt 0.8104507 0.5
vt 0.8104507 0.75
vt 0.804646 0.75
vt 0.8046461 0.5
vt 0.7994097 0.75
vt 0.7994097 0.5
vt 0.7916666 0.75
vt 0.7916666 0.5
vt 0.7916666 0.5
vt 0.7916666 0.5
vt 0.7916666 0.75
vt 0.7916666 0.75
vt 0.7916666 0.5
vt 0.7916666 0.75
vt 0.7916666 0.5
vt 0.7916666 0.75
vt 0.6178367 0.7509193
vt 0.6146333 0.75
vt 0.375 0.75
vt 0.375 0.8333333
vt 0.6207267 0.7535874
vt 0.6230201 0.757743
vt 0.6244927 0.7629794
vt 0.625 0.768784
vt 0.625 0.8145493
vt 0.6244926 0.8203538
vt 0.6230202 0.8255903
vt 0.6207266 0.8297458
vt 0.6178368 0.832414
vt 0.6146332 0.8333333
vt 0.602812 0.8333334
vt 0.602812 0.9166666
vt 0.625 0.8333333
vt 0.375 0.9166666
vt 0.6178367 0.917586
vt 0.6146332 0.9166666
vt 0.375 1
vt 0.6207266 0.9202541
vt 0.6230201 0.9244097
vt 0.6244926 0.9296462
vt 0.625 0.9354507
vt 0.625 0.981216
vt 0.6244927 0.9870206
vt 0.6230201 0.992257
vt 0.6207267 0.9964126
vt 0.6178367 0.9990807
vt 0.6146332 1
vt 0.375 0
vt 0.375 0.25
vt 0.6146332 0.25
vt 0.6146332 0
vt 0.6178367 0
vt 0.6178367 0.25
vt 0.625 0
vt 0.625 0.25
vt 0.2916667 0.5
vt 0.375 0.75
vt 0.375 0.5
vt 0.2916667 0.75
vt 0.2083333 0.5
vt 0.2083333 0.75
vt 0.125 0.5
vt 0.125 0.75
vt 0.6178367 0.2509193
vt 0.6146333 0.25
vt 0.375 0.25
vt 0.6207267 0.2535874
vt 0.6230201 0.257743
vt 0.6244927 0.2629794
vt 0.625 0.268784
vt 0.625 0.3145493
vt 0.6244926 0.3203538
vt 0.6230202 0.3255903
vt 0.6207266 0.3297459
vt 0.6178368 0.332414
vt 0.6146332 0.3333333
vt 0.602812 0.3333333
vt 0.375 0.3333333
vt 0.602812 0.4166667
vt 0.625 0.3333333
vt 0.375 0.4166667
vt 0.375 0.5
vt 0.6146332 0.5
vt 0.6178367 0.4990807
vt 0.6207267 0.4964126
vt 0.6230201 0.492257
vt 0.6244927 0.4870206
vt 0.625 0.481216
vt 0.625 0.4354507
vt 0.6244926 0.4296462
vt 0.6230201 0.4244097
vt 0.6207266 0.4202541
vt 0.6178367 0.4175861
vt 0.6146332 0.4166667
vt 0.375 0.5
vt 0.375 0.75
vt 0.6146332 0.7500001
vt 0.6146332 0.5
vt 0.6178367 0.5
vt 0.6178367 0.75
vt 0.6207267 0.5
vt 0.6207267 0.75
vt 0.632743 0.5
vt 0.6327431 0.75
vt 0.6379794 0.5
vt 0.6379794 0.75
vt 0.643784 0.5
vt 0.643784 0.75
vt 0.6895493 0.75
vt 0.6895493 0.5
vt 0.6953539 0.5
vt 0.6953539 0.75
vt 0.7005903 0.5
vt 0.7005903 0.75
vt 0.7083333 0.5
vt 0.7083333 0.75
vt 0.7083333 0.5
vt 0.7083333 0.75
vt 0.7083333 0.5
vt 0.7083333 0.75
vt 0.7083333 0.5
vt 0.7083333 0.75
vt 0.8672569 0.75
vt 0.875 0.75
vt 0.875 0.5
vt 0.867257 0.5
vt 0.8620206 0.75
vt 0.8620206 0.5
vt 0.856216 0.75
vt 0.856216 0.5
vt 0.8104507 0.5
vt 0.8104507 0.75
vt 0.804646 0.75
vt 0.8046461 0.5
vt 0.7994097 0.75
vt 0.7994097 0.5
vt 0.7916666 0.75
vt 0.7916666 0.5
vt 0.7916666 0.5
vt 0.7916666 0.5
vt 0.7916666 0.75
vt 0.7916666 0.75
vt 0.7916666 0.5
vt 0.7916666 0.75
vt 0.7916666 0.5
vt 0.7916666 0.75
vt 0.6178367 0.7509193
vt 0.6146333 0.75
vt 0.375 0.75
vt 0.375 0.8333333
vt 0.6207267 0.7535874
vt 0.6230201 0.757743
vt 0.6244927 0.7629794
vt 0.625 0.768784
vt 0.625 0.8145493
vt 0.6244926 0.8203538
vt 0.6230202 0.8255903
vt 0.6207266 0.8297458
vt 0.6178368 0.832414
vt 0.6146332 0.8333333
vt 0.602812 0.8333334
vt 0.602812 0.9166666
vt 0.625 0.8333333
vt 0.375 0.9166666
vt 0.6178367 0.917586
vt 0.6146332 0.9166666
vt 0.375 1
vt 0.6207266 0.9202541
vt 0.6230201 0.9244097
vt 0.6244926 0.9296462
vt 0.625 0.9354507
vt 0.625 0.981216
vt 0.6244927 0.9870206
vt 0.6230201 0.992257
vt 0.6207267 0.9964126
vt 0.6178367 0.9990807
vt 0.6146332 1
vt 0.375 0
vt 0.375 0.25
vt 0.6146332 0.25
vt 0.6146332 0
vt 0.6178367 0
vt 0.6178367 0.25
vt 0.625 0
vt 0.625 0.25
vt 0.2916667 0.5
vt 0.375 0.75
vt 0.375 0.5
vt 0.2916667 0.75
vt 0.2083333 0.5
vt 0.2083333 0.75
vt 0.125 0.5
vt 0.125 0.75
vt 0.6178367 0.2509193
vt 0.6146333 0.25
vt 0.375 0.25
vt 0.6207267 0.2535874
vt 0.6230201 0.257743
vt 0.6244927 0.2629794
vt 0.625 0.268784
vt 0.625 0.3145493
vt 0.6244926 0.3203538
vt 0.6230202 0.3255903
vt 0.6207266 0.3297459
vt 0.6178368 0.332414
vt 0.6146332 0.3333333
vt 0.602812 0.3333333
vt 0.375 0.3333333
vt 0.602812 0.4166667
vt 0.625 0.3333333
vt 0.375 0.4166667
vt 0.375 0.5
vt 0.6146332 0.5
vt 0.6178367 0.4990807
vt 0.6207267 0.4964126
vt 0.6230201 0.492257
vt 0.6244927 0.4870206
vt 0.625 0.481216
vt 0.625 0.4354507
vt 0.6244926 0.4296462
vt 0.6230201 0.4244097
vt 0.6207266 0.4202541
vt 0.6178367 0.4175861
vt 0.6146332 0.4166667
vt 0.375 0.5
vt 0.375 0.75
vt 0.6146332 0.7500001
vt 0.6146332 0.5
vt 0.6178367 0.5
vt 0.6178367 0.75
vt 0.6207267 0.5
vt 0.6207267 0.75
vt 0.632743 0.5
vt 0.6327431 0.75
vt 0.6379794 0.5
vt 0.6379794 0.75
vt 0.643784 0.5
vt 0.643784 0.75
vt 0.6895493 0.75
vt 0.6895493 0.5
vt 0.6953539 0.5
vt 0.6953539 0.75
vt 0.7005903 0.5
vt 0.7005903 0.75
vt 0.7083333 0.5
vt 0.7083333 0.75
vt 0.7083333 0.5
vt 0.7083333 0.75
vt 0.7083333 0.5
vt 0.7083333 0.75
vt 0.7083333 0.5
vt 0.7083333 0.75
vt 0.8672569 0.75
vt 0.875 0.75
vt 0.875 0.5
vt 0.867257 0.5
vt 0.8620206 0.75
vt 0.8620206 0.5
vt 0.856216 0.75
vt 0.856216 0.5
vt 0.8104507 0.5
vt 0.8104507 0.75
vt 0.804646 0.75
vt 0.8046461 0.5
vt 0.7994097 0.75
vt 0.7994097 0.5
vt 0.7916666 0.75
vt 0.7916666 0.5
vt 0.7916666 0.5
vt 0.7916666 0.5
vt 0.7916666 0.75
vt 0.7916666 0.75
vt 0.7916666 0.5
vt 0.7916666 0.75
vt 0.7916666 0.5
vt 0.7916666 0.75
vt 0.6178367 0.7509193
vt 0.6146333 0.75
vt 0.375 0.75
vt 0.375 0.8333333
vt 0.6207267 0.7535874
vt 0.6230201 0.757743
vt 0.6244927 0.7629794
vt 0.625 0.768784
vt 0.625 0.8145493
vt 0.6244926 0.8203538
vt 0.6230202 0.8255903
vt 0.6207266 0.8297458
vt 0.6178368 0.832414
vt 0.6146332 0.8333333
vt 0.602812 0.8333334
vt 0.602812 0.9166666
vt 0.625 0.8333333
vt 0.375 0.9166666
vt 0.6178367 0.917586
vt 0.6146332 0.9166666
vt 0.375 1
vt 0.6207266 0.9202541
vt 0.6230201 0.9244097
vt 0.6244926 0.9296462
vt 0.625 0.9354507
vt 0.625 0.981216
vt 0.6244927 0.9870206
vt 0.6230201 0.992257
vt 0.6207267 0.9964126
vt 0.6178367 0.9990807
vt 0.6146332 1
vt 0.375 0
vt 0.375 0.25
vt 0.6146332 0.25
vt 0.6146332 0
vt 0.6178367 0
vt 0.6178367 0.25
vt 0.625 0
vt 0.625 0.25
vt 0.2916667 0.5
vt 0.375 0.75
vt 0.375 0.5
vt 0.2916667 0.75
vt 0.2083333 0.5
vt 0.2083333 0.75
vt 0.125 0.5
vt 0.125 0.75
vt 0.6178367 0.2509193
vt 0.6146333 0.25
vt 0.375 0.25
vt 0.6207267 0.2535874
vt 0.6230201 0.257743
vt 0.6244927 0.2629794
vt 0.625 0.268784
vt 0.625 0.3145493
vt 0.6244926 0.3203538
vt 0.6230202 0.3255903
vt 0.6207266 0.3297459
vt 0.6178368 0.332414
vt 0.6146332 0.3333333
vt 0.602812 0.3333333
vt 0.375 0.3333333
vt 0.602812 0.4166667
vt 0.625 0.3333333
vt 0.375 0.4166667
vt 0.375 0.5
vt 0.6146332 0.5
vt 0.6178367 0.4990807
vt 0.6207267 0.4964126
vt 0.6230201 0.492257
vt 0.6244927 0.4870206
vt 0.625 0.481216
vt 0.625 0.4354507
vt 0.6244926 0.4296462
vt 0.6230201 0.4244097
vt 0.6207266 0.4202541
vt 0.6178367 0.4175861
vt 0.6146332 0.4166667
vt 0.375 0.5
vt 0.375 0.75
vt 0.6146332 0.7500001
vt 0.6146332 0.5
vt 0.6178367 0.5
vt 0.6178367 0.75
vt 0.6207267 0.5
vt 0.6207267 0.75
vt 0.632743 0.5
vt 0.6327431 0.75
vt 0.6379794 0.5
vt 0.6379794 0.75
vt 0.643784 0.5
vt 0.643784 0.75
vt 0.6895493 0.75
vt 0.6895493 0.5
vt 0.6953539 0.5
vt 0.6953539 0.75
vt 0.7005903 0.5
vt 0.7005903 0.75
vt 0.7083333 0.5
vt 0.7083333 0.75
vt 0.7083333 0.5
vt 0.7083333 0.75
vt 0.7083333 0.5
vt 0.7083333 0.75
vt 0.7083333 0.5
vt 0.7083333 0.75
vt 0.8672569 0.75
vt 0.875 0.75
vt 0.875 0.5
vt 0.867257 0.5
vt 0.8620206 0.75
vt 0.8620206 0.5
vt 0.856216 0.75
vt 0.856216 0.5
vt 0.8104507 0.5
vt 0.8104507 0.75
vt 0.804646 0.75
vt 0.8046461 0.5
vt 0.7994097 0.75
vt 0.7994097 0.5
vt 0.7916666 0.75
vt 0.7916666 0.5
vt 0.7916666 0.5
vt 0.7916666 0.5
vt 0.7916666 0.75
vt 0.7916666 0.75
vt 0.7916666 0.5
vt 0.7916666 0.75
vt 0.7916666 0.5
vt 0.7916666 0.75
vt 0.6178367 0.7509193
vt 0.6146333 0.75
vt 0.375 0.75
vt 0.375 0.8333333
vt 0.6207267 0.7535874
vt 0.6230201 0.757743
vt 0.6244927 0.7629794
vt 0.625 0.768784
vt 0.625 0.8145493
vt 0.6244926 0.8203538
vt 0.6230202 0.8255903
vt 0.6207266 0.8297458
vt 0.6178368 0.832414
vt 0.6146332 0.8333333
vt 0.602812 0.8333334
vt 0.602812 0.9166666
vt 0.625 0.8333333
vt 0.375 0.9166666
vt 0.6178367 0.917586
vt 0.6146332 0.9166666
vt 0.375 1
vt 0.6207266 0.9202541
vt 0.6230201 0.9244097
vt 0.6244926 0.9296462
vt 0.625 0.9354507
vt 0.625 0.981216
vt 0.6244927 0.9870206
vt 0.6230201 0.992257
vt 0.6207267 0.9964126
vt 0.6178367 0.9990807
vt 0.6146332 1
vt 0.375 0
vt 0.375 0.25
vt 0.6146332 0.25
vt 0.6146332 0
vt 0.6178367 0
vt 0.6178367 0.25
vt 0.625 0
vt 0.625 0.25
vt 0.2916667 0.5
vt 0.375 0.75
vt 0.375 0.5
vt 0.2916667 0.75
vt 0.2083333 0.5
vt 0.2083333 0.75
vt 0.125 0.5
vt 0.125 0.75
vt 0.6178367 0.2509193
vt 0.6146333 0.25
vt 0.375 0.25
vt 0.6207267 0.2535874
vt 0.6230201 0.257743
vt 0.6244927 0.2629794
vt 0.625 0.268784
vt 0.625 0.3145493
vt 0.6244926 0.3203538
vt 0.6230202 0.3255903
vt 0.6207266 0.3297459
vt 0.6178368 0.332414
vt 0.6146332 0.3333333
vt 0.602812 0.3333333
vt 0.375 0.3333333
vt 0.602812 0.4166667
vt 0.625 0.3333333
vt 0.375 0.4166667
vt 0.375 0.5
vt 0.6146332 0.5
vt 0.6178367 0.4990807
vt 0.6207267 0.4964126
vt 0.6230201 0.492257
vt 0.6244927 0.4870206
vt 0.625 0.481216
vt 0.625 0.4354507
vt 0.6244926 0.4296462
vt 0.6230201 0.4244097
vt 0.6207266 0.4202541
vt 0.6178367 0.4175861
vt 0.6146332 0.4166667
vt 0.375 0.5
vt 0.375 0.75
vt 0.6146332 0.7500001
vt 0.6146332 0.5
vt 0.6178367 0.5
vt 0.6178367 0.75
vt 0.6207267 0.5
vt 0.6207267 0.75
vt 0.632743 0.5
vt 0.6327431 0.75
vt 0.6379794 0.5
vt 0.6379794 0.75
vt 0.643784 0.5
vt 0.643784 0.75
vt 0.6895493 0.75
vt 0.6895493 0.5
vt 0.6953539 0.5
vt 0.6953539 0.75
vt 0.7005903 0.5
vt 0.7005903 0.75
vt 0.7083333 0.5
vt 0.7083333 0.75
vt 0.7083333 0.5
vt 0.7083333 0.75
vt 0.7083333 0.5
vt 0.7083333 0.75
vt 0.7083333 0.5
vt 0.7083333 0.75
vt 0.8672569 0.75
vt 0.875 0.75
vt 0.875 0.5
vt 0.867257 0.5
vt 0.8620206 0.75
vt 0.8620206 0.5
vt 0.856216 0.75
vt 0.856216 0.5
vt 0.8104507 0.5
vt 0.8104507 0.75
vt 0.804646 0.75
vt 0.8046461 0.5
vt 0.7994097 0.75
vt 0.7994097 0.5
vt 0.7916666 0.75
vt 0.7916666 0.5
vt 0.7916666 0.5
vt 0.7916666 0.5
vt 0.7916666 0.75
vt 0.7916666 0.75
vt 0.7916666 0.5
vt 0.7916666 0.75
vt 0.7916666 0.5
vt 0.7916666 0.75
vt 0.6178367 0.7509193
vt 0.6146333 0.75
vt 0.375 0.75
vt 0.375 0.8333333
vt 0.6207267 0.7535874
vt 0.6230201 0.757743
vt 0.6244927 0.7629794
vt 0.625 0.768784
vt 0.625 0.8145493
vt 0.6244926 0.8203538
vt 0.6230202 0.8255903
vt 0.6207266 0.8297458
vt 0.6178368 0.832414
vt 0.6146332 0.8333333
vt 0.602812 0.8333334
vt 0.602812 0.9166666
vt 0.625 0.8333333
vt 0.375 0.9166666
vt 0.6178367 0.917586
vt 0.6146332 0.9166666
vt 0.375 1
vt 0.6207266 0.9202541
vt 0.6230201 0.9244097
vt 0.6244926 0.9296462
vt 0.625 0.9354507
vt 0.625 0.981216
vt 0.6244927 0.9870206
vt 0.6230201 0.992257
vt 0.6207267 0.9964126
vt 0.6178367 0.9990807
vt 0.6146332 1
vt 0.375 0
vt 0.375 0.25
vt 0.6146332 0.25
vt 0.6146332 0
vt 0.6178367 0
vt 0.6178367 0.25
vt 0.625 0
vt 0.625 0.25
vt 0.2916667 0.5
vt 0.375 0.75
vt 0.375 0.5
vt 0.2916667 0.75
vt 0.2083333 0.5
vt 0.2083333 0.75
vt 0.125 0.5
vt 0.125 0.75
vt 0.6178367 0.2509193
vt 0.6146333 0.25
vt 0.375 0.25
vt 0.6207267 0.2535874
vt 0.6230201 0.257743
vt 0.6244927 0.2629794
vt 0.625 0.268784
vt 0.625 0.3145493
vt 0.6244926 0.3203538
vt 0.6230202 0.3255903
vt 0.6207266 0.3297459
vt 0.6178368 0.332414
vt 0.6146332 0.3333333
vt 0.602812 0.3333333
vt 0.375 0.3333333
vt 0.602812 0.4166667
vt 0.625 0.3333333
vt 0.375 0.4166667
vt 0.375 0.5
vt 0.6146332 0.5
vt 0.6178367 0.4990807
vt 0.6207267 0.4964126
vt 0.6230201 0.492257
vt 0.6244927 0.4870206
vt 0.625 0.481216
vt 0.625 0.4354507
vt 0.6244926 0.4296462
vt 0.6230201 0.4244097
vt 0.6207266 0.4202541
vt 0.6178367 0.4175861
vt 0.6146332 0.4166667
vt 0.375 0.5
vt 0.375 0.75
vt 0.6146332 0.7500001
vt 0.6146332 0.5
vt 0.6178367 0.5
vt 0.6178367 0.75
vt 0.6207267 0.5
vt 0.6207267 0.75
vt 0.632743 0.5
vt 0.6327431 0.75
vt 0.6379794 0.5
vt 0.6379794 0.75
vt 0.643784 0.5
vt 0.643784 0.75
vt 0.6895493 0.75
vt 0.6895493 0.5
vt 0.6953539 0.5
vt 0.6953539 0.75
vt 0.7005903 0.5
vt 0.7005903 0.75
vt 0.7083333 0.5
vt 0.7083333 0.75
vt 0.7083333 0.5
vt 0.7083333 0.75
vt 0.7083333 0.5
vt 0.7083333 0.75
vt 0.7083333 0.5
vt 0.7083333 0.75
vt 0.8672569 0.75
vt 0.875 0.75
vt 0.875 0.5
vt 0.867257 0.5
vt 0.8620206 0.75
vt 0.8620206 0.5
vt 0.856216 0.75
vt 0.856216 0.5
vt 0.8104507 0.5
vt 0.8104507 0.75
vt 0.804646 0.75
vt 0.8046461 0.5
vt 0.7994097 0.75
vt 0.7994097 0.5
vt 0.7916666 0.75
vt 0.7916666 0.5
vt 0.7916666 0.5
vt 0.7916666 0.5
vt 0.7916666 0.75
vt 0.7916666 0.75
vt 0.7916666 0.5
vt 0.7916666 0.75
vt 0.7916666 0.5
vt 0.7916666 0.75
vt 0.6178367 0.7509193
vt 0.6146333 0.75
vt 0.375 0.75
vt 0.375 0.8333333
vt 0.6207267 0.7535874
vt 0.6230201 0.757743
vt 0.6244927 0.7629794
vt 0.625 0.768784
vt 0.625 0.8145493
vt 0.6244926 0.8203538
vt 0.6230202 0.8255903
vt 0.6207266 0.8297458
vt 0.6178368 0.832414
vt 0.6146332 0.8333333
vt 0.602812 0.8333334
vt 0.602812 0.9166666
vt 0.625 0.8333333
vt 0.375 0.9166666
vt 0.6178367 0.917586
vt 0.6146332 0.9166666
vt 0.375 1
vt 0.6207266 0.9202541
vt 0.6230201 0.9244097
vt 0.6244926 0.9296462
vt 0.625 0.9354507
vt 0.625 0.981216
vt 0.6244927 0.9870206
vt 0.6230201 0.992257
vt 0.6207267 0.9964126
vt 0.6178367 0.9990807
vt 0.6146332 1
vt 0.375 0
vt 0.375 0.25
vt 0.6146332 0.25
vt 0.6146332 0
vt 0.6178367 0
vt 0.6178367 0.25
vt 0.625 0
vt 0.625 0.25
vt 0.2916667 0.5
vt 0.375 0.75
vt 0.375 0.5
vt 0.2916667 0.75
vt 0.2083333 0.5
vt 0.2083333 0.75
vt 0.125 0.5
vt 0.125 0.75
vt 0.6178367 0.2509193
vt 0.6146333 0.25
vt 0.375 0.25
vt 0.6207267 0.2535874
vt 0.6230201 0.257743
vt 0.6244927 0.2629794
vt 0.625 0.268784
vt 0.625 0.3145493
vt 0.6244926 0.3203538
vt 0.6230202 0.3255903
vt 0.6207266 0.3297459
vt 0.6178368 0.332414
vt 0.6146332 0.3333333
vt 0.602812 0.3333333
vt 0.375 0.3333333
vt 0.602812 0.4166667
vt 0.625 0.3333333
vt 0.375 0.4166667
vt 0.375 0.5
vt 0.6146332 0.5
vt 0.6178367 0.4990807
vt 0.6207267 0.4964126
vt 0.6230201 0.492257
vt 0.6244927 0.4870206
vt 0.625 0.481216
vt 0.625 0.4354507
vt 0.6244926 0.4296462
vt 0.6230201 0.4244097
vt 0.6207266 0.4202541
vt 0.6178367 0.4175861
vt 0.6146332 0.4166667
vt 0.375 0.5
vt 0.375 0.75
vt 0.6146332 0.7500001
vt 0.6146332 0.5
vt 0.6178367 0.5
vt 0.6178367 0.75
vt 0.6207267 0.5
vt 0.6207267 0.75
vt 0.632743 0.5
vt 0.6327431 0.75
vt 0.6379794 0.5
vt 0.6379794 0.75
vt 0.643784 0.5
vt 0.643784 0.75
vt 0.6895493 0.75
vt 0.6895493 0.5
vt 0.6953539 0.5
vt 0.6953539 0.75
vt 0.7005903 0.5
vt 0.7005903 0.75
vt 0.7083333 0.5
vt 0.7083333 0.75
vt 0.7083333 0.5
vt 0.7083333 0.75
vt 0.7083333 0.5
vt 0.7083333 0.75
vt 0.7083333 0.5
vt 0.7083333 0.75
vt 0.8672569 0.75
vt 0.875 0.75
vt 0.875 0.5
vt 0.867257 0.5
vt 0.8620206 0.75
vt 0.8620206 0.5
vt 0.856216 0.75
vt 0.856216 0.5
vt 0.8104507 0.5
vt 0.8104507 0.75
vt 0.804646 0.75
vt 0.8046461 0.5
vt 0.7994097 0.75
vt 0.7994097 0.5
vt 0.7916666 0.75
vt 0.7916666 0.5
vt 0.7916666 0.5
vt 0.7916666 0.5
vt 0.7916666 0.75
vt 0.7916666 0.75
vt 0.7916666 0.5
vt 0.7916666 0.75
vt 0.7916666 0.5
vt 0.7916666 0.75
vt 0.6178367 0.7509193
vt 0.6146333 0.75
vt 0.375 0.75
vt 0.375 0.8333333
vt 0.6207267 0.7535874
vt 0.6230201 0.757743
vt 0.6244927 0.7629794
vt 0.625 0.768784
vt 0.625 0.8145493
vt 0.6244926 0.8203538
vt 0.6230202 0.8255903
vt 0.6207266 0.8297458
vt 0.6178368 0.832414
vt 0.6146332 0.8333333
vt 0.602812 0.8333334
vt 0.602812 0.9166666
vt 0.625 0.8333333
vt 0.375 0.9166666
vt 0.6178367 0.917586
vt 0.6146332 0.9166666
vt 0.375 1
vt 0.6207266 0.9202541
vt 0.6230201 0.9244097
vt 0.6244926 0.9296462
vt 0.625 0.9354507
vt 0.625 0.981216
vt 0.6244927 0.9870206
vt 0.6230201 0.992257
vt 0.6207267 0.9964126
vt 0.6178367 0.9990807
vt 0.6146332 1
vt 0.375 0
vt 0.375 0.25
vt 0.6146332 0.25
vt 0.6146332 0
vt 0.6178367 0
vt 0.6178367 0.25
vt 0.625 0
vt 0.625 0.25
vt 0.2916667 0.5
vt 0.375 0.75
vt 0.375 0.5
vt 0.2916667 0.75
vt 0.2083333 0.5
vt 0.2083333 0.75
vt 0.125 0.5
vt 0.125 0.75
vt 0.6178367 0.2509193
vt 0.6146333 0.25
vt 0.375 0.25
vt 0.6207267 0.2535874
vt 0.6230201 0.257743
vt 0.6244927 0.2629794
vt 0.625 0.268784
vt 0.625 0.3145493
vt 0.6244926 0.3203538
vt 0.6230202 0.3255903
vt 0.6207266 0.3297459
vt 0.6178368 0.332414
vt 0.6146332 0.3333333
vt 0.602812 0.3333333
vt 0.375 0.3333333
vt 0.602812 0.4166667
vt 0.625 0.3333333
vt 0.375 0.4166667
vt 0.375 0.5
vt 0.6146332 0.5
vt 0.6178367 0.4990807
vt 0.6207267 0.4964126
vt 0.6230201 0.492257
vt 0.6244927 0.4870206
vt 0.625 0.481216
vt 0.625 0.4354507
vt 0.6244926 0.4296462
vt 0.6230201 0.4244097
vt 0.6207266 0.4202541
vt 0.6178367 0.4175861
vt 0.6146332 0.4166667
vt 0.375 0.5
vt 0.375 0.75
vt 0.6146332 0.7500001
vt 0.6146332 0.5
vt 0.6178367 0.5
vt 0.6178367 0.75
vt 0.6207267 0.5
vt 0.6207267 0.75
vt 0.632743 0.5
vt 0.6327431 0.75
vt 0.6379794 0.5
vt 0.6379794 0.75
vt 0.643784 0.5
vt 0.643784 0.75
vt 0.6895493 0.75
vt 0.6895493 0.5
vt 0.6953539 0.5
vt 0.6953539 0.75
vt 0.7005903 0.5
vt 0.7005903 0.75
vt 0.7083333 0.5
vt 0.7083333 0.75
vt 0.7083333 0.5
vt 0.7083333 0.75
vt 0.7083333 0.5
vt 0.7083333 0.75
vt 0.7083333 0.5
vt 0.7083333 0.75
vt 0.8672569 0.75
vt 0.875 0.75
vt 0.875 0.5
vt 0.867257 0.5
vt 0.8620206 0.75
vt 0.8620206 0.5
vt 0.856216 0.75
vt 0.856216 0.5
vt 0.8104507 0.5
vt 0.8104507 0.75
vt 0.804646 0.75
vt 0.8046461 0.5
vt 0.7994097 0.75
vt 0.7994097 0.5
vt 0.7916666 0.75
vt 0.7916666 0.5
vt 0.7916666 0.5
vt 0.7916666 0.5
vt 0.7916666 0.75
vt 0.7916666 0.75
vt 0.7916666 0.5
vt 0.7916666 0.75
vt 0.7916666 0.5
vt 0.7916666 0.75
vt 0.6178367 0.7509193
vt 0.6146333 0.75
vt 0.375 0.75
vt 0.375 0.8333333
vt 0.6207267 0.7535874
vt 0.6230201 0.757743
vt 0.6244927 0.7629794
vt 0.625 0.768784
vt 0.625 0.8145493
vt 0.6244926 0.8203538
vt 0.6230202 0.8255903
vt 0.6207266 0.8297458
vt 0.6178368 0.832414
vt 0.6146332 0.8333333
vt 0.602812 0.8333334
vt 0.602812 0.9166666
vt 0.625 0.8333333
vt 0.375 0.9166666
vt 0.6178367 0.917586
vt 0.6146332 0.9166666
vt 0.375 1
vt 0.6207266 0.9202541
vt 0.6230201 0.9244097
vt 0.6244926 0.9296462
vt 0.625 0.9354507
vt 0.625 0.981216
vt 0.6244927 0.9870206
vt 0.6230201 0.992257
vt 0.6207267 0.9964126
vt 0.6178367 0.9990807
vt 0.6146332 1
vt 0.375 0
vt 0.375 0.25
vt 0.6146332 0.25
vt 0.6146332 0
vt 0.6178367 0
vt 0.6178367 0.25
vt 0.625 0
vt 0.625 0.25
vt 0.2916667 0.5
vt 0.375 0.75
vt 0.375 0.5
vt 0.2916667 0.75
vt 0.2083333 0.5
vt 0.2083333 0.75
vt 0.125 0.5
vt 0.125 0.75
vt 0.6178367 0.2509193
vt 0.6146333 0.25
vt 0.375 0.25
vt 0.6207267 0.2535874
vt 0.6230201 0.257743
vt 0.6244927 0.2629794
vt 0.625 0.268784
vt 0.625 0.3145493
vt 0.6244926 0.3203538
vt 0.6230202 0.3255903
vt 0.6207266 0.3297459
vt 0.6178368 0.332414
vt 0.6146332 0.3333333
vt 0.602812 0.3333333
vt 0.375 0.3333333
vt 0.602812 0.4166667
vt 0.625 0.3333333
vt 0.375 0.4166667
vt 0.375 0.5
vt 0.6146332 0.5
vt 0.6178367 0.4990807
vt 0.6207267 0.4964126
vt 0.6230201 0.492257
vt 0.6244927 0.4870206
vt 0.625 0.481216
vt 0.625 0.4354507
vt 0.6244926 0.4296462
vt 0.6230201 0.4244097
vt 0.6207266 0.4202541
vt 0.6178367 0.4175861
vt 0.6146332 0.4166667
vt 0.375 0.5
vt 0.375 0.75
vt 0.6146332 0.7500001
vt 0.6146332 0.5
vt 0.6178367 0.5
vt 0.6178367 0.75
vt 0.6207267 0.5
vt 0.6207267 0.75
vt 0.632743 0.5
vt 0.6327431 0.75
vt 0.6379794 0.5
vt 0.6379794 0.75
vt 0.643784 0.5
vt 0.643784 0.75
vt 0.6895493 0.75
vt 0.6895493 0.5
vt 0.6953539 0.5
vt 0.6953539 0.75
vt 0.7005903 0.5
vt 0.7005903 0.75
vt 0.7083333 0.5
vt 0.7083333 0.75
vt 0.7083333 0.5
vt 0.7083333 0.75
vt 0.7083333 0.5
vt 0.7083333 0.75
vt 0.7083333 0.5
vt 0.7083333 0.75
vt 0.8672569 0.75
vt 0.875 0.75
vt 0.875 0.5
vt 0.867257 0.5
vt 0.8620206 0.75
vt 0.8620206 0.5
vt 0.856216 0.75
vt 0.856216 0.5
vt 0.8104507 0.5
vt 0.8104507 0.75
vt 0.804646 0.75
vt 0.8046461 0.5
vt 0.7994097 0.75
vt 0.7994097 0.5
vt 0.7916666 0.75
vt 0.7916666 0.5
vt 0.7916666 0.5
vt 0.7916666 0.5
vt 0.7916666 0.75
vt 0.7916666 0.75
vt 0.7916666 0.5
vt 0.7916666 0.75
vt 0.7916666 0.5
vt 0.7916666 0.75
vt 0.6178367 0.7509193
vt 0.6146333 0.75
vt 0.375 0.75
vt 0.375 0.8333333
vt 0.6207267 0.7535874
vt 0.6230201 0.757743
vt 0.6244927 0.7629794
vt 0.625 0.768784
vt 0.625 0.8145493
vt 0.6244926 0.8203538
vt 0.6230202 0.8255903
vt 0.6207266 0.8297458
vt 0.6178368 0.832414
vt 0.6146332 0.8333333
vt 0.602812 0.8333334
vt 0.602812 0.9166666
vt 0.625 0.8333333
vt 0.375 0.9166666
vt 0.6178367 0.917586
vt 0.6146332 0.9166666
vt 0.375 1
vt 0.6207266 0.9202541
vt 0.6230201 0.9244097
vt 0.6244926 0.9296462
vt 0.625 0.9354507
vt 0.625 0.981216
vt 0.6244927 0.9870206
vt 0.6230201 0.992257
vt 0.6207267 0.9964126
vt 0.6178367 0.9990807
vt 0.6146332 1
vt 0.375 0
vt 0.375 0.25
vt 0.6146332 0.25
vt 0.6146332 0
vt 0.6178367 0
vt 0.6178367 0.25
vt 0.625 0
vt 0.625 0.25
vt 0.2916667 0.5
vt 0.375 0.75
vt 0.375 0.5
vt 0.2916667 0.75
vt 0.2083333 0.5
vt 0.2083333 0.75
vt 0.125 0.5
vt 0.125 0.75
vt 0.6178367 0.2509193
vt 0.6146333 0.25
vt 0.375 0.25
vt 0.6207267 0.2535874
vt 0.6230201 0.257743
vt 0.6244927 0.2629794
vt 0.625 0.268784
vt 0.625 0.3145493
vt 0.6244926 0.3203538
vt 0.6230202 0.3255903
vt 0.6207266 0.3297459
vt 0.6178368 0.332414
vt 0.6146332 0.3333333
vt 0.602812 0.3333333
vt 0.375 0.3333333
vt 0.602812 0.4166667
vt 0.625 0.3333333
vt 0.375 0.4166667
vt 0.375 0.5
vt 0.6146332 0.5
vt 0.6178367 0.4990807
vt 0.6207267 0.4964126
vt 0.6230201 0.492257
vt 0.6244927 0.4870206
vt 0.625 0.481216
vt 0.625 0.4354507
vt 0.6244926 0.4296462
vt 0.6230201 0.4244097
vt 0.6207266 0.4202541
vt 0.6178367 0.4175861
vt 0.6146332 0.4166667
vt 0.375 0.5
vt 0.375 0.75
vt 0.6146332 0.7500001
vt 0.6146332 0.5
vt 0.6178367 0.5
vt 0.6178367 0.75
vt 0.6207267 0.5
vt 0.6207267 0.75
vt 0.632743 0.5
vt 0.6327431 0.75
vt 0.6379794 0.5
vt 0.6379794 0.75
vt 0.643784 0.5
vt 0.643784 0.75
vt 0.6895493 0.75
vt 0.6895493 0.5
vt 0.6953539 0.5
vt 0.6953539 0.75
vt 0.7005903 0.5
vt 0.7005903 0.75
vt 0.7083333 0.5
vt 0.7083333 0.75
vt 0.7083333 0.5
vt 0.7083333 0.75
vt 0.7083333 0.5
vt 0.7083333 0.75
vt 0.7083333 0.5
vt 0.7083333 0.75
vt 0.8672569 0.75
vt 0.875 0.75
vt 0.875 0.5
vt 0.867257 0.5
vt 0.8620206 0.75
vt 0.8620206 0.5
vt 0.856216 0.75
vt 0.856216 0.5
vt 0.8104507 0.5
vt 0.8104507 0.75
vt 0.804646 0.75
vt 0.8046461 0.5
vt 0.7994097 0.75
vt 0.7994097 0.5
vt 0.7916666 0.75
vt 0.7916666 0.5
vt 0.7916666 0.5
vt 0.7916666 0.5
vt 0.7916666 0.75
vt 0.7916666 0.75
vt 0.7916666 0.5
vt 0.7916666 0.75
vt 0.7916666 0.5
vt 0.7916666 0.75
vt 0.6178367 0.7509193
vt 0.6146333 0.75
vt 0.375 0.75
vt 0.375 0.8333333
vt 0.6207267 0.7535874
vt 0.6230201 0.757743
vt 0.6244927 0.7629794
vt 0.625 0.768784
vt 0.625 0.8145493
vt 0.6244926 0.8203538
vt 0.6230202 0.8255903
vt 0.6207266 0.8297458
vt 0.6178368 0.832414
vt 0.6146332 0.8333333
vt 0.602812 0.8333334
vt 0.602812 0.9166666
vt 0.625 0.8333333
vt 0.375 0.9166666
vt 0.6178367 0.917586
vt 0.6146332 0.9166666
vt 0.375 1
vt 0.6207266 0.9202541
vt 0.6230201 0.9244097
vt 0.6244926 0.9296462
vt 0.625 0.9354507
vt 0.625 0.981216
vt 0.6244927 0.9870206
vt 0.6230201 0.992257
vt 0.6207267 0.9964126
vt 0.6178367 0.9990807
vt 0.6146332 1
vt 0.375 0
vt 0.375 0.25
vt 0.6146332 0.25
vt 0.6146332 0
vt 0.6178367 0
vt 0.6178367 0.25
vt 0.625 0
vt 0.625 0.25
vt 0.2916667 0.5
vt 0.375 0.75
vt 0.375 0.5
vt 0.2916667 0.75
vt 0.2083333 0.5
vt 0.2083333 0.75
vt 0.125 0.5
vt 0.125 0.75
vt 0.6178367 0.2509193
vt 0.6146333 0.25
vt 0.375 0.25
vt 0.6207267 0.2535874
vt 0.6230201 0.257743
vt 0.6244927 0.2629794
vt 0.625 0.268784
vt 0.625 0.3145493
vt 0.6244926 0.3203538
vt 0.6230202 0.3255903
vt 0.6207266 0.3297459
vt 0.6178368 0.332414
vt 0.6146332 0.3333333
vt 0.602812 0.3333333
vt 0.375 0.3333333
vt 0.602812 0.4166667
vt 0.625 0.3333333
vt 0.375 0.4166667
vt 0.375 0.5
vt 0.6146332 0.5
vt 0.6178367 0.4990807
vt 0.6207267 0.4964126
vt 0.6230201 0.492257
vt 0.6244927 0.4870206
vt 0.625 0.481216
vt 0.625 0.4354507
vt 0.6244926 0.4296462
vt 0.6230201 0.4244097
vt 0.6207266 0.4202541
vt 0.6178367 0.4175861
vt 0.6146332 0.4166667
vt 0.375 0.5
vt 0.375 0.75
vt 0.6146332 0.7500001
vt 0.6146332 0.5
vt 0.6178367 0.5
vt 0.6178367 0.75
vt 0.6207267 0.5
vt 0.6207267 0.75
vt 0.632743 0.5
vt 0.6327431 0.75
vt 0.6379794 0.5
vt 0.6379794 0.75
vt 0.643784 0.5
vt 0.643784 0.75
vt 0.6895493 0.75
vt 0.6895493 0.5
vt 0.6953539 0.5
vt 0.6953539 0.75
vt 0.7005903 0.5
vt 0.7005903 0.75
vt 0.7083333 0.5
vt 0.7083333 0.75
vt 0.7083333 0.5
vt 0.7083333 0.75
vt 0.7083333 0.5
vt 0.7083333 0.75
vt 0.7083333 0.5
vt 0.7083333 0.75
vt 0.8672569 0.75
vt 0.875 0.75
vt 0.875 0.5
vt 0.867257 0.5
vt 0.8620206 0.75
vt 0.8620206 0.5
vt 0.856216 0.75
vt 0.856216 0.5
vt 0.8104507 0.5
vt 0.8104507 0.75
vt 0.804646 0.75
vt 0.8046461 0.5
vt 0.7994097 0.75
vt 0.7994097 0.5
vt 0.7916666 0.75
vt 0.7916666 0.5
vt 0.7916666 0.5
vt 0.7916666 0.5
vt 0.7916666 0.75
vt 0.7916666 0.75
vt 0.7916666 0.5
vt 0.7916666 0.75
vt 0.7916666 0.5
vt 0.7916666 0.75
vt 0.6178367 0.7509193
vt 0.6146333 0.75
vt 0.375 0.75
vt 0.375 0.8333333
vt 0.6207267 0.7535874
vt 0.6230201 0.757743
vt 0.6244927 0.7629794
vt 0.625 0.768784
vt 0.625 0.8145493
vt 0.6244926 0.8203538
vt 0.6230202 0.8255903
vt 0.6207266 0.8297458
vt 0.6178368 0.832414
vt 0.6146332 0.8333333
vt 0.602812 0.8333334
vt 0.602812 0.9166666
vt 0.625 0.8333333
vt 0.375 0.9166666
vt 0.6178367 0.917586
vt 0.6146332 0.9166666
vt 0.375 1
vt 0.6207266 0.9202541
vt 0.6230201 0.9244097
vt 0.6244926 0.9296462
vt 0.625 0.9354507
vt 0.625 0.981216
vt 0.6244927 0.9870206
vt 0.6230201 0.992257
vt 0.6207267 0.9964126
vt 0.6178367 0.9990807
vt 0.6146332 1
vt 0.375 0
vt 0.375 0.25
vt 0.6146332 0.25
vt 0.6146332 0
vt 0.6178367 0
vt 0.6178367 0.25
vt 0.625 0
vt 0.625 0.25
vt 0.2916667 0.5
vt 0.375 0.75
vt 0.375 0.5
vt 0.2916667 0.75
vt 0.2083333 0.5
vt 0.2083333 0.75
vt 0.125 0.5
vt 0.125 0.75
vt 0.6178367 0.2509193
vt 0.6146333 0.25
vt 0.375 0.25
vt 0.6207267 0.2535874
vt 0.6230201 0.257743
vt 0.6244927 0.2629794
vt 0.625 0.268784
vt 0.625 0.3145493
vt 0.6244926 0.3203538
vt 0.6230202 0.3255903
vt 0.6207266 0.3297459
vt 0.6178368 0.332414
vt 0.6146332 0.3333333
vt 0.602812 0.3333333
vt 0.375 0.3333333
vt 0.602812 0.4166667
vt 0.625 0.3333333
vt 0.375 0.4166667
vt 0.375 0.5
vt 0.6146332 0.5
vt 0.6178367 0.4990807
vt 0.6207267 0.4964126
vt 0.6230201 0.492257
vt 0.6244927 0.4870206
vt 0.625 0.481216
vt 0.625 0.4354507
vt 0.6244926 0.4296462
vt 0.6230201 0.4244097
vt 0.6207266 0.4202541
vt 0.6178367 0.4175861
vt 0.6146332 0.4166667
vt 0.375 0.5
vt 0.375 0.75
vt 0.6146332 0.7500001
vt 0.6146332 0.5
vt 0.6178367 0.5
vt 0.6178367 0.75
vt 0.6207267 0.5
vt 0.6207267 0.75
vt 0.632743 0.5
vt 0.6327431 0.75
vt 0.6379794 0.5
vt 0.6379794 0.75
vt 0.643784 0.5
vt 0.643784 0.75
vt 0.6895493 0.75
vt 0.6895493 0.5
vt 0.6953539 0.5
vt 0.6953539 0.75
vt 0.7005903 0.5
vt 0.7005903 0.75
vt 0.7083333 0.5
vt 0.7083333 0.75
vt 0.7083333 0.5
vt 0.7083333 0.75
vt 0.7083333 0.5
vt 0.7083333 0.75
vt 0.7083333 0.5
vt 0.7083333 0.75
vt 0.8672569 0.75
vt 0.875 0.75
vt 0.875 0.5
vt 0.867257 0.5
vt 0.8620206 0.75
vt 0.8620206 0.5
vt 0.856216 0.75
vt 0.856216 0.5
vt 0.8104507 0.5
vt 0.8104507 0.75
vt 0.804646 0.75
vt 0.8046461 0.5
vt 0.7994097 0.75
vt 0.7994097 0.5
vt 0.7916666 0.75
vt 0.7916666 0.5
vt 0.7916666 0.5
vt 0.7916666 0.5
vt 0.7916666 0.75
vt 0.7916666 0.75
vt 0.7916666 0.5
vt 0.7916666 0.75
vt 0.7916666 0.5
vt 0.7916666 0.75
vt 0.6178367 0.7509193
vt 0.6146333 0.75
vt 0.375 0.75
vt 0.375 0.8333333
vt 0.6207267 0.7535874
vt 0.6230201 0.757743
vt 0.6244927 0.7629794
vt 0.625 0.768784
vt 0.625 0.8145493
vt 0.6244926 0.8203538
vt 0.6230202 0.8255903
vt 0.6207266 0.8297458
vt 0.6178368 0.832414
vt 0.6146332 0.8333333
vt 0.602812 0.8333334
vt 0.602812 0.9166666
vt 0.625 0.8333333
vt 0.375 0.9166666
vt 0.6178367 0.917586
vt 0.6146332 0.9166666
vt 0.375 1
vt 0.6207266 0.9202541
vt 0.6230201 0.9244097
vt 0.6244926 0.9296462
vt 0.625 0.9354507
vt 0.625 0.981216
vt 0.6244927 0.9870206
vt 0.6230201 0.992257
vt 0.6207267 0.9964126
vt 0.6178367 0.9990807
vt 0.6146332 1
vt 0.375 0
vt 0.375 0.25
vt 0.6146332 0.25
vt 0.6146332 0
vt 0.6178367 0
vt 0.6178367 0.25
vt 0.625 0
vt 0.625 0.25
vt 0.2916667 0.5
vt 0.375 0.75
vt 0.375 0.5
vt 0.2916667 0.75
vt 0.2083333 0.5
vt 0.2083333 0.75
vt 0.125 0.5
vt 0.125 0.75
vt 0.6178367 0.2509193
vt 0.6146333 0.25
vt 0.375 0.25
vt 0.6207267 0.2535874
vt 0.6230201 0.257743
vt 0.6244927 0.2629794
vt 0.625 0.268784
vt 0.625 0.3145493
vt 0.6244926 0.3203538
vt 0.6230202 0.3255903
vt 0.6207266 0.3297459
vt 0.6178368 0.332414
vt 0.6146332 0.3333333
vt 0.602812 0.3333333
vt 0.375 0.3333333
vt 0.602812 0.4166667
vt 0.625 0.3333333
vt 0.375 0.4166667
vt 0.375 0.5
vt 0.6146332 0.5
vt 0.6178367 0.4990807
vt 0.6207267 0.4964126
vt 0.6230201 0.492257
vt 0.6244927 0.4870206
vt 0.625 0.481216
vt 0.625 0.4354507
vt 0.6244926 0.4296462
vt 0.6230201 0.4244097
vt 0.6207266 0.4202541
vt 0.6178367 0.4175861
vt 0.6146332 0.4166667
vt 0.375 0.5
vt 0.375 0.75
vt 0.6146332 0.7500001
vt 0.6146332 0.5
vt 0.6178367 0.5
vt 0.6178367 0.75
vt 0.6207267 0.5
vt 0.6207267 0.75
vt 0.632743 0.5
vt 0.6327431 0.75
vt 0.6379794 0.5
vt 0.6379794 0.75
vt 0.643784 0.5
vt 0.643784 0.75
vt 0.6895493 0.75
vt 0.6895493 0.5
vt 0.6953539 0.5
vt 0.6953539 0.75
vt 0.7005903 0.5
vt 0.7005903 0.75
vt 0.7083333 0.5
vt 0.7083333 0.75
vt 0.7083333 0.5
vt 0.7083333 0.75
vt 0.7083333 0.5
vt 0.7083333 0.75
vt 0.7083333 0.5
vt 0.7083333 0.75
vt 0.8672569 0.75
vt 0.875 0.75
vt 0.875 0.5
vt 0.867257 0.5
vt 0.8620206 0.75
vt 0.8620206 0.5
vt 0.856216 0.75
vt 0.856216 0.5
vt 0.8104507 0.5
vt 0.8104507 0.75
vt 0.804646 0.75
vt 0.8046461 0.5
vt 0.7994097 0.75
vt 0.7994097 0.5
vt 0.7916666 0.75
vt 0.7916666 0.5
vt 0.7916666 0.5
vt 0.7916666 0.5
vt 0.7916666 0.75
vt 0.7916666 0.75
vt 0.7916666 0.5
vt 0.7916666 0.75
vt 0.7916666 0.5
vt 0.7916666 0.75
vt 0.6178367 0.7509193
vt 0.6146333 0.75
vt 0.375 0.75
vt 0.375 0.8333333
vt 0.6207267 0.7535874
vt 0.6230201 0.757743
vt 0.6244927 0.7629794
vt 0.625 0.768784
vt 0.625 0.8145493
vt 0.6244926 0.8203538
vt 0.6230202 0.8255903
vt 0.6207266 0.8297458
vt 0.6178368 0.832414
vt 0.6146332 0.8333333
vt 0.602812 0.8333334
vt 0.602812 0.9166666
vt 0.625 0.8333333
vt 0.375 0.9166666
vt 0.6178367 0.917586
vt 0.6146332 0.9166666
vt 0.375 1
vt 0.6207266 0.9202541
vt 0.6230201 0.9244097
vt 0.6244926 0.9296462
vt 0.625 0.9354507
vt 0.625 0.981216
vt 0.6244927 0.9870206
vt 0.6230201 0.992257
vt 0.6207267 0.9964126
vt 0.6178367 0.9990807
vt 0.6146332 1
vt 0.375 0
vt 0.375 0.25
vt 0.6146332 0.25
vt 0.6146332 0
vt 0.6178367 0
vt 0.6178367 0.25
vt 0.625 0
vt 0.625 0.25
vt 0.2916667 0.5
vt 0.375 0.75
vt 0.375 0.5
vt 0.2916667 0.75
vt 0.2083333 0.5
vt 0.2083333 0.75
vt 0.125 0.5
vt 0.125 0.75
vt 0.6178367 0.2509193
vt 0.6146333 0.25
vt 0.375 0.25
vt 0.6207267 0.2535874
vt 0.6230201 0.257743
vt 0.6244927 0.2629794
vt 0.625 0.268784
vt 0.625 0.3145493
vt 0.6244926 0.3203538
vt 0.6230202 0.3255903
vt 0.6207266 0.3297459
vt 0.6178368 0.332414
vt 0.6146332 0.3333333
vt 0.602812 0.3333333
vt 0.375 0.3333333
vt 0.602812 0.4166667
vt 0.625 0.3333333
vt 0.375 0.4166667
vt 0.375 0.5
vt 0.6146332 0.5
vt 0.6178367 0.4990807
vt 0.6207267 0.4964126
vt 0.6230201 0.492257
vt 0.6244927 0.4870206
vt 0.625 0.481216
vt 0.625 0.4354507
vt 0.6244926 0.4296462
vt 0.6230201 0.4244097
vt 0.6207266 0.4202541
vt 0.6178367 0.4175861
vt 0.6146332 0.4166667
vt 0.375 0.5
vt 0.375 0.75
vt 0.6146332 0.7500001
vt 0.6146332 0.5
vt 0.6178367 0.5
vt 0.6178367 0.75
vt 0.6207267 0.5
vt 0.6207267 0.75
vt 0.632743 0.5
vt 0.6327431 0.75
vt 0.6379794 0.5
vt 0.6379794 0.75
vt 0.643784 0.5
vt 0.643784 0.75
vt 0.6895493 0.75
vt 0.6895493 0.5
vt 0.6953539 0.5
vt 0.6953539 0.75
vt 0.7005903 0.5
vt 0.7005903 0.75
vt 0.7083333 0.5
vt 0.7083333 0.75
vt 0.7083333 0.5
vt 0.7083333 0.75
vt 0.7083333 0.5
vt 0.7083333 0.75
vt 0.7083333 0.5
vt 0.7083333 0.75
vt 0.8672569 0.75
vt 0.875 0.75
vt 0.875 0.5
vt 0.867257 0.5
vt 0.8620206 0.75
vt 0.8620206 0.5
vt 0.856216 0.75
vt 0.856216 0.5
vt 0.8104507 0.5
vt 0.8104507 0.75
vt 0.804646 0.75
vt 0.8046461 0.5
vt 0.7994097 0.75
vt 0.7994097 0.5
vt 0.7916666 0.75
vt 0.7916666 0.5
vt 0.7916666 0.5
vt 0.7916666 0.5
vt 0.7916666 0.75
vt 0.7916666 0.75
vt 0.7916666 0.5
vt 0.7916666 0.75
vt 0.7916666 0.5
vt 0.7916666 0.75
vt 0.6178367 0.7509193
vt 0.6146333 0.75
vt 0.375 0.75
vt 0.375 0.8333333
vt 0.6207267 0.7535874
vt 0.6230201 0.757743
vt 0.6244927 0.7629794
vt 0.625 0.768784
vt 0.625 0.8145493
vt 0.6244926 0.8203538
vt 0.6230202 0.8255903
vt 0.6207266 0.8297458
vt 0.6178368 0.832414
vt 0.6146332 0.8333333
vt 0.602812 0.8333334
vt 0.602812 0.9166666
vt 0.625 0.8333333
vt 0.375 0.9166666
vt 0.6178367 0.917586
vt 0.6146332 0.9166666
vt 0.375 1
vt 0.6207266 0.9202541
vt 0.6230201 0.9244097
vt 0.6244926 0.9296462
vt 0.625 0.9354507
vt 0.625 0.981216
vt 0.6244927 0.9870206
vt 0.6230201 0.992257
vt 0.6207267 0.9964126
vt 0.6178367 0.9990807
vt 0.6146332 1
vt 0.375 0
vt 0.375 0.25
vt 0.6146332 0.25
vt 0.6146332 0
vt 0.6178367 0
vt 0.6178367 0.25
vt 0.625 0
vt 0.625 0.25
vt 0.2916667 0.5
vt 0.375 0.75
vt 0.375 0.5
vt 0.2916667 0.75
vt 0.2083333 0.5
vt 0.2083333 0.75
vt 0.125 0.5
vt 0.125 0.75
vt 0.6178367 0.2509193
vt 0.6146333 0.25
vt 0.375 0.25
vt 0.6207267 0.2535874
vt 0.6230201 0.257743
vt 0.6244927 0.2629794
vt 0.625 0.268784
vt 0.625 0.3145493
vt 0.6244926 0.3203538
vt 0.6230202 0.3255903
vt 0.6207266 0.3297459
vt 0.6178368 0.332414
vt 0.6146332 0.3333333
vt 0.602812 0.3333333
vt 0.375 0.3333333
vt 0.602812 0.4166667
vt 0.625 0.3333333
vt 0.375 0.4166667
vt 0.375 0.5
vt 0.6146332 0.5
vt 0.6178367 0.4990807
vt 0.6207267 0.4964126
vt 0.6230201 0.492257
vt 0.6244927 0.4870206
vt 0.625 0.481216
vt 0.625 0.4354507
vt 0.6244926 0.4296462
vt 0.6230201 0.4244097
vt 0.6207266 0.4202541
vt 0.6178367 0.4175861
vt 0.6146332 0.4166667
vt 0.375 0.5
vt 0.375 0.75
vt 0.6146332 0.7500001
vt 0.6146332 0.5
vt 0.6178367 0.5
vt 0.6178367 0.75
vt 0.6207267 0.5
vt 0.6207267 0.75
vt 0.632743 0.5
vt 0.6327431 0.75
vt 0.6379794 0.5
vt 0.6379794 0.75
vt 0.643784 0.5
vt 0.643784 0.75
vt 0.6895493 0.75
vt 0.6895493 0.5
vt 0.6953539 0.5
vt 0.6953539 0.75
vt 0.7005903 0.5
vt 0.7005903 0.75
vt 0.7083333 0.5
vt 0.7083333 0.75
vt 0.7083333 0.5
vt 0.7083333 0.75
vt 0.7083333 0.5
vt 0.7083333 0.75
vt 0.7083333 0.5
vt 0.7083333 0.75
vt 0.8672569 0.75
vt 0.875 0.75
vt 0.875 0.5
vt 0.867257 0.5
vt 0.8620206 0.75
vt 0.8620206 0.5
vt 0.856216 0.75
vt 0.856216 0.5
vt 0.8104507 0.5
vt 0.8104507 0.75
vt 0.804646 0.75
vt 0.8046461 0.5
vt 0.7994097 0.75
vt 0.7994097 0.5
vt 0.7916666 0.75
vt 0.7916666 0.5
vt 0.7083333 0.5
vt 0.7083333 0.75
vt 0.7916666 0.75
vt 0.7916666 0.5
vt 0.7083333 0.5
vt 0.7083333 0.75
vt 0.7916666 0.75
vt 0.7916666 0.5
vt 0.7083333 0.5
vt 0.7083333 0.75
vt 0.7916666 0.75
vt 0.7916666 0.5
vt 0.7083333 0.5
vt 0.7083333 0.75
vt 0.7916666 0.75
vt 0.7916666 0.5
vt 0.7083333 0.5
vt 0.7083333 0.75
vt 0.7916666 0.75
vt 0.7916666 0.5
vt 0.7083333 0.5
vt 0.7083333 0.75
vt 0.7916666 0.75
vt 0.7916666 0.5
vt 0.7083333 0.5
vt 0.7083333 0.75
vt 0.7916666 0.75
vt 0.7916666 0.5
vt 0.7083333 0.5
vt 0.7083333 0.75
vt 0.7916666 0.75
vt 0.7916666 0.5
vt 0.7083333 0.5
vt 0.7083333 0.75
vt 0.7916666 0.75
vt 0.7916666 0.5
vt 0.7083333 0.5
vt 0.7083333 0.75
vt 0.7916666 0.75
vt 0.7916666 0.5
vt 0.7083333 0.5
vt 0.7083333 0.75
vt 0.7916666 0.75
vt 0.7916666 0.5
vt 0.7083333 0.5
vt 0.7083333 0.75
vt 0.7916666 0.75
vt 0.7916666 0.5
vt 0.7083333 0.5
vt 0.7083333 0.75
vt 0.7916666 0.75
vt 0.7916666 0.5
vt 0.7083333 0.5
vt 0.7083333 0.75
vt 0.7916666 0.75
vt 0.7916666 0.5
vt 0.7083333 0.5
vt 0.7083333 0.75
vt 0.7916666 0.75
vt 0.7916666 0.5
vt 0.7083333 0.5
vt 0.7083333 0.75
vt 0.7916666 0.75
vt 0.7916666 0.5
vt 0.7083333 0.5
vt 0.7083333 0.75
vt 0.7916666 0.75
vt 0.7916666 0.5
vt 0.7083333 0.5
vt 0.7083333 0.75
vt 0.7916666 0.75
vt 0.7916666 0.5
vt 0.7083333 0.5
vt 0.7083333 0.75
vt 0.7916666 0.75
vt 0.7916666 0.5
vt 0.7083333 0.5
vt 0.7083333 0.75
vt 0.7916666 0.75
vt 0.7916666 0.5
vt 0.7083333 0.5
vt 0.7083333 0.75
vt 0.7916666 0.75
vt 0.7916666 0.5
vt 0.7083333 0.5
vt 0.7083333 0.75
vt 0.7916666 0.75
vt 0.7916666 0.5
vt 0.7083333 0.5
vt 0.7083333 0.75
vt 0.7916666 0.75
vt 0.7916666 0.5
vt 0.7083333 0.5
vt 0.7083333 0.75
vt 0.7916666 0.75
vt 0.7916666 0.5
vt 0.7083333 0.5
vt 0.7083333 0.75
vt 0.7916666 0.75
vt 0.7916666 0.5
vt 0.7083333 0.5
vt 0.7083333 0.75
vt 0.7916666 0.75
vt 0.7916666 0.5
vt 0.7083333 0.5
vt 0.7083333 0.75
vt 0.7916666 0.75
vt 0.7916666 0.5
vt 0.7083333 0.5
vt 0.7083333 0.75
vt 0.7916666 0.75
vt 0.7916666 0.5
vt 0.7083333 0.5
vt 0.7083333 0.75
vt 0.7916666 0.75
vt 0.7916666 0.5
vt 0.7083333 0.5
vt 0.7083333 0.75
vt 0.7916666 0.75
vt 0.7916666 0.5
vt 0.7083333 0.5
vt 0.7083333 0.75
vt 0.7916666 0.75
vt 0.7916666 0.5
vt 0.7083333 0.5
vt 0.7083333 0.75
vt 0.7916666 0.75
vt 0.7916666 0.5
vt 0.7083333 0.5
vt 0.7083333 0.75
vt 0.7916666 0.75
vt 0.7916666 0.5
vt 0.7083333 0.5
vt 0.7083333 0.75
vt 0.7916666 0.75
vt 0.7916666 0.5
vt 0.7083333 0.5
vt 0.7083333 0.75
vt 0.7916666 0.75
vt 0.7916666 0.5
vt 0.7083333 0.5
vt 0.7083333 0.75
vt 0.7916666 0.75
vt 0.7916666 0.5
vt 0.7083333 0.5
vt 0.7083333 0.75
vt 0.7916666 0.75
vt 0.7916666 0.5
vt 0.7083333 0.5
vt 0.7083333 0.75
vt 0.7916666 0.75
vt 0.7916666 0.5
vt 0.7083333 0.5
vt 0.7083333 0.75
vt 0.7916666 0.75
vt 0.7916666 0.5
vt 0.7083333 0.5
vt 0.7083333 0.75
vt 0.7916666 0.75
vt 0.7916666 0.5
vt 0.7083333 0.5
vt 0.7083333 0.75
vt 0.7916666 0.75
vt 0.7916666 0.5
vt 0.7083333 0.5
vt 0.7083333 0.75
vt 0.7916666 0.75
vt 0.7916666 0.5
vt 0.7083333 0.5
vt 0.7083333 0.75
vt 0.7916666 0.75
vt 0.7916666 0.5

vt2 0 0
vt2 0 0
vt2 0 0
vt2 0 0
vt2 0 0
vt2 0 0
vt2 0 0
vt2 0 0
vt2 0 0
vt2 0 0
vt2 0 0
vt2 0 0
vt2 0 0
vt2 0 0
vt2 0 0
vt2 0 0
vt2 0 0
vt2 0 0
vt2 0 0
vt2 0 0
vt2 0 0
vt2 0 0
vt2 0 0
vt2 0 0
vt2 0 0
vt2 0 0
vt2 0 0
vt2 0 0
vt2 0 0
vt2 0 0
vt2 0 0
vt2 0 0
vt2 0 0
vt2 0 0
vt2 0 0
vt2 0 0
vt2 0 0
vt2 0 0
vt2 0 0
vt2 0 0
vt2 0 0
vt2 0 0
vt2 0 0
vt2 0 0
vt2 0 0
vt2 0 0
vt2 0 0
vt2 0 0
vt2 0 0
vt2 0 0
vt2 0 0
vt2 0 0
vt2 0 0
vt2 0 0
vt2 0 0
vt2 0 0
vt2 0 0
vt2 0 0
vt2 0 0
vt2 0 0
vt2 0 0
vt2 0 0
vt2 0 0
vt2 0 0
vt2 0 0
vt2 0 0
vt2 0 0
vt2 0 0
vt2 0 0
vt2 0 0
vt2 0 0
vt2 0 0
vt2 0 0
vt2 0 0
vt2 0 0
vt2 0 0
vt2 0 0
vt2 0 0
vt2 0 0
vt2 0 0
vt2 0 0
vt2 0 0
vt2 0 0
vt2 0 0
vt2 0 0
vt2 0 0
vt2 0 0
vt2 0 0
vt2 0 0
vt2 0 0
vt2 0 0
vt2 0 0
vt2 0 0
vt2 0 0
vt2 0 0
vt2 0 0
vt2 0 0
vt2 0 0
vt2 0 0
vt2 0 0
vt2 0 0
vt2 0 0
vt2 0 0
vt2 0 0
vt2 0 0
vt2 0 0
vt2 0 0
vt2 0 0
vt2 0 0
vt2 0 0
vt2 0 0
vt2 0 0
vt2 0 0
vt2 0 0
vt2 0 0
vt2 0 0
vt2 0 0
vt2 0 0
vt2 0 0
vt2 0 0
vt2 0 0
vt2 0 0
vt2 0 0
vt2 0 0
vt2 0 0
vt2 0 0
vt2 0 0
vt2 0 0
vt2 0 0
vt2 0 0
vt2 0 0
vt2 0 0
vt2 0 0
vt2 0 0
vt2 0 0
vt2 0 0
vt2 0 0
vt2 0 0
vt2 0 0
vt2 0 0
vt2 0 0
vt2 0 0
vt2 0 0
vt2 0 0
vt2 0 0
vt2 0 0
vt2 0 0
vt2 0 0
vt2 0 0
vt2 0 0
vt2 0 0
vt2 0 0
vt2 0 0
vt2 0 0
vt2 0 0
vt2 0 0
vt2 0 0
vt2 0 0
vt2 0 0
vt2 0 0
vt2 0 0
vt2 0 0
vt2 0 0
vt2 0 0
vt2 0 0
vt2 0 0
vt2 0 0
vt2 0 0
vt2 0 0
vt2 0 0
vt2 0 0
vt2 0 0
vt2 0 0
vt2 0 0
vt2 0 0
vt2 0 0
vt2 0 0
vt2 0 0
vt2 0 0
vt2 0 0
vt2 0 0
vt2 0 0
vt2 0 0
vt2 0 0
vt2 0 0
vt2 0 0
vt2 0 0
vt2 0 0
vt2 0 0
vt2 0 0
vt2 0 0
vt2 0 0
vt2 0 0
vt2 0 0
vt2 0 0
vt2 0 0
vt2 0 0
vt2 0 0
vt2 0 0
vt2 0 0
vt2 0 0
vt2 0 0
vt2 0 0
vt2 0 0
vt2 0 0
vt2 0 0
vt2 0 0
vt2 0 0
vt2 0 0
vt2 0 0
vt2 0 0
vt2 0 0
vt2 0 0
vt2 0 0
vt2 0 0
vt2 0 0
vt2 0 0
vt2 0 0
vt2 0 0
vt2 0 0
vt2 0 0
vt2 0 0
vt2 0 0
vt2 0 0
vt2 0 0
vt2 0 0
vt2 0 0
vt2 0 0
vt2 0 0
vt2 0 0
vt2 0 0
vt2 0 0
vt2 0 0
vt2 0 0
vt2 0 0
vt2 0 0
vt2 0 0
vt2 0 0
vt2 0 0
vt2 0 0
vt2 0 0
vt2 0 0
vt2 0 0
vt2 0 0
vt2 0 0
vt2 0 0
vt2 0 0
vt2 0 0
vt2 0 0
vt2 0 0
vt2 0 0
vt2 0 0
vt2 0 0
vt2 0 0
vt2 0 0
vt2 0 0
vt2 0 0
vt2 0 0
vt2 0 0
vt2 0 0
vt2 0 0
vt2 0 0
vt2 0 0
vt2 0 0
vt2 0 0
vt2 0 0
vt2 0 0
vt2 0 0
vt2 0 0
vt2 0 0
vt2 0 0
vt2 0 0
vt2 0 0
vt2 0 0
vt2 0 0
vt2 0 0
vt2 0 0
vt2 0 0
vt2 0 0
vt2 0 0
vt2 0 0
vt2 0 0
vt2 0 0
vt2 0 0
vt2 0 0
vt2 0 0
vt2 0 0
vt2 0 0
vt2 0 0
vt2 0 0
vt2 0 0
vt2 0 0
vt2 0 0
vt2 0 0
vt2 0 0
vt2 0 0
vt2 0 0
vt2 0 0
vt2 0 0
vt2 0 0
vt2 0 0
vt2 0 0
vt2 0 0
vt2 0 0
vt2 0 0
vt2 0 0
vt2 0 0
vt2 0 0
vt2 0 0
vt2 0 0
vt2 0 0
vt2 0 0
vt2 0 0
vt2 0 0
vt2 0 0
vt2 0 0
vt2 0 0
vt2 0 0
vt2 0 0
vt2 0 0
vt2 0 0
vt2 0 0
vt2 0 0
vt2 0 0
vt2 0 0
vt2 0 0
vt2 0 0
vt2 0 0
vt2 0 0
vt2 0 0
vt2 0 0
vt2 0 0
vt2 0 0
vt2 0 0
vt2 0 0
vt2 0 0
vt2 0 0
vt2 0 0
vt2 0 0
vt2 0 0
vt2 0 0
vt2 0 0
vt2 0 0
vt2 0 0
vt2 0 0
vt2 0 0
vt2 0 0
vt2 0 0
vt2 0 0
vt2 0 0
vt2 0 0
vt2 0 0
vt2 0 0
vt2 0 0
vt2 0 0
vt2 0 0
vt2 0 0
vt2 0 0
vt2 0 0
vt2 0 0
vt2 0 0
vt2 0 0
vt2 0 0
vt2 0 0
vt2 0 0
vt2 0 0
vt2 0 0
vt2 0 0
vt2 0 0
vt2 0 0
vt2 0 0
vt2 0 0
vt2 0 0
vt2 0 0
vt2 0 0
vt2 0 0
vt2 0 0
vt2 0 0
vt2 0 0
vt2 0 0
vt2 0 0
vt2 0 0
vt2 0 0
vt2 0 0
vt2 0 0
vt2 0 0
vt2 0 0
vt2 0 0
vt2 0 0
vt2 0 0
vt2 0 0
vt2 0 0
vt2 0 0
vt2 0 0
vt2 0 0
vt2 0 0
vt2 0 0
vt2 0 0
vt2 0 0
vt2 0 0
vt2 0 0
vt2 0 0
vt2 0 0
vt2 0 0
vt2 0 0
vt2 0 0
vt2 0 0
vt2 0 0
vt2 0 0
vt2 0 0
vt2 0 0
vt2 0 0
vt2 0 0
vt2 0 0
vt2 0 0
vt2 0 0
vt2 0 0
vt2 0 0
vt2 0 0
vt2 0 0
vt2 0 0
vt2 0 0
vt2 0 0
vt2 0 0
vt2 0 0
vt2 0 0
vt2 0 0
vt2 0 0
vt2 0 0
vt2 0 0
vt2 0 0
vt2 0 0
vt2 0 0
vt2 0 0
vt2 0 0
vt2 0 0
vt2 0 0
vt2 0 0
vt2 0 0
vt2 0 0
vt2 0 0
vt2 0 0
vt2 0 0
vt2 0 0
vt2 0 0
vt2 0 0
vt2 0 0
vt2 0 0
vt2 0 0
vt2 0 0
vt2 0 0
vt2 0 0
vt2 0 0
vt2 0 0
vt2 0 0
vt2 0 0
vt2 0 0
vt2 0 0
vt2 0 0
vt2 0 0
vt2 0 0
vt2 0 0
vt2 0 0
vt2 0 0
vt2 0 0
vt2 0 0
vt2 0 0
vt2 0 0
vt2 0 0
vt2 0 0
vt2 0 0
vt2 0 0
vt2 0 0
vt2 0 0
vt2 0 0
vt2 0 0
vt2 0 0
vt2 0 0
vt2 0 0
vt2 0 0
vt2 0 0
vt2 0 0
vt2 0 0
vt2 0 0
vt2 0 0
vt2 0 0
vt2 0 0
vt2 0 0
vt2 0 0
vt2 0 0
vt2 0 0
vt2 0 0
vt2 0 0
vt2 0 0
vt2 0 0
vt2 0 0
vt2 0 0
vt2 0 0
vt2 0 0
vt2 0 0
vt2 0 0
vt2 0 0
vt2 0 0
vt2 0 0
vt2 0 0
vt2 0 0
vt2 0 0
vt2 0 0
vt2 0 0
vt2 0 0
vt2 0 0
vt2 0 0
vt2 0 0
vt2 0 0
vt2 0 0
vt2 0 0
vt2 0 0
vt2 0 0
vt2 0 0
vt2 0 0
vt2 0 0
vt2 0 0
vt2 0 0
vt2 0 0
vt2 0 0
vt2 0 0
vt2 0 0
vt2 0 0
vt2 0 0
vt2 0 0
vt2 0 0
vt2 0 0
vt2 0 0
vt2 0 0
vt2 0 0
vt2 0 0
vt2 0 0
vt2 0 0
vt2 0 0
vt2 0 0
vt2 0 0
vt2 0 0
vt2 0 0
vt2 0 0
vt2 0 0
vt2 0 0
vt2 0 0
vt2 0 0
vt2 0 0
vt2 0 0
vt2 0 0
vt2 0 0
vt2 0 0
vt2 0 0
vt2 0 0
vt2 0 0
vt2 0 0
vt2 0 0
vt2 0 0
vt2 0 0
vt2 0 0
vt2 0 0
vt2 0 0
vt2 0 0
vt2 0 0
vt2 0 0
vt2 0 0
vt2 0 0
vt2 0 0
vt2 0 0
vt2 0 0
vt2 0 0
vt2 0 0
vt2 0 0
vt2 0 0
vt2 0 0
vt2 0 0
vt2 0 0
vt2 0 0
vt2 0 0
vt2 0 0
vt2 0 0
vt2 0 0
vt2 0 0
vt2 0 0
vt2 0 0
vt2 0 0
vt2 0 0
vt2 0 0
vt2 0 0
vt2 0 0
vt2 0 0
vt2 0 0
vt2 0 0
vt2 0 0
vt2 0 0
vt2 0 0
vt2 0 0
vt2 0 0
vt2 0 0
vt2 0 0
vt2 0 0
vt2 0 0
vt2 0 0
vt2 0 0
vt2 0 0
vt2 0 0
vt2 0 0
vt2 0 0
vt2 0 0
vt2 0 0
vt2 0 0
vt2 0 0
vt2 0 0
vt2 0 0
vt2 0 0
vt2 0 0
vt2 0 0
vt2 0 0
vt2 0 0
vt2 0 0
vt2 0 0
vt2 0 0
vt2 0 0
vt2 0 0
vt2 0 0
vt2 0 0
vt2 0 0
vt2 0 0
vt2 0 0
vt2 0 0
vt2 0 0
vt2 0 0
vt2 0 0
vt2 0 0
vt2 0 0
vt2 0 0
vt2 0 0
vt2 0 0
vt2 0 0
vt2 0 0
vt2 0 0
vt2 0 0
vt2 0 0
vt2 0 0
vt2 0 0
vt2 0 0
vt2 0 0
vt2 0 0
vt2 0 0
vt2 0 0
vt2 0 0
vt2 0 0
vt2 0 0
vt2 0 0
vt2 0 0
vt2 0 0
vt2 0 0
vt2 0 0
vt2 0 0
vt2 0 0
vt2 0 0
vt2 0 0
vt2 0 0
vt2 0 0
vt2 0 0
vt2 0 0
vt2 0 0
vt2 0 0
vt2 0 0
vt2 0 0
vt2 0 0
vt2 0 0
vt2 0 0
vt2 0 0
vt2 0 0
vt2 0 0
vt2 0 0
vt2 0 0
vt2 0 0
vt2 0 0
vt2 0 0
vt2 0 0
vt2 0 0
vt2 0 0
vt2 0 0
vt2 0 0
vt2 0 0
vt2 0 0
vt2 0 0
vt2 0 0
vt2 0 0
vt2 0 0
vt2 0 0
vt2 0 0
vt2 0 0
vt2 0 0
vt2 0 0
vt2 0 0
vt2 0 0
vt2 0 0
vt2 0 0
vt2 0 0
vt2 0 0
vt2 0 0
vt2 0 0
vt2 0 0
vt2 0 0
vt2 0 0
vt2 0 0
vt2 0 0
vt2 0 0
vt2 0 0
vt2 0 0
vt2 0 0
vt2 0 0
vt2 0 0
vt2 0 0
vt2 0 0
vt2 0 0
vt2 0 0
vt2 0 0
vt2 0 0
vt2 0 0
vt2 0 0
vt2 0 0
vt2 0 0
vt2 0 0
vt2 0 0
vt2 0 0
vt2 0 0
vt2 0 0
vt2 0 0
vt2 0 0
vt2 0 0
vt2 0 0
vt2 0 0
vt2 0 0
vt2 0 0
vt2 0 0
vt2 0 0
vt2 0 0
vt2 0 0
vt2 0 0
vt2 0 0
vt2 0 0
vt2 0 0
vt2 0 0
vt2 0 0
vt2 0 0
vt2 0 0
vt2 0 0
vt2 0 0
vt2 0 0
vt2 0 0
vt2 0 0
vt2 0 0
vt2 0 0
vt2 0 0
vt2 0 0
vt2 0 0
vt2 0 0
vt2 0 0
vt2 0 0
vt2 0 0
vt2 0 0
vt2 0 0
vt2 0 0
vt2 0 0
vt2 0 0
vt2 0 0
vt2 0 0
vt2 0 0
vt2 0 0
vt2 0 0
vt2 0 0
vt2 0 0
vt2 0 0
vt2 0 0
vt2 0 0
vt2 0 0
vt2 0 0
vt2 0 0
vt2 0 0
vt2 0 0
vt2 0 0
vt2 0 0
vt2 0 0
vt2 0 0
vt2 0 0
vt2 0 0
vt2 0 0
vt2 0 0
vt2 0 0
vt2 0 0
vt2 0 0
vt2 0 0
vt2 0 0
vt2 0 0
vt2 0 0
vt2 0 0
vt2 0 0
vt2 0 0
vt2 0 0
vt2 0 0
vt2 0 0
vt2 0 0
vt2 0 0
vt2 0 0
vt2 0 0
vt2 0 0
vt2 0 0
vt2 0 0
vt2 0 0
vt2 0 0
vt2 0 0
vt2 0 0
vt2 0 0
vt2 0 0
vt2 0 0
vt2 0 0
vt2 0 0
vt2 0 0
vt2 0 0
vt2 0 0
vt2 0 0
vt2 0 0
vt2 0 0
vt2 0 0
vt2 0 0
vt2 0 0
vt2 0 0
vt2 0 0
vt2 0 0
vt2 0 0
vt2 0 0
vt2 0 0
vt2 0 0
vt2 0 0
vt2 0 0
vt2 0 0
vt2 0 0
vt2 0 0
vt2 0 0
vt2 0 0
vt2 0 0
vt2 0 0
vt2 0 0
vt2 0 0
vt2 0 0
vt2 0 0
vt2 0 0
vt2 0 0
vt2 0 0
vt2 0 0
vt2 0 0
vt2 0 0
vt2 0 0
vt2 0 0
vt2 0 0
vt2 0 0
vt2 0 0
vt2 0 0
vt2 0 0
vt2 0 0
vt2 0 0
vt2 0 0
vt2 0 0
vt2 0 0
vt2 0 0
vt2 0 0
vt2 0 0
vt2 0 0
vt2 0 0
vt2 0 0
vt2 0 0
vt2 0 0
vt2 0 0
vt2 0 0
vt2 0 0
vt2 0 0
vt2 0 0
vt2 0 0
vt2 0 0
vt2 0 0
vt2 0 0
vt2 0 0
vt2 0 0
vt2 0 0
vt2 0 0
vt2 0 0
vt2 0 0
vt2 0 0
vt2 0 0
vt2 0 0
vt2 0 0
vt2 0 0
vt2 0 0
vt2 0 0
vt2 0 0
vt2 0 0
vt2 0 0
vt2 0 0
vt2 0 0
vt2 0 0
vt2 0 0
vt2 0 0
vt2 0 0
vt2 0 0
vt2 0 0
vt2 0 0
vt2 0 0
vt2 0 0
vt2 0 0
vt2 0 0
vt2 0 0
vt2 0 0
vt2 0 0
vt2 0 0
vt2 0 0
vt2 0 0
vt2 0 0
vt2 0 0
vt2 0 0
vt2 0 0
vt2 0 0
vt2 0 0
vt2 0 0
vt2 0 0
vt2 0 0
vt2 0 0
vt2 0 0
vt2 0 0
vt2 0 0
vt2 0 0
vt2 0 0
vt2 0 0
vt2 0 0
vt2 0 0
vt2 0 0
vt2 0 0
vt2 0 0
vt2 0 0
vt2 0 0
vt2 0 0
vt2 0 0
vt2 0 0
vt2 0 0
vt2 0 0
vt2 0 0
vt2 0 0
vt2 0 0
vt2 0 0
vt2 0 0
vt2 0 0
vt2 0 0
vt2 0 0
vt2 0 0
vt2 0 0
vt2 0 0
vt2 0 0
vt2 0 0
vt2 0 0
vt2 0 0
vt2 0 0
vt2 0 0
vt2 0 0
vt2 0 0
vt2 0 0
vt2 0 0
vt2 0 0
vt2 0 0
vt2 0 0
vt2 0 0
vt2 0 0
vt2 0 0
vt2 0 0
vt2 0 0
vt2 0 0
vt2 0 0
vt2 0 0
vt2 0 0
vt2 0 0
vt2 0 0
vt2 0 0
vt2 0 0
vt2 0 0
vt2 0 0
vt2 0 0
vt2 0 0
vt2 0 0
vt2 0 0
vt2 0 0
vt2 0 0
vt2 0 0
vt2 0 0
vt2 0 0
vt2 0 0
vt2 0 0
vt2 0 0
vt2 0 0
vt2 0 0
vt2 0 0
vt2 0 0
vt2 0 0
vt2 0 0
vt2 0 0
vt2 0 0
vt2 0 0
vt2 0 0
vt2 0 0
vt2 0 0
vt2 0 0
vt2 0 0
vt2 0 0
vt2 0 0
vt2 0 0
vt2 0 0
vt2 0 0
vt2 0 0
vt2 0 0
vt2 0 0
vt2 0 0
vt2 0 0
vt2 0 0
vt2 0 0
vt2 0 0
vt2 0 0
vt2 0 0
vt2 0 0
vt2 0 0
vt2 0 0
vt2 0 0
vt2 0 0
vt2 0 0
vt2 0 0
vt2 0 0
vt2 0 0
vt2 0 0
vt2 0 0
vt2 0 0
vt2 0 0
vt2 0 0
vt2 0 0
vt2 0 0
vt2 0 0
vt2 0 0
vt2 0 0
vt2 0 0
vt2 0 0
vt2 0 0
vt2 0 0
vt2 0 0
vt2 0 0
vt2 0 0
vt2 0 0
vt2 0 0
vt2 0 0
vt2 0 0
vt2 0 0
vt2 0 0
vt2 0 0
vt2 0 0
vt2 0 0
vt2 0 0
vt2 0 0
vt2 0 0
vt2 0 0
vt2 0 0
vt2 0 0
vt2 0 0
vt2 0 0
vt2 0 0
vt2 0 0
vt2 0 0
vt2 0 0
vt2 0 0
vt2 0 0
vt2 0 0
vt2 0 0
vt2 0 0
vt2 0 0
vt2 0 0
vt2 0 0
vt2 0 0
vt2 0 0
vt2 0 0
vt2 0 0
vt2 0 0
vt2 0 0
vt2 0 0
vt2 0 0
vt2 0 0
vt2 0 0
vt2 0 0
vt2 0 0
vt2 0 0
vt2 0 0
vt2 0 0
vt2 0 0
vt2 0 0
vt2 0 0
vt2 0 0
vt2 0 0
vt2 0 0
vt2 0 0
vt2 0 0
vt2 0 0
vt2 0 0
vt2 0 0
vt2 0 0
vt2 0 0
vt2 0 0
vt2 0 0
vt2 0 0
vt2 0 0
vt2 0 0
vt2 0 0
vt2 0 0
vt2 0 0
vt2 0 0
vt2 0 0
vt2 0 0
vt2 0 0
vt2 0 0
vt2 0 0
vt2 0 0
vt2 0 0
vt2 0 0
vt2 0 0
vt2 0 0
vt2 0 0
vt2 0 0
vt2 0 0
vt2 0 0
vt2 0 0
vt2 0 0
vt2 0 0
vt2 0 0
vt2 0 0
vt2 0 0
vt2 0 0
vt2 0 0
vt2 0 0
vt2 0 0
vt2 0 0
vt2 0 0
vt2 0 0
vt2 0 0
vt2 0 0
vt2 0 0
vt2 0 0
vt2 0 0
vt2 0 0
vt2 0 0
vt2 0 0
vt2 0 0
vt2 0 0
vt2 0 0
vt2 0 0
vt2 0 0
vt2 0 0
vt2 0 0
vt2 0 0
vt2 0 0
vt2 0 0
vt2 0 0
vt2 0 0
vt2 0 0
vt2 0 0
vt2 0 0
vt2 0 0
vt2 0 0
vt2 0 0
vt2 0 0
vt2 0 0
vt2 0 0
vt2 0 0
vt2 0 0
vt2 0 0
vt2 0 0
vt2 0 0
vt2 0 0
vt2 0 0
vt2 0 0
vt2 0 0
vt2 0 0
vt2 0 0
vt2 0 0
vt2 0 0
vt2 0 0
vt2 0 0
vt2 0 0
vt2 0 0
vt2 0 0
vt2 0 0
vt2 0 0
vt2 0 0
vt2 0 0
vt2 0 0
vt2 0 0
vt2 0 0
vt2 0 0
vt2 0 0
vt2 0 0
vt2 0 0
vt2 0 0
vt2 0 0
vt2 0 0
vt2 0 0
vt2 0 0
vt2 0 0
vt2 0 0
vt2 0 0
vt2 0 0
vt2 0 0
vt2 0 0
vt2 0 0
vt2 0 0
vt2 0 0
vt2 0 0
vt2 0 0
vt2 0 0
vt2 0 0
vt2 0 0
vt2 0 0
vt2 0 0
vt2 0 0
vt2 0 0
vt2 0 0
vt2 0 0
vt2 0 0
vt2 0 0
vt2 0 0
vt2 0 0
vt2 0 0
vt2 0 0
vt2 0 0
vt2 0 0
vt2 0 0
vt2 0 0
vt2 0 0
vt2 0 0
vt2 0 0
vt2 0 0
vt2 0 0
vt2 0 0
vt2 0 0
vt2 0 0
vt2 0 0
vt2 0 0
vt2 0 0
vt2 0 0
vt2 0 0
vt2 0 0
vt2 0 0
vt2 0 0
vt2 0 0
vt2 0 0
vt2 0 0
vt2 0 0
vt2 0 0
vt2 0 0
vt2 0 0
vt2 0 0
vt2 0 0
vt2 0 0
vt2 0 0
vt2 0 0
vt2 0 0
vt2 0 0
vt2 0 0
vt2 0 0
vt2 0 0
vt2 0 0
vt2 0 0
vt2 0 0
vt2 0 0
vt2 0 0
vt2 0 0
vt2 0 0
vt2 0 0
vt2 0 0
vt2 0 0
vt2 0 0
vt2 0 0
vt2 0 0
vt2 0 0
vt2 0 0
vt2 0 0
vt2 0 0
vt2 0 0
vt2 0 0
vt2 0 0
vt2 0 0
vt2 0 0
vt2 0 0
vt2 0 0
vt2 0 0
vt2 0 0
vt2 0 0
vt2 0 0
vt2 0 0
vt2 0 0
vt2 0 0
vt2 0 0
vt2 0 0
vt2 0 0
vt2 0 0
vt2 0 0
vt2 0 0
vt2 0 0
vt2 0 0
vt2 0 0
vt2 0 0
vt2 0 0
vt2 0 0
vt2 0 0
vt2 0 0
vt2 0 0
vt2 0 0
vt2 0 0
vt2 0 0
vt2 0 0
vt2 0 0
vt2 0 0
vt2 0 0
vt2 0 0
vt2 0 0
vt2 0 0
vt2 0 0
vt2 0 0
vt2 0 0
vt2 0 0
vt2 0 0
vt2 0 0
vt2 0 0
vt2 0 0
vt2 0 0
vt2 0 0
vt2 0 0
vt2 0 0
vt2 0 0
vt2 0 0
vt2 0 0
vt2 0 0
vt2 0 0
vt2 0 0
vt2 0 0
vt2 0 0
vt2 0 0
vt2 0 0
vt2 0 0
vt2 0 0
vt2 0 0
vt2 0 0
vt2 0 0
vt2 0 0
vt2 0 0
vt2 0 0
vt2 0 0
vt2 0 0
vt2 0 0
vt2 0 0
vt2 0 0
vt2 0 0
vt2 0 0
vt2 0 0
vt2 0 0
vt2 0 0
vt2 0 0
vt2 0 0
vt2 0 0
vt2 0 0
vt2 0 0
vt2 0 0
vt2 0 0
vt2 0 0
vt2 0 0
vt2 0 0
vt2 0 0
vt2 0 0
vt2 0 0
vt2 0 0
vt2 0 0
vt2 0 0
vt2 0 0
vt2 0 0
vt2 0 0
vt2 0 0
vt2 0 0
vt2 0 0
vt2 0 0
vt2 0 0
vt2 0 0
vt2 0 0
vt2 0 0
vt2 0 0
vt2 0 0
vt2 0 0
vt2 0 0
vt2 0 0
vt2 0 0
vt2 0 0
vt2 0 0
vt2 0 0
vt2 0 0
vt2 0 0
vt2 0 0
vt2 0 0
vt2 0 0
vt2 0 0
vt2 0 0
vt2 0 0
vt2 0 0
vt2 0 0
vt2 0 0
vt2 0 0
vt2 0 0
vt2 0 0
vt2 0 0
vt2 0 0
vt2 0 0
vt2 0 0
vt2 0 0
vt2 0 0
vt2 0 0
vt2 0 0
vt2 0 0
vt2 0 0
vt2 0 0
vt2 0 0
vt2 0 0
vt2 0 0
vt2 0 0
vt2 0 0
vt2 0 0
vt2 0 0
vt2 0 0
vt2 0 0
vt2 0 0
vt2 0 0
vt2 0 0
vt2 0 0
vt2 0 0
vt2 0 0
vt2 0 0
vt2 0 0
vt2 0 0
vt2 0 0
vt2 0 0
vt2 0 0
vt2 0 0
vt2 0 0
vt2 0 0
vt2 0 0
vt2 0 0
vt2 0 0
vt2 0 0
vt2 0 0
vt2 0 0
vt2 0 0
vt2 0 0
vt2 0 0
vt2 0 0
vt2 0 0
vt2 0 0
vt2 0 0
vt2 0 0
vt2 0 0
vt2 0 0
vt2 0 0
vt2 0 0
vt2 0 0
vt2 0 0
vt2 0 0
vt2 0 0
vt2 0 0
vt2 0 0
vt2 0 0
vt2 0 0
vt2 0 0
vt2 0 0
vt2 0 0
vt2 0 0
vt2 0 0
vt2 0 0
vt2 0 0
vt2 0 0
vt2 0 0
vt2 0 0
vt2 0 0
vt2 0 0
vt2 0 0
vt2 0 0
vt2 0 0
vt2 0 0
vt2 0 0
vt2 0 0
vt2 0 0
vt2 0 0
vt2 0 0
vt2 0 0
vt2 0 0
vt2 0 0
vt2 0 0
vt2 0 0
vt2 0 0
vt2 0 0
vt2 0 0
vt2 0 0
vt2 0 0
vt2 0 0
vt2 0 0
vt2 0 0
vt2 0 0
vt2 0 0
vt2 0 0
vt2 0 0
vt2 0 0
vt2 0 0
vt2 0 0
vt2 0 0
vt2 0 0
vt2 0 0
vt2 0 0
vt2 0 0
vt2 0 0
vt2 0 0
vt2 0 0
vt2 0 0
vt2 0 0
vt2 0 0
vt2 0 0
vt2 0 0
vt2 0 0
vt2 0 0
vt2 0 0
vt2 0 0
vt2 0 0
vt2 0 0
vt2 0 0
vt2 0 0
vt2 0 0
vt2 0 0
vt2 0 0
vt2 0 0
vt2 0 0
vt2 0 0
vt2 0 0
vt2 0 0
vt2 0 0
vt2 0 0
vt2 0 0
vt2 0 0
vt2 0 0
vt2 0 0
vt2 0 0
vt2 0 0
vt2 0 0
vt2 0 0
vt2 0 0
vt2 0 0
vt2 0 0
vt2 0 0
vt2 0 0
vt2 0 0
vt2 0 0
vt2 0 0
vt2 0 0
vt2 0 0
vt2 0 0
vt2 0 0
vt2 0 0
vt2 0 0
vt2 0 0
vt2 0 0
vt2 0 0
vt2 0 0
vt2 0 0
vt2 0 0
vt2 0 0
vt2 0 0
vt2 0 0
vt2 0 0
vt2 0 0
vt2 0 0
vt2 0 0
vt2 0 0
vt2 0 0
vt2 0 0
vt2 0 0
vt2 0 0
vt2 0 0
vt2 0 0
vt2 0 0
vt2 0 0
vt2 0 0
vt2 0 0
vt2 0 0
vt2 0 0
vt2 0 0
vt2 0 0
vt2 0 0
vt2 0 0
vt2 0 0
vt2 0 0
vt2 0 0
vt2 0 0
vt2 0 0
vt2 0 0
vt2 0 0
vt2 0 0
vt2 0 0
vt2 0 0
vt2 0 0
vt2 0 0
vt2 0 0
vt2 0 0
vt2 0 0
vt2 0 0
vt2 0 0
vt2 0 0
vt2 0 0
vt2 0 0
vt2 0 0
vt2 0 0
vt2 0 0
vt2 0 0
vt2 0 0
vt2 0 0
vt2 0 0
vt2 0 0
vt2 0 0
vt2 0 0
vt2 0 0
vt2 0 0
vt2 0 0
vt2 0 0
vt2 0 0
vt2 0 0
vt2 0 0
vt2 0 0
vt2 0 0
vt2 0 0
vt2 0 0
vt2 0 0
vt2 0 0
vt2 0 0
vt2 0 0
vt2 0 0
vt2 0 0
vt2 0 0
vt2 0 0
vt2 0 0
vt2 0 0
vt2 0 0
vt2 0 0
vt2 0 0
vt2 0 0
vt2 0 0
vt2 0 0
vt2 0 0
vt2 0 0
vt2 0 0
vt2 0 0
vt2 0 0
vt2 0 0
vt2 0 0
vt2 0 0
vt2 0 0
vt2 0 0
vt2 0 0
vt2 0 0
vt2 0 0
vt2 0 0
vt2 0 0
vt2 0 0
vt2 0 0
vt2 0 0
vt2 0 0
vt2 0 0
vt2 0 0
vt2 0 0
vt2 0 0
vt2 0 0
vt2 0 0
vt2 0 0
vt2 0 0
vt2 0 0
vt2 0 0
vt2 0 0
vt2 0 0
vt2 0 0
vt2 0 0
vt2 0 0
vt2 0 0
vt2 0 0
vt2 0 0
vt2 0 0
vt2 0 0
vt2 0 0
vt2 0 0
vt2 0 0
vt2 0 0
vt2 0 0
vt2 0 0
vt2 0 0
vt2 0 0
vt2 0 0
vt2 0 0
vt2 0 0
vt2 0 0
vt2 0 0
vt2 0 0
vt2 0 0
vt2 0 0
vt2 0 0
vt2 0 0
vt2 0 0
vt2 0 0
vt2 0 0
vt2 0 0
vt2 0 0
vt2 0 0
vt2 0 0
vt2 0 0
vt2 0 0
vt2 0 0
vt2 0 0
vt2 0 0
vt2 0 0
vt2 0 0
vt2 0 0
vt2 0 0
vt2 0 0
vt2 0 0
vt2 0 0
vt2 0 0
vt2 0 0
vt2 0 0
vt2 0 0
vt2 0 0
vt2 0 0
vt2 0 0
vt2 0 0
vt2 0 0
vt2 0 0
vt2 0 0
vt2 0 0
vt2 0 0
vt2 0 0
vt2 0 0
vt2 0 0
vt2 0 0
vt2 0 0
vt2 0 0
vt2 0 0
vt2 0 0
vt2 0 0
vt2 0 0
vt2 0 0
vt2 0 0
vt2 0 0
vt2 0 0
vt2 0 0
vt2 0 0
vt2 0 0
vt2 0 0
vt2 0 0
vt2 0 0
vt2 0 0
vt2 0 0
vt2 0 0
vt2 0 0
vt2 0 0
vt2 0 0
vt2 0 0
vt2 0 0
vt2 0 0
vt2 0 0
vt2 0 0
vt2 0 0
vt2 0 0
vt2 0 0
vt2 0 0
vt2 0 0
vt2 0 0
vt2 0 0
vt2 0 0
vt2 0 0
vt2 0 0
vt2 0 0
vt2 0 0
vt2 0 0
vt2 0 0
vt2 0 0
vt2 0 0
vt2 0 0
vt2 0 0
vt2 0 0
vt2 0 0
vt2 0 0
vt2 0 0
vt2 0 0
vt2 0 0
vt2 0 0
vt2 0 0
vt2 0 0
vt2 0 0
vt2 0 0
vt2 0 0
vt2 0 0
vt2 0 0
vt2 0 0
vt2 0 0
vt2 0 0
vt2 0 0
vt2 0 0
vt2 0 0
vt2 0 0
vt2 0 0
vt2 0 0
vt2 0 0
vt2 0 0
vt2 0 0
vt2 0 0
vt2 0 0
vt2 0 0
vt2 0 0
vt2 0 0
vt2 0 0
vt2 0 0
vt2 0 0
vt2 0 0
vt2 0 0
vt2 0 0
vt2 0 0
vt2 0 0
vt2 0 0
vt2 0 0
vt2 0 0
vt2 0 0
vt2 0 0
vt2 0 0
vt2 0 0
vt2 0 0
vt2 0 0
vt2 0 0
vt2 0 0
vt2 0 0
vt2 0 0
vt2 0 0
vt2 0 0
vt2 0 0
vt2 0 0
vt2 0 0
vt2 0 0
vt2 0 0
vt2 0 0
vt2 0 0
vt2 0 0
vt2 0 0
vt2 0 0
vt2 0 0
vt2 0 0
vt2 0 0
vt2 0 0
vt2 0 0
vt2 0 0
vt2 0 0
vt2 0 0
vt2 0 0
vt2 0 0
vt2 0 0
vt2 0 0
vt2 0 0
vt2 0 0
vt2 0 0
vt2 0 0
vt2 0 0
vt2 0 0
vt2 0 0
vt2 0 0
vt2 0 0
vt2 0 0
vt2 0 0
vt2 0 0
vt2 0 0
vt2 0 0
vt2 0 0
vt2 0 0
vt2 0 0
vt2 0 0
vt2 0 0
vt2 0 0
vt2 0 0
vt2 0 0
vt2 0 0
vt2 0 0
vt2 0 0
vt2 0 0
vt2 0 0
vt2 0 0
vt2 0 0
vt2 0 0
vt2 0 0
vt2 0 0
vt2 0 0
vt2 0 0
vt2 0 0
vt2 0 0
vt2 0 0
vt2 0 0
vt2 0 0
vt2 0 0
vt2 0 0
vt2 0 0
vt2 0 0
vt2 0 0
vt2 0 0
vt2 0 0
vt2 0 0
vt2 0 0
vt2 0 0
vt2 0 0
vt2 0 0
vt2 0 0
vt2 0 0
vt2 0 0
vt2 0 0
vt2 0 0
vt2 0 0
vt2 0 0
vt2 0 0
vt2 0 0
vt2 0 0
vt2 0 0
vt2 0 0
vt2 0 0
vt2 0 0
vt2 0 0
vt2 0 0
vt2 0 0
vt2 0 0
vt2 0 0
vt2 0 0
vt2 0 0
vt2 0 0
vt2 0 0
vt2 0 0
vt2 0 0
vt2 0 0
vt2 0 0
vt2 0 0
vt2 0 0
vt2 0 0
vt2 0 0
vt2 0 0
vt2 0 0
vt2 0 0
vt2 0 0
vt2 0 0
vt2 0 0
vt2 0 0
vt2 0 0
vt2 0 0
vt2 0 0
vt2 0 0
vt2 0 0
vt2 0 0
vt2 0 0
vt2 0 0
vt2 0 0
vt2 0 0
vt2 0 0
vt2 0 0
vt2 0 0
vt2 0 0
vt2 0 0
vt2 0 0
vt2 0 0
vt2 0 0
vt2 0 0
vt2 0 0
vt2 0 0
vt2 0 0
vt2 0 0
vt2 0 0
vt2 0 0
vt2 0 0
vt2 0 0
vt2 0 0
vt2 0 0
vt2 0 0
vt2 0 0
vt2 0 0
vt2 0 0
vt2 0 0
vt2 0 0
vt2 0 0
vt2 0 0
vt2 0 0
vt2 0 0
vt2 0 0
vt2 0 0
vt2 0 0
vt2 0 0
vt2 0 0
vt2 0 0
vt2 0 0
vt2 0 0
vt2 0 0
vt2 0 0
vt2 0 0
vt2 0 0
vt2 0 0
vt2 0 0
vt2 0 0
vt2 0 0
vt2 0 0
vt2 0 0
vt2 0 0
vt2 0 0
vt2 0 0
vt2 0 0
vt2 0 0
vt2 0 0
vt2 0 0
vt2 0 0
vt2 0 0
vt2 0 0
vt2 0 0
vt2 0 0
vt2 0 0
vt2 0 0
vt2 0 0
vt2 0 0
vt2 0 0
vt2 0 0
vt2 0 0
vt2 0 0
vt2 0 0
vt2 0 0
vt2 0 0
vt2 0 0
vt2 0 0
vt2 0 0
vt2 0 0
vt2 0 0
vt2 0 0
vt2 0 0
vt2 0 0
vt2 0 0
vt2 0 0
vt2 0 0
vt2 0 0
vt2 0 0
vt2 0 0
vt2 0 0
vt2 0 0
vt2 0 0
vt2 0 0
vt2 0 0
vt2 0 0
vt2 0 0
vt2 0 0
vt2 0 0
vt2 0 0
vt2 0 0
vt2 0 0
vt2 0 0
vt2 0 0
vt2 0 0
vt2 0 0
vt2 0 0
vt2 0 0
vt2 0 0
vt2 0 0
vt2 0 0
vt2 0 0
vt2 0 0
vt2 0 0
vt2 0 0
vt2 0 0
vt2 0 0
vt2 0 0
vt2 0 0
vt2 0 0
vt2 0 0
vt2 0 0
vt2 0 0
vt2 0 0
vt2 0 0
vt2 0 0
vt2 0 0
vt2 0 0
vt2 0 0
vt2 0 0
vt2 0 0
vt2 0 0
vt2 0 0
vt2 0 0
vt2 0 0
vt2 0 0
vt2 0 0
vt2 0 0
vt2 0 0
vt2 0 0
vt2 0 0
vt2 0 0
vt2 0 0
vt2 0 0
vt2 0 0
vt2 0 0
vt2 0 0
vt2 0 0
vt2 0 0
vt2 0 0
vt2 0 0
vt2 0 0
vt2 0 0
vt2 0 0
vt2 0 0
vt2 0 0
vt2 0 0
vt2 0 0
vt2 0 0
vt2 0 0
vt2 0 0
vt2 0 0
vt2 0 0
vt2 0 0
vt2 0 0
vt2 0 0
vt2 0 0
vt2 0 0
vt2 0 0
vt2 0 0
vt2 0 0
vt2 0 0
vt2 0 0
vt2 0 0
vt2 0 0
vt2 0 0
vt2 0 0
vt2 0 0
vt2 0 0
vt2 0 0
vt2 0 0
vt2 0 0
vt2 0 0
vt2 0 0
vt2 0 0
vt2 0 0
vt2 0 0
vt2 0 0
vt2 0 0
vt2 0 0
vt2 0 0
vt2 0 0
vt2 0 0
vt2 0 0
vt2 0 0
vt2 0 0
vt2 0 0
vt2 0 0
vt2 0 0
vt2 0 0
vt2 0 0
vt2 0 0
vt2 0 0
vt2 0 0
vt2 0 0
vt2 0 0
vt2 0 0
vt2 0 0
vt2 0 0
vt2 0 0
vt2 0 0
vt2 0 0
vt2 0 0
vt2 0 0
vt2 0 0
vt2 0 0
vt2 0 0
vt2 0 0
vt2 0 0
vt2 0 0
vt2 0 0
vt2 0 0
vt2 0 0
vt2 0 0
vt2 0 0
vt2 0 0
vt2 0 0
vt2 0 0
vt2 0 0
vt2 0 0
vt2 0 0
vt2 0 0
vt2 0 0
vt2 0 0
vt2 0 0
vt2 0 0
vt2 0 0
vt2 0 0
vt2 0 0
vt2 0 0
vt2 0 0
vt2 0 0
vt2 0 0
vt2 0 0
vt2 0 0
vt2 0 0
vt2 0 0
vt2 0 0
vt2 0 0
vt2 0 0
vt2 0 0
vt2 0 0
vt2 0 0
vt2 0 0
vt2 0 0
vt2 0 0
vt2 0 0
vt2 0 0
vt2 0 0
vt2 0 0
vt2 0 0
vt2 0 0
vt2 0 0
vt2 0 0
vt2 0 0
vt2 0 0
vt2 0 0
vt2 0 0
vt2 0 0
vt2 0 0
vt2 0 0
vt2 0 0
vt2 0 0
vt2 0 0
vt2 0 0
vt2 0 0
vt2 0 0
vt2 0 0
vt2 0 0
vt2 0 0
vt2 0 0
vt2 0 0
vt2 0 0
vt2 0 0
vt2 0 0
vt2 0 0
vt2 0 0
vt2 0 0
vt2 0 0
vt2 0 0
vt2 0 0
vt2 0 0
vt2 0 0
vt2 0 0
vt2 0 0
vt2 0 0
vt2 0 0
vt2 0 0
vt2 0 0
vt2 0 0
vt2 0 0
vt2 0 0
vt2 0 0
vt2 0 0
vt2 0 0
vt2 0 0
vt2 0 0
vt2 0 0
vt2 0 0
vt2 0 0
vt2 0 0
vt2 0 0
vt2 0 0
vt2 0 0
vt2 0 0
vt2 0 0
vt2 0 0
vt2 0 0
vt2 0 0
vt2 0 0
vt2 0 0
vt2 0 0
vt2 0 0
vt2 0 0
vt2 0 0
vt2 0 0
vt2 0 0
vt2 0 0
vt2 0 0
vt2 0 0
vt2 0 0
vt2 0 0
vt2 0 0
vt2 0 0
vt2 0 0
vt2 0 0
vt2 0 0
vt2 0 0
vt2 0 0
vt2 0 0
vt2 0 0
vt2 0 0
vt2 0 0
vt2 0 0
vt2 0 0
vt2 0 0
vt2 0 0
vt2 0 0
vt2 0 0
vt2 0 0
vt2 0 0
vt2 0 0
vt2 0 0
vt2 0 0
vt2 0 0
vt2 0 0
vt2 0 0
vt2 0 0
vt2 0 0
vt2 0 0
vt2 0 0
vt2 0 0
vt2 0 0
vt2 0 0
vt2 0 0
vt2 0 0
vt2 0 0
vt2 0 0
vt2 0 0
vt2 0 0
vt2 0 0
vt2 0 0
vt2 0 0
vt2 0 0
vt2 0 0
vt2 0 0
vt2 0 0
vt2 0 0
vt2 0 0
vt2 0 0
vt2 0 0
vt2 0 0
vt2 0 0
vt2 0 0
vt2 0 0
vt2 0 0
vt2 0 0
vt2 0 0
vt2 0 0
vt2 0 0
vt2 0 0
vt2 0 0
vt2 0 0
vt2 0 0
vt2 0 0
vt2 0 0
vt2 0 0
vt2 0 0
vt2 0 0
vt2 0 0
vt2 0 0
vt2 0 0
vt2 0 0
vt2 0 0
vt2 0 0
vt2 0 0
vt2 0 0
vt2 0 0
vt2 0 0
vt2 0 0
vt2 0 0
vt2 0 0
vt2 0 0
vt2 0 0
vt2 0 0
vt2 0 0
vt2 0 0
vt2 0 0
vt2 0 0
vt2 0 0
vt2 0 0
vt2 0 0
vt2 0 0
vt2 0 0
vt2 0 0
vt2 0 0
vt2 0 0
vt2 0 0
vt2 0 0
vt2 0 0
vt2 0 0
vt2 0 0
vt2 0 0
vt2 0 0
vt2 0 0
vt2 0 0
vt2 0 0
vt2 0 0
vt2 0 0
vt2 0 0
vt2 0 0
vt2 0 0
vt2 0 0
vt2 0 0
vt2 0 0
vt2 0 0
vt2 0 0
vt2 0 0
vt2 0 0
vt2 0 0
vt2 0 0
vt2 0 0
vt2 0 0
vt2 0 0
vt2 0 0
vt2 0 0
vt2 0 0
vt2 0 0
vt2 0 0
vt2 0 0
vt2 0 0
vt2 0 0
vt2 0 0
vt2 0 0
vt2 0 0
vt2 0 0
vt2 0 0
vt2 0 0
vt2 0 0
vt2 0 0
vt2 0 0
vt2 0 0
vt2 0 0
vt2 0 0
vt2 0 0
vt2 0 0
vt2 0 0
vt2 0 0
vt2 0 0
vt2 0 0
vt2 0 0
vt2 0 0
vt2 0 0
vt2 0 0
vt2 0 0
vt2 0 0
vt2 0 0
vt2 0 0
vt2 0 0
vt2 0 0
vt2 0 0
vt2 0 0
vt2 0 0
vt2 0 0
vt2 0 0
vt2 0 0
vt2 0 0
vt2 0 0
vt2 0 0
vt2 0 0
vt2 0 0
vt2 0 0
vt2 0 0
vt2 0 0
vt2 0 0
vt2 0 0
vt2 0 0
vt2 0 0
vt2 0 0
vt2 0 0
vt2 0 0
vt2 0 0
vt2 0 0
vt2 0 0
vt2 0 0
vt2 0 0
vt2 0 0
vt2 0 0
vt2 0 0
vt2 0 0
vt2 0 0
vt2 0 0
vt2 0 0
vt2 0 0
vt2 0 0
vt2 0 0
vt2 0 0
vt2 0 0
vt2 0 0
vt2 0 0
vt2 0 0
vt2 0 0
vt2 0 0
vt2 0 0
vt2 0 0
vt2 0 0
vt2 0 0
vt2 0 0
vt2 0 0
vt2 0 0
vt2 0 0
vt2 0 0
vt2 0 0
vt2 0 0
vt2 0 0
vt2 0 0
vt2 0 0
vt2 0 0
vt2 0 0
vt2 0 0
vt2 0 0
vt2 0 0
vt2 0 0
vt2 0 0
vt2 0 0
vt2 0 0
vt2 0 0
vt2 0 0
vt2 0 0
vt2 0 0
vt2 0 0
vt2 0 0
vt2 0 0
vt2 0 0
vt2 0 0
vt2 0 0
vt2 0 0
vt2 0 0
vt2 0 0
vt2 0 0
vt2 0 0
vt2 0 0
vt2 0 0
vt2 0 0
vt2 0 0
vt2 0 0
vt2 0 0
vt2 0 0
vt2 0 0
vt2 0 0
vt2 0 0
vt2 0 0
vt2 0 0
vt2 0 0
vt2 0 0
vt2 0 0
vt2 0 0
vt2 0 0
vt2 0 0
vt2 0 0
vt2 0 0
vt2 0 0
vt2 0 0
vt2 0 0
vt2 0 0
vt2 0 0
vt2 0 0
vt2 0 0
vt2 0 0
vt2 0 0
vt2 0 0
vt2 0 0
vt2 0 0
vt2 0 0
vt2 0 0
vt2 0 0
vt2 0 0
vt2 0 0
vt2 0 0
vt2 0 0
vt2 0 0
vt2 0 0
vt2 0 0
vt2 0 0
vt2 0 0
vt2 0 0
vt2 0 0
vt2 0 0
vt2 0 0
vt2 0 0
vt2 0 0
vt2 0 0
vt2 0 0
vt2 0 0
vt2 0 0
vt2 0 0
vt2 0 0
vt2 0 0
vt2 0 0
vt2 0 0
vt2 0 0
vt2 0 0
vt2 0 0
vt2 0 0
vt2 0 0
vt2 0 0
vt2 0 0
vt2 0 0
vt2 0 0
vt2 0 0
vt2 0 0
vt2 0 0
vt2 0 0
vt2 0 0
vt2 0 0
vt2 0 0
vt2 0 0
vt2 0 0
vt2 0 0
vt2 0 0
vt2 0 0
vt2 0 0
vt2 0 0
vt2 0 0
vt2 0 0
vt2 0 0
vt2 0 0
vt2 0 0
vt2 0 0
vt2 0 0
vt2 0 0
vt2 0 0
vt2 0 0
vt2 0 0
vt2 0 0
vt2 0 0
vt2 0 0
vt2 0 0
vt2 0 0
vt2 0 0
vt2 0 0
vt2 0 0
vt2 0 0
vt2 0 0
vt2 0 0
vt2 0 0
vt2 0 0
vt2 0 0
vt2 0 0
vt2 0 0
vt2 0 0
vt2 0 0
vt2 0 0
vt2 0 0
vt2 0 0
vt2 0 0
vt2 0 0
vt2 0 0
vt2 0 0
vt2 0 0
vt2 0 0
vt2 0 0
vt2 0 0
vt2 0 0
vt2 0 0
vt2 0 0
vt2 0 0
vt2 0 0
vt2 0 0
vt2 0 0
vt2 0 0
vt2 0 0
vt2 0 0
vt2 0 0
vt2 0 0
vt2 0 0
vt2 0 0
vt2 0 0
vt2 0 0
vt2 0 0
vt2 0 0
vt2 0 0
vt2 0 0
vt2 0 0
vt2 0 0
vt2 0 0
vt2 0 0
vt2 0 0
vt2 0 0
vt2 0 0
vt2 0 0
vt2 0 0
vt2 0 0
vt2 0 0
vt2 0 0
vt2 0 0
vt2 0 0
vt2 0 0
vt2 0 0
vt2 0 0
vt2 0 0
vt2 0 0
vt2 0 0
vt2 0 0
vt2 0 0
vt2 0 0
vt2 0 0
vt2 0 0
vt2 0 0
vt2 0 0
vt2 0 0
vt2 0 0
vt2 0 0
vt2 0 0
vt2 0 0
vt2 0 0
vt2 0 0
vt2 0 0
vt2 0 0
vt2 0 0
vt2 0 0
vt2 0 0
vt2 0 0
vt2 0 0
vt2 0 0
vt2 0 0
vt2 0 0
vt2 0 0
vt2 0 0
vt2 0 0
vt2 0 0
vt2 0 0
vt2 0 0
vt2 0 0
vt2 0 0
vt2 0 0
vt2 0 0
vt2 0 0
vt2 0 0
vt2 0 0
vt2 0 0
vt2 0 0
vt2 0 0
vt2 0 0
vt2 0 0
vt2 0 0
vt2 0 0
vt2 0 0
vt2 0 0
vt2 0 0
vt2 0 0
vt2 0 0
vt2 0 0
vt2 0 0
vt2 0 0
vt2 0 0
vt2 0 0
vt2 0 0
vt2 0 0
vt2 0 0
vt2 0 0
vt2 0 0
vt2 0 0
vt2 0 0
vt2 0 0
vt2 0 0
vt2 0 0
vt2 0 0
vt2 0 0
vt2 0 0
vt2 0 0
vt2 0 0
vt2 0 0
vt2 0 0
vt2 0 0
vt2 0 0
vt2 0 0
vt2 0 0
vt2 0 0
vt2 0 0
vt2 0 0
vt2 0 0
vt2 0 0
vt2 0 0
vt2 0 0
vt2 0 0
vt2 0 0
vt2 0 0
vt2 0 0
vt2 0 0
vt2 0 0
vt2 0 0
vt2 0 0
vt2 0 0
vt2 0 0
vt2 0 0
vt2 0 0
vt2 0 0
vt2 0 0
vt2 0 0
vt2 0 0
vt2 0 0
vt2 0 0
vt2 0 0
vt2 0 0
vt2 0 0
vt2 0 0
vt2 0 0
vt2 0 0
vt2 0 0
vt2 0 0
vt2 0 0
vt2 0 0
vt2 0 0
vt2 0 0
vt2 0 0
vt2 0 0
vt2 0 0
vt2 0 0
vt2 0 0
vt2 0 0
vt2 0 0
vt2 0 0
vt2 0 0
vt2 0 0
vt2 0 0
vt2 0 0
vt2 0 0
vt2 0 0
vt2 0 0
vt2 0 0
vt2 0 0
vt2 0 0
vt2 0 0
vt2 0 0
vt2 0 0
vt2 0 0
vt2 0 0
vt2 0 0
vt2 0 0
vt2 0 0
vt2 0 0
vt2 0 0
vt2 0 0
vt2 0 0
vt2 0 0
vt2 0 0
vt2 0 0
vt2 0 0
vt2 0 0
vt2 0 0
vt2 0 0
vt2 0 0
vt2 0 0
vt2 0 0
vt2 0 0
vt2 0 0
vt2 0 0
vt2 0 0
vt2 0 0
vt2 0 0
vt2 0 0
vt2 0 0
vt2 0 0
vt2 0 0
vt2 0 0
vt2 0 0
vt2 0 0
vt2 0 0
vt2 0 0
vt2 0 0
vt2 0 0
vt2 0 0
vt2 0 0
vt2 0 0
vt2 0 0
vt2 0 0
vt2 0 0
vt2 0 0
vt2 0 0
vt2 0 0
vt2 0 0
vt2 0 0
vt2 0 0
vt2 0 0
vt2 0 0
vt2 0 0
vt2 0 0
vt2 0 0
vt2 0 0
vt2 0 0
vt2 0 0
vt2 0 0
vt2 0 0
vt2 0 0
vt2 0 0
vt2 0 0
vt2 0 0
vt2 0 0
vt2 0 0
vt2 0 0
vt2 0 0
vt2 0 0
vt2 0 0
vt2 0 0
vt2 0 0
vt2 0 0
vt2 0 0
vt2 0 0
vt2 0 0
vt2 0 0
vt2 0 0
vt2 0 0
vt2 0 0
vt2 0 0
vt2 0 0
vt2 0 0
vt2 0 0
vt2 0 0
vt2 0 0
vt2 0 0
vt2 0 0
vt2 0 0
vt2 0 0
vt2 0 0
vt2 0 0
vt2 0 0
vt2 0 0
vt2 0 0
vt2 0 0
vt2 0 0
vt2 0 0
vt2 0 0
vt2 0 0
vt2 0 0
vt2 0 0
vt2 0 0
vt2 0 0
vt2 0 0
vt2 0 0
vt2 0 0
vt2 0 0
vt2 0 0
vt2 0 0
vt2 0 0
vt2 0 0
vt2 0 0
vt2 0 0
vt2 0 0
vt2 0 0
vt2 0 0
vt2 0 0
vt2 0 0
vt2 0 0
vt2 0 0
vt2 0 0
vt2 0 0
vt2 0 0
vt2 0 0
vt2 0 0
vt2 0 0
vt2 0 0
vt2 0 0
vt2 0 0
vt2 0 0
vt2 0 0
vt2 0 0
vt2 0 0
vt2 0 0
vt2 0 0
vt2 0 0
vt2 0 0
vt2 0 0
vt2 0 0
vt2 0 0
vt2 0 0
vt2 0 0
vt2 0 0
vt2 0 0
vt2 0 0
vt2 0 0
vt2 0 0
vt2 0 0
vt2 0 0
vt2 0 0
vt2 0 0
vt2 0 0
vt2 0 0
vt2 0 0
vt2 0 0
vt2 0 0
vt2 0 0
vt2 0 0
vt2 0 0
vt2 0 0
vt2 0 0
vt2 0 0
vt2 0 0
vt2 0 0
vt2 0 0
vt2 0 0
vt2 0 0
vt2 0 0
vt2 0 0
vt2 0 0
vt2 0 0
vt2 0 0
vt2 0 0
vt2 0 0
vt2 0 0
vt2 0 0
vt2 0 0
vt2 0 0
vt2 0 0
vt2 0 0
vt2 0 0
vt2 0 0
vt2 0 0
vt2 0 0
vt2 0 0
vt2 0 0
vt2 0 0
vt2 0 0
vt2 0 0
vt2 0 0
vt2 0 0
vt2 0 0
vt2 0 0
vt2 0 0
vt2 0 0
vt2 0 0
vt2 0 0
vt2 0 0
vt2 0 0
vt2 0 0
vt2 0 0
vt2 0 0
vt2 0 0
vt2 0 0
vt2 0 0
vt2 0 0
vt2 0 0
vt2 0 0
vt2 0 0
vt2 0 0
vt2 0 0
vt2 0 0
vt2 0 0
vt2 0 0
vt2 0 0
vt2 0 0
vt2 0 0
vt2 0 0
vt2 0 0
vt2 0 0
vt2 0 0
vt2 0 0
vt2 0 0
vt2 0 0
vt2 0 0
vt2 0 0
vt2 0 0
vt2 0 0
vt2 0 0
vt2 0 0
vt2 0 0
vt2 0 0
vt2 0 0
vt2 0 0
vt2 0 0
vt2 0 0
vt2 0 0
vt2 0 0
vt2 0 0
vt2 0 0
vt2 0 0
vt2 0 0
vt2 0 0
vt2 0 0
vt2 0 0
vt2 0 0
vt2 0 0
vt2 0 0
vt2 0 0
vt2 0 0
vt2 0 0
vt2 0 0
vt2 0 0
vt2 0 0
vt2 0 0
vt2 0 0
vt2 0 0
vt2 0 0
vt2 0 0
vt2 0 0
vt2 0 0
vt2 0 0
vt2 0 0
vt2 0 0
vt2 0 0
vt2 0 0
vt2 0 0
vt2 0 0
vt2 0 0
vt2 0 0
vt2 0 0
vt2 0 0
vt2 0 0
vt2 0 0
vt2 0 0
vt2 0 0
vt2 0 0
vt2 0 0
vt2 0 0
vt2 0 0
vt2 0 0
vt2 0 0
vt2 0 0
vt2 0 0
vt2 0 0
vt2 0 0
vt2 0 0
vt2 0 0
vt2 0 0
vt2 0 0
vt2 0 0
vt2 0 0
vt2 0 0
vt2 0 0
vt2 0 0
vt2 0 0
vt2 0 0
vt2 0 0
vt2 0 0
vt2 0 0
vt2 0 0
vt2 0 0
vt2 0 0
vt2 0 0
vt2 0 0
vt2 0 0
vt2 0 0
vt2 0 0
vt2 0 0
vt2 0 0
vt2 0 0
vt2 0 0
vt2 0 0
vt2 0 0
vt2 0 0
vt2 0 0
vt2 0 0
vt2 0 0
vt2 0 0
vt2 0 0
vt2 0 0
vt2 0 0
vt2 0 0
vt2 0 0
vt2 0 0
vt2 0 0
vt2 0 0
vt2 0 0
vt2 0 0
vt2 0 0
vt2 0 0
vt2 0 0
vt2 0 0
vt2 0 0
vt2 0 0
vt2 0 0
vt2 0 0
vt2 0 0
vt2 0 0
vt2 0 0
vt2 0 0
vt2 0 0
vt2 0 0
vt2 0 0
vt2 0 0
vt2 0 0
vt2 0 0
vt2 0 0
vt2 0 0
vt2 0 0
vt2 0 0
vt2 0 0
vt2 0 0
vt2 0 0
vt2 0 0
vt2 0 0
vt2 0 0
vt2 0 0
vt2 0 0
vt2 0 0
vt2 0 0
vt2 0 0
vt2 0 0
vt2 0 0
vt2 0 0
vt2 0 0
vt2 0 0
vt2 0 0
vt2 0 0
vt2 0 0
vt2 0 0
vt2 0 0
vt2 0 0
vt2 0 0
vt2 0 0
vt2 0 0
vt2 0 0
vt2 0 0
vt2 0 0
vt2 0 0
vt2 0 0
vt2 0 0
vt2 0 0
vt2 0 0
vt2 0 0
vt2 0 0
vt2 0 0
vt2 0 0
vt2 0 0
vt2 0 0
vt2 0 0
vt2 0 0
vt2 0 0
vt2 0 0
vt2 0 0
vt2 0 0
vt2 0 0
vt2 0 0
vt2 0 0
vt2 0 0
vt2 0 0
vt2 0 0
vt2 0 0
vt2 0 0
vt2 0 0
vt2 0 0
vt2 0 0
vt2 0 0
vt2 0 0
vt2 0 0
vt2 0 0
vt2 0 0
vt2 0 0
vt2 0 0
vt2 0 0
vt2 0 0
vt2 0 0
vt2 0 0
vt2 0 0
vt2 0 0
vt2 0 0
vt2 0 0
vt2 0 0
vt2 0 0
vt2 0 0
vt2 0 0
vt2 0 0
vt2 0 0
vt2 0 0
vt2 0 0
vt2 0 0
vt2 0 0
vt2 0 0
vt2 0 0
vt2 0 0
vt2 0 0
vt2 0 0
vt2 0 0
vt2 0 0
vt2 0 0
vt2 0 0
vt2 0 0
vt2 0 0
vt2 0 0
vt2 0 0
vt2 0 0
vt2 0 0
vt2 0 0
vt2 0 0
vt2 0 0
vt2 0 0
vt2 0 0
vt2 0 0
vt2 0 0
vt2 0 0
vt2 0 0
vt2 0 0
vt2 0 0
vt2 0 0
vt2 0 0
vt2 0 0
vt2 0 0
vt2 0 0
vt2 0 0
vt2 0 0
vt2 0 0
vt2 0 0
vt2 0 0
vt2 0 0
vt2 0 0
vt2 0 0
vt2 0 0
vt2 0 0
vt2 0 0
vt2 0 0
vt2 0 0
vt2 0 0
vt2 0 0
vt2 0 0
vt2 0 0
vt2 0 0
vt2 0 0
vt2 0 0
vt2 0 0
vt2 0 0
vt2 0 0
vt2 0 0
vt2 0 0
vt2 0 0
vt2 0 0
vt2 0 0
vt2 0 0
vt2 0 0
vt2 0 0
vt2 0 0
vt2 0 0
vt2 0 0
vt2 0 0
vt2 0 0
vt2 0 0
vt2 0 0
vt2 0 0
vt2 0 0
vt2 0 0
vt2 0 0
vt2 0 0
vt2 0 0
vt2 0 0
vt2 0 0
vt2 0 0
vt2 0 0
vt2 0 0
vt2 0 0
vt2 0 0
vt2 0 0
vt2 0 0
vt2 0 0
vt2 0 0
vt2 0 0
vt2 0 0
vt2 0 0
vt2 0 0
vt2 0 0
vt2 0 0
vt2 0 0
vt2 0 0
vt2 0 0
vt2 0 0
vt2 0 0
vt2 0 0
vt2 0 0
vt2 0 0
vt2 0 0
vt2 0 0
vt2 0 0
vt2 0 0
vt2 0 0
vt2 0 0
vt2 0 0
vt2 0 0
vt2 0 0
vt2 0 0
vt2 0 0
vt2 0 0
vt2 0 0
vt2 0 0
vt2 0 0
vt2 0 0
vt2 0 0
vt2 0 0
vt2 0 0
vt2 0 0
vt2 0 0
vt2 0 0
vt2 0 0
vt2 0 0
vt2 0 0
vt2 0 0
vt2 0 0
vt2 0 0
vt2 0 0
vt2 0 0
vt2 0 0
vt2 0 0
vt2 0 0
vt2 0 0
vt2 0 0
vt2 0 0
vt2 0 0
vt2 0 0
vt2 0 0
vt2 0 0
vt2 0 0
vt2 0 0
vt2 0 0
vt2 0 0
vt2 0 0
vt2 0 0
vt2 0 0
vt2 0 0
vt2 0 0
vt2 0 0
vt2 0 0
vt2 0 0
vt2 0 0
vt2 0 0
vt2 0 0
vt2 0 0
vt2 0 0
vt2 0 0
vt2 0 0
vt2 0 0
vt2 0 0
vt2 0 0
vt2 0 0
vt2 0 0
vt2 0 0
vt2 0 0
vt2 0 0
vt2 0 0
vt2 0 0
vt2 0 0
vt2 0 0
vt2 0 0
vt2 0 0
vt2 0 0
vt2 0 0
vt2 0 0
vt2 0 0
vt2 0 0
vt2 0 0
vt2 0 0
vt2 0 0
vt2 0 0
vt2 0 0
vt2 0 0
vt2 0 0
vt2 0 0
vt2 0 0
vt2 0 0
vt2 0 0
vt2 0 0
vt2 0 0
vt2 0 0
vt2 0 0
vt2 0 0
vt2 0 0
vt2 0 0
vt2 0 0
vt2 0 0
vt2 0 0
vt2 0 0
vt2 0 0
vt2 0 0
vt2 0 0
vt2 0 0
vt2 0 0
vt2 0 0
vt2 0 0
vt2 0 0
vt2 0 0
vt2 0 0
vt2 0 0
vt2 0 0
vt2 0 0
vt2 0 0
vt2 0 0
vt2 0 0
vt2 0 0
vt2 0 0
vt2 0 0
vt2 0 0
vt2 0 0
vt2 0 0
vt2 0 0
vt2 0 0
vt2 0 0
vt2 0 0
vt2 0 0
vt2 0 0
vt2 0 0
vt2 0 0
vt2 0 0
vt2 0 0
vt2 0 0
vt2 0 0
vt2 0 0
vt2 0 0
vt2 0 0
vt2 0 0
vt2 0 0
vt2 0 0
vt2 0 0
vt2 0 0
vt2 0 0
vt2 0 0
vt2 0 0
vt2 0 0
vt2 0 0
vt2 0 0
vt2 0 0
vt2 0 0
vt2 0 0
vt2 0 0
vt2 0 0
vt2 0 0
vt2 0 0
vt2 0 0
vt2 0 0
vt2 0 0
vt2 0 0
vt2 0 0
vt2 0 0
vt2 0 0
vt2 0 0
vt2 0 0
vt2 0 0
vt2 0 0
vt2 0 0
vt2 0 0
vt2 0 0
vt2 0 0
vt2 0 0
vt2 0 0
vt2 0 0
vt2 0 0
vt2 0 0
vt2 0 0
vt2 0 0
vt2 0 0
vt2 0 0
vt2 0 0
vt2 0 0
vt2 0 0
vt2 0 0
vt2 0 0
vt2 0 0
vt2 0 0
vt2 0 0
vt2 0 0
vt2 0 0
vt2 0 0
vt2 0 0
vt2 0 0
vt2 0 0
vt2 0 0
vt2 0 0
vt2 0 0
vt2 0 0
vt2 0 0
vt2 0 0
vt2 0 0
vt2 0 0
vt2 0 0
vt2 0 0
vt2 0 0
vt2 0 0
vt2 0 0
vt2 0 0
vt2 0 0
vt2 0 0
vt2 0 0
vt2 0 0
vt2 0 0
vt2 0 0
vt2 0 0
vt2 0 0
vt2 0 0
vt2 0 0
vt2 0 0
vt2 0 0
vt2 0 0
vt2 0 0
vt2 0 0
vt2 0 0
vt2 0 0
vt2 0 0
vt2 0 0
vt2 0 0
vt2 0 0
vt2 0 0
vt2 0 0
vt2 0 0
vt2 0 0
vt2 0 0
vt2 0 0
vt2 0 0
vt2 0 0
vt2 0 0
vt2 0 0
vt2 0 0
vt2 0 0
vt2 0 0
vt2 0 0
vt2 0 0
vt2 0 0
vt2 0 0
vt2 0 0
vt2 0 0
vt2 0 0
vt2 0 0
vt2 0 0
vt2 0 0
vt2 0 0
vt2 0 0
vt2 0 0
vt2 0 0
vt2 0 0
vt2 0 0
vt2 0 0
vt2 0 0
vt2 0 0
vt2 0 0
vt2 0 0
vt2 0 0
vt2 0 0
vt2 0 0
vt2 0 0
vt2 0 0
vt2 0 0
vt2 0 0
vt2 0 0
vt2 0 0
vt2 0 0
vt2 0 0
vt2 0 0
vt2 0 0
vt2 0 0
vt2 0 0
vt2 0 0
vt2 0 0
vt2 0 0
vt2 0 0
vt2 0 0
vt2 0 0
vt2 0 0
vt2 0 0
vt2 0 0
vt2 0 0
vt2 0 0
vt2 0 0
vt2 0 0
vt2 0 0
vt2 0 0
vt2 0 0
vt2 0 0
vt2 0 0
vt2 0 0
vt2 0 0
vt2 0 0
vt2 0 0
vt2 0 0
vt2 0 0
vt2 0 0
vt2 0 0
vt2 0 0
vt2 0 0
vt2 0 0
vt2 0 0
vt2 0 0
vt2 0 0
vt2 0 0
vt2 0 0
vt2 0 0
vt2 0 0
vt2 0 0
vt2 0 0
vt2 0 0
vt2 0 0
vt2 0 0
vt2 0 0
vt2 0 0
vt2 0 0
vt2 0 0
vt2 0 0
vt2 0 0
vt2 0 0
vt2 0 0
vt2 0 0
vt2 0 0
vt2 0 0
vt2 0 0
vt2 0 0
vt2 0 0
vt2 0 0
vt2 0 0
vt2 0 0
vt2 0 0
vt2 0 0
vt2 0 0
vt2 0 0
vt2 0 0
vt2 0 0
vt2 0 0
vt2 0 0
vt2 0 0
vt2 0 0
vt2 0 0
vt2 0 0
vt2 0 0
vt2 0 0
vt2 0 0
vt2 0 0
vt2 0 0
vt2 0 0
vt2 0 0
vt2 0 0
vt2 0 0
vt2 0 0
vt2 0 0
vt2 0 0
vt2 0 0
vt2 0 0
vt2 0 0
vt2 0 0
vt2 0 0
vt2 0 0
vt2 0 0
vt2 0 0
vt2 0 0
vt2 0 0
vt2 0 0
vt2 0 0
vt2 0 0
vt2 0 0
vt2 0 0
vt2 0 0
vt2 0 0
vt2 0 0
vt2 0 0
vt2 0 0
vt2 0 0
vt2 0 0
vt2 0 0
vt2 0 0
vt2 0 0
vt2 0 0
vt2 0 0
vt2 0 0
vt2 0 0
vt2 0 0
vt2 0 0
vt2 0 0
vt2 0 0
vt2 0 0
vt2 0 0
vt2 0 0
vt2 0 0
vt2 0 0
vt2 0 0
vt2 0 0
vt2 0 0
vt2 0 0
vt2 0 0
vt2 0 0
vt2 0 0
vt2 0 0
vt2 0 0
vt2 0 0
vt2 0 0
vt2 0 0
vt2 0 0
vt2 0 0
vt2 0 0
vt2 0 0
vt2 0 0
vt2 0 0
vt2 0 0
vt2 0 0
vt2 0 0
vt2 0 0
vt2 0 0
vt2 0 0
vt2 0 0
vt2 0 0
vt2 0 0
vt2 0 0
vt2 0 0
vt2 0 0
vt2 0 0
vt2 0 0
vt2 0 0
vt2 0 0
vt2 0 0
vt2 0 0
vt2 0 0
vt2 0 0
vt2 0 0
vt2 0 0
vt2 0 0
vt2 0 0
vt2 0 0
vt2 0 0
vt2 0 0
vt2 0 0
vt2 0 0
vt2 0 0
vt2 0 0
vt2 0 0
vt2 0 0
vt2 0 0
vt2 0 0
vt2 0 0
vt2 0 0
vt2 0 0
vt2 0 0
vt2 0 0
vt2 0 0
vt2 0 0
vt2 0 0
vt2 0 0
vt2 0 0
vt2 0 0
vt2 0 0
vt2 0 0
vt2 0 0
vt2 0 0
vt2 0 0
vt2 0 0
vt2 0 0
vt2 0 0
vt2 0 0
vt2 0 0
vt2 0 0
vt2 0 0
vt2 0 0
vt2 0 0
vt2 0 0
vt2 0 0
vt2 0 0
vt2 0 0
vt2 0 0
vt2 0 0
vt2 0 0
vt2 0 0
vt2 0 0
vt2 0 0
vt2 0 0
vt2 0 0
vt2 0 0
vt2 0 0
vt2 0 0
vt2 0 0
vt2 0 0
vt2 0 0
vt2 0 0
vt2 0 0
vt2 0 0
vt2 0 0
vt2 0 0
vt2 0 0
vt2 0 0
vt2 0 0
vt2 0 0
vt2 0 0
vt2 0 0
vt2 0 0
vt2 0 0
vt2 0 0
vt2 0 0
vt2 0 0
vt2 0 0
vt2 0 0
vt2 0 0
vt2 0 0
vt2 0 0
vt2 0 0
vt2 0 0
vt2 0 0
vt2 0 0
vt2 0 0
vt2 0 0
vt2 0 0
vt2 0 0
vt2 0 0
vt2 0 0
vt2 0 0
vt2 0 0
vt2 0 0
vt2 0 0
vt2 0 0
vt2 0 0
vt2 0 0
vt2 0 0
vt2 0 0
vt2 0 0
vt2 0 0
vt2 0 0
vt2 0 0
vt2 0 0
vt2 0 0
vt2 0 0
vt2 0 0
vt2 0 0
vt2 0 0
vt2 0 0
vt2 0 0
vt2 0 0
vt2 0 0
vt2 0 0
vt2 0 0
vt2 0 0
vt2 0 0
vt2 0 0
vt2 0 0
vt2 0 0
vt2 0 0
vt2 0 0
vt2 0 0
vt2 0 0
vt2 0 0
vt2 0 0
vt2 0 0
vt2 0 0
vt2 0 0
vt2 0 0
vt2 0 0
vt2 0 0
vt2 0 0
vt2 0 0
vt2 0 0
vt2 0 0
vt2 0 0
vt2 0 0
vt2 0 0
vt2 0 0
vt2 0 0
vt2 0 0
vt2 0 0
vt2 0 0
vt2 0 0
vt2 0 0
vt2 0 0
vt2 0 0
vt2 0 0
vt2 0 0
vt2 0 0
vt2 0 0
vt2 0 0
vt2 0 0
vt2 0 0
vt2 0 0
vt2 0 0
vt2 0 0
vt2 0 0
vt2 0 0
vt2 0 0
vt2 0 0
vt2 0 0
vt2 0 0
vt2 0 0
vt2 0 0
vt2 0 0
vt2 0 0
vt2 0 0
vt2 0 0
vt2 0 0
vt2 0 0
vt2 0 0
vt2 0 0
vt2 0 0
vt2 0 0
vt2 0 0
vt2 0 0
vt2 0 0
vt2 0 0
vt2 0 0
vt2 0 0
vt2 0 0
vt2 0 0
vt2 0 0
vt2 0 0
vt2 0 0
vt2 0 0
vt2 0 0
vt2 0 0
vt2 0 0
vt2 0 0
vt2 0 0
vt2 0 0
vt2 0 0
vt2 0 0
vt2 0 0
vt2 0 0
vt2 0 0
vt2 0 0
vt2 0 0
vt2 0 0
vt2 0 0
vt2 0 0
vt2 0 0
vt2 0 0
vt2 0 0
vt2 0 0
vt2 0 0
vt2 0 0
vt2 0 0
vt2 0 0
vt2 0 0
vt2 0 0
vt2 0 0
vt2 0 0
vt2 0 0
vt2 0 0
vt2 0 0
vt2 0 0
vt2 0 0
vt2 0 0
vt2 0 0
vt2 0 0
vt2 0 0
vt2 0 0
vt2 0 0
vt2 0 0
vt2 0 0
vt2 0 0
vt2 0 0
vt2 0 0
vt2 0 0
vt2 0 0
vt2 0 0
vt2 0 0
vt2 0 0
vt2 0 0
vt2 0 0
vt2 0 0
vt2 0 0
vt2 0 0
vt2 0 0
vt2 0 0
vt2 0 0
vt2 0 0
vt2 0 0
vt2 0 0
vt2 0 0
vt2 0 0
vt2 0 0
vt2 0 0
vt2 0 0
vt2 0 0
vt2 0 0
vt2 0 0
vt2 0 0
vt2 0 0
vt2 0 0
vt2 0 0
vt2 0 0
vt2 0 0
vt2 0 0
vt2 0 0
vt2 0 0
vt2 0 0
vt2 0 0
vt2 0 0
vt2 0 0
vt2 0 0
vt2 0 0
vt2 0 0
vt2 0 0
vt2 0 0
vt2 0 0
vt2 0 0
vt2 0 0
vt2 0 0
vt2 0 0
vt2 0 0
vt2 0 0
vt2 0 0
vt2 0 0
vt2 0 0
vt2 0 0
vt2 0 0
vt2 0 0
vt2 0 0
vt2 0 0
vt2 0 0
vt2 0 0
vt2 0 0
vt2 0 0
vt2 0 0
vt2 0 0
vt2 0 0
vt2 0 0
vt2 0 0
vt2 0 0
vt2 0 0
vt2 0 0
vt2 0 0
vt2 0 0
vt2 0 0
vt2 0 0
vt2 0 0
vt2 0 0
vt2 0 0
vt2 0 0
vt2 0 0
vt2 0 0
vt2 0 0
vt2 0 0
vt2 0 0
vt2 0 0
vt2 0 0
vt2 0 0
vt2 0 0
vt2 0 0
vt2 0 0
vt2 0 0
vt2 0 0
vt2 0 0
vt2 0 0
vt2 0 0
vt2 0 0
vt2 0 0
vt2 0 0
vt2 0 0
vt2 0 0
vt2 0 0
vt2 0 0
vt2 0 0
vt2 0 0
vt2 0 0
vt2 0 0
vt2 0 0
vt2 0 0
vt2 0 0
vt2 0 0
vt2 0 0
vt2 0 0
vt2 0 0
vt2 0 0
vt2 0 0
vt2 0 0
vt2 0 0
vt2 0 0
vt2 0 0
vt2 0 0
vt2 0 0
vt2 0 0
vt2 0 0
vt2 0 0
vt2 0 0
vt2 0 0
vt2 0 0
vt2 0 0
vt2 0 0
vt2 0 0
vt2 0 0
vt2 0 0
vt2 0 0
vt2 0 0
vt2 0 0
vt2 0 0
vt2 0 0
vt2 0 0
vt2 0 0
vt2 0 0
vt2 0 0
vt2 0 0
vt2 0 0
vt2 0 0
vt2 0 0
vt2 0 0
vt2 0 0
vt2 0 0
vt2 0 0
vt2 0 0
vt2 0 0
vt2 0 0
vt2 0 0
vt2 0 0
vt2 0 0
vt2 0 0
vt2 0 0
vt2 0 0
vt2 0 0
vt2 0 0
vt2 0 0
vt2 0 0
vt2 0 0
vt2 0 0
vt2 0 0
vt2 0 0
vt2 0 0
vt2 0 0
vt2 0 0
vt2 0 0
vt2 0 0
vt2 0 0
vt2 0 0
vt2 0 0
vt2 0 0
vt2 0 0
vt2 0 0
vt2 0 0
vt2 0 0
vt2 0 0
vt2 0 0
vt2 0 0
vt2 0 0
vt2 0 0
vt2 0 0
vt2 0 0
vt2 0 0
vt2 0 0
vt2 0 0
vt2 0 0
vt2 0 0
vt2 0 0
vt2 0 0
vt2 0 0
vt2 0 0
vt2 0 0
vt2 0 0
vt2 0 0
vt2 0 0
vt2 0 0
vt2 0 0
vt2 0 0
vt2 0 0
vt2 0 0
vt2 0 0
vt2 0 0
vt2 0 0
vt2 0 0
vt2 0 0
vt2 0 0
vt2 0 0
vt2 0 0
vt2 0 0
vt2 0 0
vt2 0 0
vt2 0 0
vt2 0 0
vt2 0 0
vt2 0 0
vt2 0 0
vt2 0 0
vt2 0 0
vt2 0 0
vt2 0 0
vt2 0 0
vt2 0 0
vt2 0 0
vt2 0 0
vt2 0 0
vt2 0 0
vt2 0 0
vt2 0 0
vt2 0 0
vt2 0 0
vt2 0 0
vt2 0 0
vt2 0 0
vt2 0 0
vt2 0 0
vt2 0 0
vt2 0 0
vt2 0 0
vt2 0 0
vt2 0 0
vt2 0 0
vt2 0 0
vt2 0 0
vt2 0 0
vt2 0 0
vt2 0 0
vt2 0 0
vt2 0 0
vt2 0 0
vt2 0 0
vt2 0 0
vt2 0 0
vt2 0 0
vt2 0 0
vt2 0 0
vt2 0 0
vt2 0 0
vt2 0 0
vt2 0 0
vt2 0 0
vt2 0 0
vt2 0 0
vt2 0 0
vt2 0 0
vt2 0 0
vt2 0 0
vt2 0 0
vt2 0 0
vt2 0 0
vt2 0 0
vt2 0 0
vt2 0 0
vt2 0 0
vt2 0 0
vt2 0 0
vt2 0 0
vt2 0 0
vt2 0 0
vt2 0 0
vt2 0 0
vt2 0 0
vt2 0 0
vt2 0 0
vt2 0 0
vt2 0 0
vt2 0 0
vt2 0 0
vt2 0 0
vt2 0 0
vt2 0 0
vt2 0 0
vt2 0 0
vt2 0 0
vt2 0 0
vt2 0 0
vt2 0 0
vt2 0 0
vt2 0 0
vt2 0 0
vt2 0 0
vt2 0 0
vt2 0 0
vt2 0 0
vt2 0 0
vt2 0 0
vt2 0 0
vt2 0 0
vt2 0 0
vt2 0 0
vt2 0 0
vt2 0 0
vt2 0 0
vt2 0 0
vt2 0 0
vt2 0 0
vt2 0 0
vt2 0 0
vt2 0 0
vt2 0 0
vt2 0 0
vt2 0 0
vt2 0 0
vt2 0 0
vt2 0 0
vt2 0 0
vt2 0 0
vt2 0 0
vt2 0 0
vt2 0 0
vt2 0 0
vt2 0 0
vt2 0 0
vt2 0 0
vt2 0 0
vt2 0 0
vt2 0 0
vt2 0 0
vt2 0 0
vt2 0 0
vt2 0 0
vt2 0 0
vt2 0 0
vt2 0 0
vt2 0 0
vt2 0 0
vt2 0 0
vt2 0 0
vt2 0 0
vt2 0 0
vt2 0 0
vt2 0 0
vt2 0 0
vt2 0 0
vt2 0 0
vt2 0 0
vt2 0 0
vt2 0 0
vt2 0 0
vt2 0 0
vt2 0 0
vt2 0 0
vt2 0 0
vt2 0 0
vt2 0 0
vt2 0 0
vt2 0 0
vt2 0 0
vt2 0 0
vt2 0 0
vt2 0 0
vt2 0 0
vt2 0 0
vt2 0 0
vt2 0 0
vt2 0 0
vt2 0 0
vt2 0 0
vt2 0 0
vt2 0 0
vt2 0 0
vt2 0 0
vt2 0 0
vt2 0 0
vt2 0 0
vt2 0 0
vt2 0 0
vt2 0 0
vt2 0 0
vt2 0 0
vt2 0 0
vt2 0 0
vt2 0 0
vt2 0 0
vt2 0 0
vt2 0 0
vt2 0 0
vt2 0 0
vt2 0 0
vt2 0 0
vt2 0 0
vt2 0 0
vt2 0 0
vt2 0 0
vt2 0 0
vt2 0 0
vt2 0 0
vt2 0 0
vt2 0 0
vt2 0 0
vt2 0 0
vt2 0 0
vt2 0 0
vt2 0 0
vt2 0 0
vt2 0 0
vt2 0 0
vt2 0 0
vt2 0 0
vt2 0 0
vt2 0 0
vt2 0 0
vt2 0 0
vt2 0 0
vt2 0 0
vt2 0 0
vt2 0 0
vt2 0 0
vt2 0 0
vt2 0 0
vt2 0 0
vt2 0 0
vt2 0 0
vt2 0 0
vt2 0 0
vt2 0 0
vt2 0 0
vt2 0 0
vt2 0 0
vt2 0 0
vt2 0 0
vt2 0 0
vt2 0 0
vt2 0 0
vt2 0 0
vt2 0 0
vt2 0 0
vt2 0 0
vt2 0 0
vt2 0 0
vt2 0 0
vt2 0 0
vt2 0 0
vt2 0 0
vt2 0 0
vt2 0 0
vt2 0 0
vt2 0 0
vt2 0 0
vt2 0 0
vt2 0 0
vt2 0 0
vt2 0 0
vt2 0 0
vt2 0 0
vt2 0 0
vt2 0 0
vt2 0 0
vt2 0 0
vt2 0 0
vt2 0 0
vt2 0 0
vt2 0 0
vt2 0 0
vt2 0 0
vt2 0 0
vt2 0 0
vt2 0 0
vt2 0 0
vt2 0 0
vt2 0 0
vt2 0 0
vt2 0 0
vt2 0 0
vt2 0 0
vt2 0 0
vt2 0 0
vt2 0 0
vt2 0 0
vt2 0 0
vt2 0 0
vt2 0 0
vt2 0 0
vt2 0 0
vt2 0 0
vt2 0 0
vt2 0 0
vt2 0 0
vt2 0 0
vt2 0 0
vt2 0 0
vt2 0 0
vt2 0 0
vt2 0 0
vt2 0 0
vt2 0 0
vt2 0 0
vt2 0 0
vt2 0 0
vt2 0 0
vt2 0 0
vt2 0 0
vt2 0 0
vt2 0 0
vt2 0 0
vt2 0 0
vt2 0 0
vt2 0 0
vt2 0 0
vt2 0 0
vt2 0 0
vt2 0 0
vt2 0 0
vt2 0 0
vt2 0 0
vt2 0 0
vt2 0 0
vt2 0 0
vt2 0 0
vt2 0 0
vt2 0 0
vt2 0 0
vt2 0 0
vt2 0 0
vt2 0 0
vt2 0 0
vt2 0 0
vt2 0 0
vt2 0 0
vt2 0 0
vt2 0 0
vt2 0 0
vt2 0 0
vt2 0 0
vt2 0 0
vt2 0 0
vt2 0 0
vt2 0 0
vt2 0 0
vt2 0 0
vt2 0 0
vt2 0 0
vt2 0 0
vt2 0 0
vt2 0 0
vt2 0 0
vt2 0 0
vt2 0 0
vt2 0 0
vt2 0 0
vt2 0 0
vt2 0 0
vt2 0 0
vt2 0 0
vt2 0 0
vt2 0 0
vt2 0 0
vt2 0 0
vt2 0 0
vt2 0 0
vt2 0 0
vt2 0 0
vt2 0 0
vt2 0 0
vt2 0 0
vt2 0 0
vt2 0 0
vt2 0 0
vt2 0 0
vt2 0 0
vt2 0 0
vt2 0 0
vt2 0 0
vt2 0 0
vt2 0 0
vt2 0 0
vt2 0 0
vt2 0 0
vt2 0 0
vt2 0 0
vt2 0 0
vt2 0 0
vt2 0 0
vt2 0 0
vt2 0 0
vt2 0 0
vt2 0 0
vt2 0 0
vt2 0 0
vt2 0 0
vt2 0 0
vt2 0 0
vt2 0 0
vt2 0 0
vt2 0 0
vt2 0 0
vt2 0 0
vt2 0 0
vt2 0 0
vt2 0 0
vt2 0 0
vt2 0 0
vt2 0 0
vt2 0 0
vt2 0 0
vt2 0 0
vt2 0 0
vt2 0 0
vt2 0 0
vt2 0 0
vt2 0 0
vt2 0 0
vt2 0 0
vt2 0 0
vt2 0 0
vt2 0 0
vt2 0 0
vt2 0 0
vt2 0 0
vt2 0 0
vt2 0 0
vt2 0 0
vt2 0 0
vt2 0 0
vt2 0 0
vt2 0 0
vt2 0 0
vt2 0 0
vt2 0 0
vt2 0 0
vt2 0 0
vt2 0 0
vt2 0 0
vt2 0 0
vt2 0 0
vt2 0 0
vt2 0 0
vt2 0 0
vt2 0 0
vt2 0 0
vt2 0 0
vt2 0 0
vt2 0 0
vt2 0 0
vt2 0 0
vt2 0 0
vt2 0 0
vt2 0 0
vt2 0 0
vt2 0 0
vt2 0 0
vt2 0 0
vt2 0 0
vt2 0 0
vt2 0 0
vt2 0 0
vt2 0 0
vt2 0 0
vt2 0 0
vt2 0 0
vt2 0 0
vt2 0 0
vt2 0 0
vt2 0 0
vt2 0 0
vt2 0 0
vt2 0 0
vt2 0 0
vt2 0 0
vt2 0 0
vt2 0 0
vt2 0 0
vt2 0 0
vt2 0 0
vt2 0 0
vt2 0 0
vt2 0 0
vt2 0 0
vt2 0 0
vt2 0 0
vt2 0 0
vt2 0 0
vt2 0 0
vt2 0 0
vt2 0 0
vt2 0 0
vt2 0 0
vt2 0 0
vt2 0 0
vt2 0 0
vt2 0 0
vt2 0 0
vt2 0 0
vt2 0 0
vt2 0 0
vt2 0 0
vt2 0 0
vt2 0 0
vt2 0 0
vt2 0 0
vt2 0 0
vt2 0 0
vt2 0 0
vt2 0 0
vt2 0 0
vt2 0 0
vt2 0 0
vt2 0 0
vt2 0 0
vt2 0 0
vt2 0 0
vt2 0 0
vt2 0 0
vt2 0 0
vt2 0 0
vt2 0 0
vt2 0 0
vt2 0 0
vt2 0 0
vt2 0 0
vt2 0 0
vt2 0 0
vt2 0 0
vt2 0 0
vt2 0 0
vt2 0 0
vt2 0 0
vt2 0 0
vt2 0 0
vt2 0 0
vt2 0 0
vt2 0 0
vt2 0 0
vt2 0 0
vt2 0 0
vt2 0 0
vt2 0 0
vt2 0 0
vt2 0 0
vt2 0 0
vt2 0 0
vt2 0 0
vt2 0 0
vt2 0 0
vt2 0 0
vt2 0 0
vt2 0 0
vt2 0 0
vt2 0 0
vt2 0 0
vt2 0 0
vt2 0 0
vt2 0 0
vt2 0 0
vt2 0 0
vt2 0 0
vt2 0 0
vt2 0 0
vt2 0 0
vt2 0 0
vt2 0 0
vt2 0 0
vt2 0 0
vt2 0 0
vt2 0 0
vt2 0 0
vt2 0 0
vt2 0 0
vt2 0 0
vt2 0 0
vt2 0 0
vt2 0 0
vt2 0 0
vt2 0 0
vt2 0 0
vt2 0 0
vt2 0 0
vt2 0 0
vt2 0 0
vt2 0 0
vt2 0 0
vt2 0 0
vt2 0 0
vt2 0 0
vt2 0 0
vt2 0 0
vt2 0 0
vt2 0 0
vt2 0 0
vt2 0 0
vt2 0 0
vt2 0 0
vt2 0 0
vt2 0 0
vt2 0 0
vt2 0 0
vt2 0 0
vt2 0 0
vt2 0 0
vt2 0 0
vt2 0 0
vt2 0 0
vt2 0 0
vt2 0 0
vt2 0 0
vt2 0 0
vt2 0 0
vt2 0 0
vt2 0 0
vt2 0 0
vt2 0 0
vt2 0 0
vt2 0 0
vt2 0 0
vt2 0 0
vt2 0 0
vt2 0 0
vt2 0 0
vt2 0 0
vt2 0 0
vt2 0 0
vt2 0 0
vt2 0 0
vt2 0 0
vt2 0 0
vt2 0 0
vt2 0 0
vt2 0 0
vt2 0 0
vt2 0 0
vt2 0 0
vt2 0 0
vt2 0 0
vt2 0 0
vt2 0 0
vt2 0 0
vt2 0 0
vt2 0 0
vt2 0 0
vt2 0 0
vt2 0 0
vt2 0 0
vt2 0 0
vt2 0 0
vt2 0 0
vt2 0 0
vt2 0 0
vt2 0 0
vt2 0 0
vt2 0 0
vt2 0 0
vt2 0 0
vt2 0 0
vt2 0 0
vt2 0 0
vt2 0 0
vt2 0 0
vt2 0 0
vt2 0 0
vt2 0 0
vt2 0 0
vt2 0 0
vt2 0 0
vt2 0 0
vt2 0 0
vt2 0 0
vt2 0 0
vt2 0 0
vt2 0 0
vt2 0 0
vt2 0 0
vt2 0 0
vt2 0 0
vt2 0 0
vt2 0 0
vt2 0 0
vt2 0 0
vt2 0 0
vt2 0 0
vt2 0 0
vt2 0 0
vt2 0 0
vt2 0 0
vt2 0 0
vt2 0 0
vt2 0 0
vt2 0 0
vt2 0 0
vt2 0 0
vt2 0 0
vt2 0 0
vt2 0 0
vt2 0 0
vt2 0 0
vt2 0 0
vt2 0 0
vt2 0 0
vt2 0 0
vt2 0 0
vt2 0 0
vt2 0 0
vt2 0 0
vt2 0 0
vt2 0 0
vt2 0 0
vt2 0 0
vt2 0 0
vt2 0 0
vt2 0 0
vt2 0 0
vt2 0 0
vt2 0 0
vt2 0 0
vt2 0 0
vt2 0 0
vt2 0 0
vt2 0 0
vt2 0 0
vt2 0 0
vt2 0 0
vt2 0 0
vt2 0 0
vt2 0 0
vt2 0 0
vt2 0 0
vt2 0 0
vt2 0 0
vt2 0 0
vt2 0 0
vt2 0 0
vt2 0 0
vt2 0 0
vt2 0 0
vt2 0 0
vt2 0 0
vt2 0 0
vt2 0 0
vt2 0 0
vt2 0 0
vt2 0 0
vt2 0 0
vt2 0 0
vt2 0 0
vt2 0 0
vt2 0 0
vt2 0 0
vt2 0 0
vt2 0 0
vt2 0 0
vt2 0 0
vt2 0 0
vt2 0 0
vt2 0 0
vt2 0 0
vt2 0 0
vt2 0 0
vt2 0 0
vt2 0 0
vt2 0 0
vt2 0 0
vt2 0 0
vt2 0 0
vt2 0 0
vt2 0 0
vt2 0 0
vt2 0 0
vt2 0 0
vt2 0 0
vt2 0 0
vt2 0 0
vt2 0 0
vt2 0 0
vt2 0 0
vt2 0 0
vt2 0 0
vt2 0 0
vt2 0 0
vt2 0 0
vt2 0 0
vt2 0 0
vt2 0 0
vt2 0 0
vt2 0 0
vt2 0 0
vt2 0 0
vt2 0 0
vt2 0 0
vt2 0 0
vt2 0 0
vt2 0 0
vt2 0 0
vt2 0 0
vt2 0 0
vt2 0 0
vt2 0 0
vt2 0 0
vt2 0 0
vt2 0 0
vt2 0 0
vt2 0 0
vt2 0 0
vt2 0 0
vt2 0 0
vt2 0 0
vt2 0 0
vt2 0 0
vt2 0 0
vt2 0 0
vt2 0 0
vt2 0 0
vt2 0 0
vt2 0 0
vt2 0 0
vt2 0 0
vt2 0 0
vt2 0 0
vt2 0 0
vt2 0 0
vt2 0 0
vt2 0 0
vt2 0 0
vt2 0 0
vt2 0 0
vt2 0 0
vt2 0 0
vt2 0 0
vt2 0 0
vt2 0 0
vt2 0 0
vt2 0 0
vt2 0 0
vt2 0 0
vt2 0 0
vt2 0 0
vt2 0 0
vt2 0 0
vt2 0 0
vt2 0 0
vt2 0 0
vt2 0 0
vt2 0 0
vt2 0 0
vt2 0 0
vt2 0 0
vt2 0 0
vt2 0 0
vt2 0 0
vt2 0 0
vt2 0 0
vt2 0 0
vt2 0 0
vt2 0 0
vt2 0 0
vt2 0 0
vt2 0 0
vt2 0 0
vt2 0 0
vt2 0 0
vt2 0 0
vt2 0 0
vt2 0 0
vt2 0 0
vt2 0 0
vt2 0 0
vt2 0 0
vt2 0 0
vt2 0 0
vt2 0 0
vt2 0 0
vt2 0 0
vt2 0 0
vt2 0 0
vt2 0 0
vt2 0 0
vt2 0 0
vt2 0 0
vt2 0 0
vt2 0 0
vt2 0 0
vt2 0 0
vt2 0 0
vt2 0 0
vt2 0 0
vt2 0 0
vt2 0 0
vt2 0 0
vt2 0 0
vt2 0 0
vt2 0 0
vt2 0 0
vt2 0 0
vt2 0 0
vt2 0 0
vt2 0 0
vt2 0 0
vt2 0 0
vt2 0 0
vt2 0 0
vt2 0 0
vt2 0 0
vt2 0 0
vt2 0 0
vt2 0 0
vt2 0 0
vt2 0 0
vt2 0 0
vt2 0 0
vt2 0 0
vt2 0 0
vt2 0 0
vt2 0 0
vt2 0 0
vt2 0 0
vt2 0 0
vt2 0 0
vt2 0 0
vt2 0 0
vt2 0 0
vt2 0 0
vt2 0 0
vt2 0 0
vt2 0 0
vt2 0 0
vt2 0 0
vt2 0 0
vt2 0 0
vt2 0 0
vt2 0 0
vt2 0 0
vt2 0 0
vt2 0 0
vt2 0 0
vt2 0 0
vt2 0 0
vt2 0 0
vt2 0 0
vt2 0 0
vt2 0 0
vt2 0 0
vt2 0 0
vt2 0 0
vt2 0 0
vt2 0 0
vt2 0 0
vt2 0 0
vt2 0 0
vt2 0 0
vt2 0 0
vt2 0 0
vt2 0 0
vt2 0 0
vt2 0 0
vt2 0 0
vt2 0 0
vt2 0 0
vt2 0 0
vt2 0 0
vt2 0 0
vt2 0 0
vt2 0 0
vt2 0 0
vt2 0 0
vt2 0 0
vt2 0 0
vt2 0 0
vt2 0 0
vt2 0 0
vt2 0 0
vt2 0 0
vt2 0 0
vt2 0 0
vt2 0 0
vt2 0 0
vt2 0 0
vt2 0 0
vt2 0 0
vt2 0 0
vt2 0 0
vt2 0 0
vt2 0 0
vt2 0 0
vt2 0 0
vt2 0 0
vt2 0 0
vt2 0 0
vt2 0 0
vt2 0 0
vt2 0 0
vt2 0 0
vt2 0 0
vt2 0 0
vt2 0 0
vt2 0 0
vt2 0 0
vt2 0 0
vt2 0 0
vt2 0 0
vt2 0 0
vt2 0 0
vt2 0 0
vt2 0 0
vt2 0 0
vt2 0 0
vt2 0 0
vt2 0 0
vt2 0 0
vt2 0 0
vt2 0 0
vt2 0 0
vt2 0 0
vt2 0 0
vt2 0 0
vt2 0 0
vt2 0 0
vt2 0 0
vt2 0 0
vt2 0 0
vt2 0 0
vt2 0 0
vt2 0 0
vt2 0 0
vt2 0 0
vt2 0 0
vt2 0 0
vt2 0 0
vt2 0 0
vt2 0 0
vt2 0 0
vt2 0 0
vt2 0 0
vt2 0 0
vt2 0 0
vt2 0 0
vt2 0 0
vt2 0 0
vt2 0 0
vt2 0 0
vt2 0 0
vt2 0 0
vt2 0 0
vt2 0 0
vt2 0 0
vt2 0 0
vt2 0 0
vt2 0 0
vt2 0 0
vt2 0 0
vt2 0 0
vt2 0 0
vt2 0 0
vt2 0 0
vt2 0 0
vt2 0 0
vt2 0 0
vt2 0 0
vt2 0 0
vt2 0 0
vt2 0 0
vt2 0 0
vt2 0 0
vt2 0 0
vt2 0 0
vt2 0 0
vt2 0 0
vt2 0 0
vt2 0 0
vt2 0 0
vt2 0 0
vt2 0 0
vt2 0 0
vt2 0 0
vt2 0 0
vt2 0 0
vt2 0 0
vt2 0 0
vt2 0 0
vt2 0 0
vt2 0 0
vt2 0 0
vt2 0 0
vt2 0 0
vt2 0 0
vt2 0 0
vt2 0 0
vt2 0 0
vt2 0 0
vt2 0 0
vt2 0 0
vt2 0 0
vt2 0 0
vt2 0 0
vt2 0 0
vt2 0 0
vt2 0 0
vt2 0 0
vt2 0 0
vt2 0 0
vt2 0 0
vt2 0 0
vt2 0 0
vt2 0 0
vt2 0 0
vt2 0 0
vt2 0 0
vt2 0 0
vt2 0 0
vt2 0 0
vt2 0 0
vt2 0 0
vt2 0 0
vt2 0 0
vt2 0 0
vt2 0 0
vt2 0 0
vt2 0 0
vt2 0 0
vt2 0 0
vt2 0 0
vt2 0 0
vt2 0 0
vt2 0 0
vt2 0 0
vt2 0 0
vt2 0 0
vt2 0 0
vt2 0 0
vt2 0 0
vt2 0 0
vt2 0 0
vt2 0 0
vt2 0 0
vt2 0 0
vt2 0 0
vt2 0 0
vt2 0 0
vt2 0 0
vt2 0 0
vt2 0 0
vt2 0 0
vt2 0 0
vt2 0 0
vt2 0 0
vt2 0 0
vt2 0 0
vt2 0 0
vt2 0 0
vt2 0 0
vt2 0 0
vt2 0 0
vt2 0 0
vt2 0 0
vt2 0 0
vt2 0 0
vt2 0 0
vt2 0 0
vt2 0 0
vt2 0 0
vt2 0 0
vt2 0 0
vt2 0 0
vt2 0 0
vt2 0 0
vt2 0 0
vt2 0 0
vt2 0 0
vt2 0 0
vt2 0 0
vt2 0 0
vt2 0 0
vt2 0 0
vt2 0 0
vt2 0 0
vt2 0 0
vt2 0 0
vt2 0 0
vt2 0 0
vt2 0 0
vt2 0 0
vt2 0 0
vt2 0 0
vt2 0 0
vt2 0 0
vt2 0 0
vt2 0 0
vt2 0 0
vt2 0 0
vt2 0 0
vt2 0 0
vt2 0 0
vt2 0 0
vt2 0 0
vt2 0 0
vt2 0 0
vt2 0 0
vt2 0 0
vt2 0 0
vt2 0 0
vt2 0 0
vt2 0 0
vt2 0 0
vt2 0 0
vt2 0 0
vt2 0 0
vt2 0 0
vt2 0 0
vt2 0 0
vt2 0 0
vt2 0 0
vt2 0 0
vt2 0 0
vt2 0 0
vt2 0 0
vt2 0 0
vt2 0 0
vt2 0 0
vt2 0 0
vt2 0 0
vt2 0 0
vt2 0 0
vt2 0 0
vt2 0 0
vt2 0 0
vt2 0 0
vt2 0 0
vt2 0 0
vt2 0 0
vt2 0 0
vt2 0 0
vt2 0 0
vt2 0 0
vt2 0 0
vt2 0 0
vt2 0 0
vt2 0 0
vt2 0 0
vt2 0 0
vt2 0 0
vt2 0 0
vt2 0 0
vt2 0 0
vt2 0 0
vt2 0 0
vt2 0 0
vt2 0 0
vt2 0 0
vt2 0 0
vt2 0 0
vt2 0 0
vt2 0 0
vt2 0 0
vt2 0 0
vt2 0 0
vt2 0 0
vt2 0 0
vt2 0 0
vt2 0 0
vt2 0 0
vt2 0 0
vt2 0 0
vt2 0 0
vt2 0 0
vt2 0 0
vt2 0 0
vt2 0 0
vt2 0 0
vt2 0 0
vt2 0 0
vt2 0 0
vt2 0 0
vt2 0 0
vt2 0 0
vt2 0 0
vt2 0 0
vt2 0 0
vt2 0 0
vt2 0 0
vt2 0 0
vt2 0 0
vt2 0 0
vt2 0 0
vt2 0 0
vt2 0 0
vt2 0 0
vt2 0 0
vt2 0 0
vt2 0 0
vt2 0 0
vt2 0 0
vt2 0 0
vt2 0 0
vt2 0 0
vt2 0 0
vt2 0 0
vt2 0 0
vt2 0 0
vt2 0 0
vt2 0 0
vt2 0 0
vt2 0 0
vt2 0 0
vt2 0 0
vt2 0 0
vt2 0 0
vt2 0 0
vt2 0 0
vt2 0 0
vt2 0 0
vt2 0 0
vt2 0 0
vt2 0 0
vt2 0 0
vt2 0 0
vt2 0 0
vt2 0 0
vt2 0 0
vt2 0 0
vt2 0 0
vt2 0 0
vt2 0 0
vt2 0 0
vt2 0 0
vt2 0 0
vt2 0 0
vt2 0 0
vt2 0 0
vt2 0 0
vt2 0 0
vt2 0 0
vt2 0 0
vt2 0 0
vt2 0 0
vt2 0 0
vt2 0 0
vt2 0 0
vt2 0 0
vt2 0 0
vt2 0 0
vt2 0 0
vt2 0 0
vt2 0 0
vt2 0 0
vt2 0 0
vt2 0 0
vt2 0 0
vt2 0 0
vt2 0 0
vt2 0 0
vt2 0 0
vt2 0 0
vt2 0 0
vt2 0 0
vt2 0 0
vt2 0 0
vt2 0 0
vt2 0 0
vt2 0 0
vt2 0 0
vt2 0 0
vt2 0 0
vt2 0 0
vt2 0 0
vt2 0 0
vt2 0 0
vt2 0 0
vt2 0 0
vt2 0 0
vt2 0 0
vt2 0 0
vt2 0 0
vt2 0 0
vt2 0 0
vt2 0 0
vt2 0 0
vt2 0 0
vt2 0 0
vt2 0 0
vt2 0 0
vt2 0 0
vt2 0 0
vt2 0 0
vt2 0 0
vt2 0 0
vt2 0 0
vt2 0 0
vt2 0 0
vt2 0 0
vt2 0 0
vt2 0 0
vt2 0 0
vt2 0 0
vt2 0 0
vt2 0 0
vt2 0 0
vt2 0 0
vt2 0 0
vt2 0 0
vt2 0 0
vt2 0 0
vt2 0 0
vt2 0 0
vt2 0 0
vt2 0 0
vt2 0 0
vt2 0 0
vt2 0 0
vt2 0 0
vt2 0 0
vt2 0 0
vt2 0 0
vt2 0 0
vt2 0 0
vt2 0 0
vt2 0 0
vt2 0 0
vt2 0 0
vt2 0 0
vt2 0 0
vt2 0 0
vt2 0 0
vt2 0 0
vt2 0 0
vt2 0 0
vt2 0 0
vt2 0 0
vt2 0 0
vt2 0 0
vt2 0 0
vt2 0 0
vt2 0 0
vt2 0 0
vt2 0 0
vt2 0 0
vt2 0 0
vt2 0 0
vt2 0 0
vt2 0 0
vt2 0 0
vt2 0 0
vt2 0 0
vt2 0 0
vt2 0 0
vt2 0 0
vt2 0 0
vt2 0 0
vt2 0 0
vt2 0 0
vt2 0 0
vt2 0 0
vt2 0 0
vt2 0 0
vt2 0 0
vt2 0 0
vt2 0 0
vt2 0 0
vt2 0 0
vt2 0 0
vt2 0 0
vt2 0 0
vt2 0 0
vt2 0 0
vt2 0 0
vt2 0 0
vt2 0 0
vt2 0 0
vt2 0 0
vt2 0 0
vt2 0 0
vt2 0 0
vt2 0 0
vt2 0 0
vt2 0 0
vt2 0 0
vt2 0 0
vt2 0 0
vt2 0 0
vt2 0 0
vt2 0 0
vt2 0 0
vt2 0 0
vt2 0 0
vt2 0 0
vt2 0 0
vt2 0 0
vt2 0 0
vt2 0 0
vt2 0 0
vt2 0 0
vt2 0 0
vt2 0 0
vt2 0 0
vt2 0 0
vt2 0 0
vt2 0 0
vt2 0 0
vt2 0 0
vt2 0 0
vt2 0 0
vt2 0 0
vt2 0 0
vt2 0 0
vt2 0 0
vt2 0 0
vt2 0 0
vt2 0 0
vt2 0 0
vt2 0 0
vt2 0 0
vt2 0 0
vt2 0 0
vt2 0 0
vt2 0 0
vt2 0 0
vt2 0 0
vt2 0 0
vt2 0 0
vt2 0 0
vt2 0 0
vt2 0 0
vt2 0 0
vt2 0 0
vt2 0 0
vt2 0 0
vt2 0 0
vt2 0 0
vt2 0 0
vt2 0 0
vt2 0 0
vt2 0 0
vt2 0 0
vt2 0 0
vt2 0 0
vt2 0 0
vt2 0 0
vt2 0 0
vt2 0 0
vt2 0 0
vt2 0 0
vt2 0 0
vt2 0 0
vt2 0 0
vt2 0 0
vt2 0 0
vt2 0 0
vt2 0 0
vt2 0 0
vt2 0 0
vt2 0 0
vt2 0 0
vt2 0 0
vt2 0 0
vt2 0 0
vt2 0 0
vt2 0 0
vt2 0 0
vt2 0 0
vt2 0 0
vt2 0 0
vt2 0 0
vt2 0 0
vt2 0 0
vt2 0 0
vt2 0 0
vt2 0 0
vt2 0 0
vt2 0 0
vt2 0 0
vt2 0 0
vt2 0 0
vt2 0 0
vt2 0 0
vt2 0 0
vt2 0 0
vt2 0 0
vt2 0 0
vt2 0 0
vt2 0 0
vt2 0 0
vt2 0 0
vt2 0 0
vt2 0 0
vt2 0 0
vt2 0 0
vt2 0 0
vt2 0 0
vt2 0 0
vt2 0 0
vt2 0 0
vt2 0 0
vt2 0 0
vt2 0 0
vt2 0 0
vt2 0 0
vt2 0 0
vt2 0 0
vt2 0 0
vt2 0 0
vt2 0 0
vt2 0 0
vt2 0 0
vt2 0 0
vt2 0 0
vt2 0 0
vt2 0 0
vt2 0 0
vt2 0 0
vt2 0 0
vt2 0 0
vt2 0 0
vt2 0 0
vt2 0 0
vt2 0 0
vt2 0 0
vt2 0 0
vt2 0 0
vt2 0 0
vt2 0 0
vt2 0 0
vt2 0 0
vt2 0 0
vt2 0 0
vt2 0 0
vt2 0 0
vt2 0 0
vt2 0 0
vt2 0 0
vt2 0 0
vt2 0 0
vt2 0 0
vt2 0 0
vt2 0 0
vt2 0 0
vt2 0 0
vt2 0 0
vt2 0 0
vt2 0 0
vt2 0 0
vt2 0 0
vt2 0 0
vt2 0 0
vt2 0 0
vt2 0 0
vt2 0 0
vt2 0 0
vt2 0 0
vt2 0 0
vt2 0 0
vt2 0 0
vt2 0 0

vt2 0 0
vt2 0 0
vt2 0 0
vt2 0 0
vt2 0 0
vt2 0 0
vt2 0 0
vt2 0 0
vt2 0 0
vt2 0 0
vt2 0 0
vt2 0 0
vt2 0 0
vt2 0 0
vt2 0 0
vt2 0 0
vt2 0 0
vt2 0 0
vt2 0 0
vt2 0 0
vt2 0 0
vt2 0 0
vt2 0 0
vt2 0 0
vt2 0 0
vt2 0 0
vt2 0 0
vt2 0 0
vt2 0 0
vt2 0 0
vt2 0 0
vt2 0 0
vt2 0 0
vt2 0 0
vt2 0 0
vt2 0 0
vt2 0 0
vt2 0 0
vt2 0 0
vt2 0 0
vt2 0 0
vt2 0 0
vt2 0 0
vt2 0 0
vt2 0 0
vt2 0 0
vt2 0 0
vt2 0 0
vt2 0 0
vt2 0 0
vt2 0 0
vt2 0 0
vt2 0 0
vt2 0 0
vt2 0 0
vt2 0 0
vt2 0 0
vt2 0 0
vt2 0 0
vt2 0 0
vt2 0 0
vt2 0 0
vt2 0 0
vt2 0 0
vt2 0 0
vt2 0 0
vt2 0 0
vt2 0 0
vt2 0 0
vt2 0 0
vt2 0 0
vt2 0 0
vt2 0 0
vt2 0 0
vt2 0 0
vt2 0 0
vt2 0 0
vt2 0 0
vt2 0 0
vt2 0 0
vt2 0 0
vt2 0 0
vt2 0 0
vt2 0 0
vt2 0 0
vt2 0 0
vt2 0 0
vt2 0 0
vt2 0 0
vt2 0 0
vt2 0 0
vt2 0 0
vt2 0 0
vt2 0 0
vt2 0 0
vt2 0 0
vt2 0 0
vt2 0 0
vt2 0 0
vt2 0 0
vt2 0 0
vt2 0 0
vt2 0 0
vt2 0 0
vt2 0 0
vt2 0 0
vt2 0 0
vt2 0 0
vt2 0 0
vt2 0 0
vt2 0 0
vt2 0 0
vt2 0 0
vt2 0 0
vt2 0 0
vt2 0 0
vt2 0 0
vt2 0 0
vt2 0 0
vt2 0 0
vt2 0 0
vt2 0 0
vt2 0 0
vt2 0 0
vt2 0 0
vt2 0 0
vt2 0 0
vt2 0 0
vt2 0 0
vt2 0 0
vt2 0 0
vt2 0 0
vt2 0 0
vt2 0 0
vt2 0 0
vt2 0 0
vt2 0 0
vt2 0 0
vt2 0 0
vt2 0 0
vt2 0 0
vt2 0 0
vt2 0 0
vt2 0 0
vt2 0 0
vt2 0 0
vt2 0 0
vt2 0 0
vt2 0 0
vt2 0 0
vt2 0 0
vt2 0 0
vt2 0 0
vt2 0 0
vt2 0 0
vt2 0 0
vt2 0 0
vt2 0 0
vt2 0 0
vt2 0 0
vt2 0 0
vt2 0 0
vt2 0 0
vt2 0 0
vt2 0 0
vt2 0 0
vt2 0 0
vt2 0 0
vt2 0 0
vt2 0 0
vt2 0 0
vt2 0 0
vt2 0 0
vt2 0 0
vt2 0 0
vt2 0 0
vt2 0 0
vt2 0 0
vt2 0 0
vt2 0 0
vt2 0 0
vt2 0 0
vt2 0 0
vt2 0 0
vt2 0 0
vt2 0 0
vt2 0 0
vt2 0 0
vt2 0 0
vt2 0 0
vt2 0 0
vt2 0 0
vt2 0 0
vt2 0 0
vt2 0 0
vt2 0 0
vt2 0 0
vt2 0 0
vt2 0 0
vt2 0 0
vt2 0 0
vt2 0 0
vt2 0 0
vt2 0 0
vt2 0 0
vt2 0 0
vt2 0 0
vt2 0 0
vt2 0 0
vt2 0 0
vt2 0 0
vt2 0 0
vt2 0 0
vt2 0 0
vt2 0 0
vt2 0 0
vt2 0 0
vt2 0 0
vt2 0 0
vt2 0 0
vt2 0 0
vt2 0 0
vt2 0 0
vt2 0 0
vt2 0 0
vt2 0 0
vt2 0 0
vt2 0 0
vt2 0 0
vt2 0 0
vt2 0 0
vt2 0 0
vt2 0 0
vt2 0 0
vt2 0 0
vt2 0 0
vt2 0 0
vt2 0 0
vt2 0 0
vt2 0 0
vt2 0 0
vt2 0 0
vt2 0 0
vt2 0 0
vt2 0 0
vt2 0 0
vt2 0 0
vt2 0 0
vt2 0 0
vt2 0 0
vt2 0 0
vt2 0 0
vt2 0 0
vt2 0 0
vt2 0 0
vt2 0 0
vt2 0 0
vt2 0 0
vt2 0 0
vt2 0 0
vt2 0 0
vt2 0 0
vt2 0 0
vt2 0 0
vt2 0 0
vt2 0 0
vt2 0 0
vt2 0 0
vt2 0 0
vt2 0 0
vt2 0 0
vt2 0 0
vt2 0 0
vt2 0 0
vt2 0 0
vt2 0 0
vt2 0 0
vt2 0 0
vt2 0 0
vt2 0 0
vt2 0 0
vt2 0 0
vt2 0 0
vt2 0 0
vt2 0 0
vt2 0 0
vt2 0 0
vt2 0 0
vt2 0 0
vt2 0 0
vt2 0 0
vt2 0 0
vt2 0 0
vt2 0 0
vt2 0 0
vt2 0 0
vt2 0 0
vt2 0 0
vt2 0 0
vt2 0 0
vt2 0 0
vt2 0 0
vt2 0 0
vt2 0 0
vt2 0 0
vt2 0 0
vt2 0 0
vt2 0 0
vt2 0 0
vt2 0 0
vt2 0 0
vt2 0 0
vt2 0 0
vt2 0 0
vt2 0 0
vt2 0 0
vt2 0 0
vt2 0 0
vt2 0 0
vt2 0 0
vt2 0 0
vt2 0 0
vt2 0 0
vt2 0 0
vt2 0 0
vt2 0 0
vt2 0 0
vt2 0 0
vt2 0 0
vt2 0 0
vt2 0 0
vt2 0 0
vt2 0 0
vt2 0 0
vt2 0 0
vt2 0 0
vt2 0 0
vt2 0 0
vt2 0 0
vt2 0 0
vt2 0 0
vt2 0 0
vt2 0 0
vt2 0 0
vt2 0 0
vt2 0 0
vt2 0 0
vt2 0 0
vt2 0 0
vt2 0 0
vt2 0 0
vt2 0 0
vt2 0 0
vt2 0 0
vt2 0 0
vt2 0 0
vt2 0 0
vt2 0 0
vt2 0 0
vt2 0 0
vt2 0 0
vt2 0 0
vt2 0 0
vt2 0 0
vt2 0 0
vt2 0 0
vt2 0 0
vt2 0 0
vt2 0 0
vt2 0 0
vt2 0 0
vt2 0 0
vt2 0 0
vt2 0 0
vt2 0 0
vt2 0 0
vt2 0 0
vt2 0 0
vt2 0 0
vt2 0 0
vt2 0 0
vt2 0 0
vt2 0 0
vt2 0 0
vt2 0 0
vt2 0 0
vt2 0 0
vt2 0 0
vt2 0 0
vt2 0 0
vt2 0 0
vt2 0 0
vt2 0 0
vt2 0 0
vt2 0 0
vt2 0 0
vt2 0 0
vt2 0 0
vt2 0 0
vt2 0 0
vt2 0 0
vt2 0 0
vt2 0 0
vt2 0 0
vt2 0 0
vt2 0 0
vt2 0 0
vt2 0 0
vt2 0 0
vt2 0 0
vt2 0 0
vt2 0 0
vt2 0 0
vt2 0 0
vt2 0 0
vt2 0 0
vt2 0 0
vt2 0 0
vt2 0 0
vt2 0 0
vt2 0 0
vt2 0 0
vt2 0 0
vt2 0 0
vt2 0 0
vt2 0 0
vt2 0 0
vt2 0 0
vt2 0 0
vt2 0 0
vt2 0 0
vt2 0 0
vt2 0 0
vt2 0 0
vt2 0 0
vt2 0 0
vt2 0 0
vt2 0 0
vt2 0 0
vt2 0 0
vt2 0 0
vt2 0 0
vt2 0 0
vt2 0 0
vt2 0 0
vt2 0 0
vt2 0 0
vt2 0 0
vt2 0 0
vt2 0 0
vt2 0 0
vt2 0 0
vt2 0 0
vt2 0 0
vt2 0 0
vt2 0 0
vt2 0 0
vt2 0 0
vt2 0 0
vt2 0 0
vt2 0 0
vt2 0 0
vt2 0 0
vt2 0 0
vt2 0 0
vt2 0 0
vt2 0 0
vt2 0 0
vt2 0 0
vt2 0 0
vt2 0 0
vt2 0 0
vt2 0 0
vt2 0 0
vt2 0 0
vt2 0 0
vt2 0 0
vt2 0 0
vt2 0 0
vt2 0 0
vt2 0 0
vt2 0 0
vt2 0 0
vt2 0 0
vt2 0 0
vt2 0 0
vt2 0 0
vt2 0 0
vt2 0 0
vt2 0 0
vt2 0 0
vt2 0 0
vt2 0 0
vt2 0 0
vt2 0 0
vt2 0 0
vt2 0 0
vt2 0 0
vt2 0 0
vt2 0 0
vt2 0 0
vt2 0 0
vt2 0 0
vt2 0 0
vt2 0 0
vt2 0 0
vt2 0 0
vt2 0 0
vt2 0 0
vt2 0 0
vt2 0 0
vt2 0 0
vt2 0 0
vt2 0 0
vt2 0 0
vt2 0 0
vt2 0 0
vt2 0 0
vt2 0 0
vt2 0 0
vt2 0 0
vt2 0 0
vt2 0 0
vt2 0 0
vt2 0 0
vt2 0 0
vt2 0 0
vt2 0 0
vt2 0 0
vt2 0 0
vt2 0 0
vt2 0 0
vt2 0 0
vt2 0 0
vt2 0 0
vt2 0 0
vt2 0 0
vt2 0 0
vt2 0 0
vt2 0 0
vt2 0 0
vt2 0 0
vt2 0 0
vt2 0 0
vt2 0 0
vt2 0 0
vt2 0 0
vt2 0 0
vt2 0 0
vt2 0 0
vt2 0 0
vt2 0 0
vt2 0 0
vt2 0 0
vt2 0 0
vt2 0 0
vt2 0 0
vt2 0 0
vt2 0 0
vt2 0 0
vt2 0 0
vt2 0 0
vt2 0 0
vt2 0 0
vt2 0 0
vt2 0 0
vt2 0 0
vt2 0 0
vt2 0 0
vt2 0 0
vt2 0 0
vt2 0 0
vt2 0 0
vt2 0 0
vt2 0 0
vt2 0 0
vt2 0 0
vt2 0 0
vt2 0 0
vt2 0 0
vt2 0 0
vt2 0 0
vt2 0 0
vt2 0 0
vt2 0 0
vt2 0 0
vt2 0 0
vt2 0 0
vt2 0 0
vt2 0 0
vt2 0 0
vt2 0 0
vt2 0 0
vt2 0 0
vt2 0 0
vt2 0 0
vt2 0 0
vt2 0 0
vt2 0 0
vt2 0 0
vt2 0 0
vt2 0 0
vt2 0 0
vt2 0 0
vt2 0 0
vt2 0 0
vt2 0 0
vt2 0 0
vt2 0 0
vt2 0 0
vt2 0 0
vt2 0 0
vt2 0 0
vt2 0 0
vt2 0 0
vt2 0 0
vt2 0 0
vt2 0 0
vt2 0 0
vt2 0 0
vt2 0 0
vt2 0 0
vt2 0 0
vt2 0 0
vt2 0 0
vt2 0 0
vt2 0 0
vt2 0 0
vt2 0 0
vt2 0 0
vt2 0 0
vt2 0 0
vt2 0 0
vt2 0 0
vt2 0 0
vt2 0 0
vt2 0 0
vt2 0 0
vt2 0 0
vt2 0 0
vt2 0 0
vt2 0 0
vt2 0 0
vt2 0 0
vt2 0 0
vt2 0 0
vt2 0 0
vt2 0 0
vt2 0 0
vt2 0 0
vt2 0 0
vt2 0 0
vt2 0 0
vt2 0 0
vt2 0 0
vt2 0 0
vt2 0 0
vt2 0 0
vt2 0 0
vt2 0 0
vt2 0 0
vt2 0 0
vt2 0 0
vt2 0 0
vt2 0 0
vt2 0 0
vt2 0 0
vt2 0 0
vt2 0 0
vt2 0 0
vt2 0 0
vt2 0 0
vt2 0 0
vt2 0 0
vt2 0 0
vt2 0 0
vt2 0 0
vt2 0 0
vt2 0 0
vt2 0 0
vt2 0 0
vt2 0 0
vt2 0 0
vt2 0 0
vt2 0 0
vt2 0 0
vt2 0 0
vt2 0 0
vt2 0 0
vt2 0 0
vt2 0 0
vt2 0 0
vt2 0 0
vt2 0 0
vt2 0 0
vt2 0 0
vt2 0 0
vt2 0 0
vt2 0 0
vt2 0 0
vt2 0 0
vt2 0 0
vt2 0 0
vt2 0 0
vt2 0 0
vt2 0 0
vt2 0 0
vt2 0 0
vt2 0 0
vt2 0 0
vt2 0 0
vt2 0 0
vt2 0 0
vt2 0 0
vt2 0 0
vt2 0 0
vt2 0 0
vt2 0 0
vt2 0 0
vt2 0 0
vt2 0 0
vt2 0 0
vt2 0 0
vt2 0 0
vt2 0 0
vt2 0 0
vt2 0 0
vt2 0 0
vt2 0 0
vt2 0 0
vt2 0 0
vt2 0 0
vt2 0 0
vt2 0 0
vt2 0 0
vt2 0 0
vt2 0 0
vt2 0 0
vt2 0 0
vt2 0 0
vt2 0 0
vt2 0 0
vt2 0 0
vt2 0 0
vt2 0 0
vt2 0 0
vt2 0 0
vt2 0 0
vt2 0 0
vt2 0 0
vt2 0 0
vt2 0 0
vt2 0 0
vt2 0 0
vt2 0 0
vt2 0 0
vt2 0 0
vt2 0 0
vt2 0 0
vt2 0 0
vt2 0 0
vt2 0 0
vt2 0 0
vt2 0 0
vt2 0 0
vt2 0 0
vt2 0 0
vt2 0 0
vt2 0 0
vt2 0 0
vt2 0 0
vt2 0 0
vt2 0 0
vt2 0 0
vt2 0 0
vt2 0 0
vt2 0 0
vt2 0 0
vt2 0 0
vt2 0 0
vt2 0 0
vt2 0 0
vt2 0 0
vt2 0 0
vt2 0 0
vt2 0 0
vt2 0 0
vt2 0 0
vt2 0 0
vt2 0 0
vt2 0 0
vt2 0 0
vt2 0 0
vt2 0 0
vt2 0 0
vt2 0 0
vt2 0 0
vt2 0 0
vt2 0 0
vt2 0 0
vt2 0 0
vt2 0 0
vt2 0 0
vt2 0 0
vt2 0 0
vt2 0 0
vt2 0 0
vt2 0 0
vt2 0 0
vt2 0 0
vt2 0 0
vt2 0 0
vt2 0 0
vt2 0 0
vt2 0 0
vt2 0 0
vt2 0 0
vt2 0 0
vt2 0 0
vt2 0 0
vt2 0 0
vt2 0 0
vt2 0 0
vt2 0 0
vt2 0 0
vt2 0 0
vt2 0 0
vt2 0 0
vt2 0 0
vt2 0 0
vt2 0 0
vt2 0 0
vt2 0 0
vt2 0 0
vt2 0 0
vt2 0 0
vt2 0 0
vt2 0 0
vt2 0 0
vt2 0 0
vt2 0 0
vt2 0 0
vt2 0 0
vt2 0 0
vt2 0 0
vt2 0 0
vt2 0 0
vt2 0 0
vt2 0 0
vt2 0 0
vt2 0 0
vt2 0 0
vt2 0 0
vt2 0 0
vt2 0 0
vt2 0 0
vt2 0 0
vt2 0 0
vt2 0 0
vt2 0 0
vt2 0 0
vt2 0 0
vt2 0 0
vt2 0 0
vt2 0 0
vt2 0 0
vt2 0 0
vt2 0 0
vt2 0 0
vt2 0 0
vt2 0 0
vt2 0 0
vt2 0 0
vt2 0 0
vt2 0 0
vt2 0 0
vt2 0 0
vt2 0 0
vt2 0 0
vt2 0 0
vt2 0 0
vt2 0 0
vt2 0 0
vt2 0 0
vt2 0 0
vt2 0 0
vt2 0 0
vt2 0 0
vt2 0 0
vt2 0 0
vt2 0 0
vt2 0 0
vt2 0 0
vt2 0 0
vt2 0 0
vt2 0 0
vt2 0 0
vt2 0 0
vt2 0 0
vt2 0 0
vt2 0 0
vt2 0 0
vt2 0 0
vt2 0 0
vt2 0 0
vt2 0 0
vt2 0 0
vt2 0 0
vt2 0 0
vt2 0 0
vt2 0 0
vt2 0 0
vt2 0 0
vt2 0 0
vt2 0 0
vt2 0 0
vt2 0 0
vt2 0 0
vt2 0 0
vt2 0 0
vt2 0 0
vt2 0 0
vt2 0 0
vt2 0 0
vt2 0 0
vt2 0 0
vt2 0 0
vt2 0 0
vt2 0 0
vt2 0 0
vt2 0 0
vt2 0 0
vt2 0 0
vt2 0 0
vt2 0 0
vt2 0 0
vt2 0 0
vt2 0 0
vt2 0 0
vt2 0 0
vt2 0 0
vt2 0 0
vt2 0 0
vt2 0 0
vt2 0 0
vt2 0 0
vt2 0 0
vt2 0 0
vt2 0 0
vt2 0 0
vt2 0 0
vt2 0 0
vt2 0 0
vt2 0 0
vt2 0 0
vt2 0 0
vt2 0 0
vt2 0 0
vt2 0 0
vt2 0 0
vt2 0 0
vt2 0 0
vt2 0 0
vt2 0 0
vt2 0 0
vt2 0 0
vt2 0 0
vt2 0 0
vt2 0 0
vt2 0 0
vt2 0 0
vt2 0 0
vt2 0 0
vt2 0 0
vt2 0 0
vt2 0 0
vt2 0 0
vt2 0 0
vt2 0 0
vt2 0 0
vt2 0 0
vt2 0 0
vt2 0 0
vt2 0 0
vt2 0 0
vt2 0 0
vt2 0 0
vt2 0 0
vt2 0 0
vt2 0 0
vt2 0 0
vt2 0 0
vt2 0 0
vt2 0 0
vt2 0 0
vt2 0 0
vt2 0 0
vt2 0 0
vt2 0 0
vt2 0 0
vt2 0 0
vt2 0 0
vt2 0 0
vt2 0 0
vt2 0 0
vt2 0 0
vt2 0 0
vt2 0 0
vt2 0 0
vt2 0 0
vt2 0 0
vt2 0 0
vt2 0 0
vt2 0 0
vt2 0 0
vt2 0 0
vt2 0 0
vt2 0 0
vt2 0 0
vt2 0 0
vt2 0 0
vt2 0 0
vt2 0 0
vt2 0 0
vt2 0 0
vt2 0 0
vt2 0 0
vt2 0 0
vt2 0 0
vt2 0 0
vt2 0 0
vt2 0 0
vt2 0 0
vt2 0 0
vt2 0 0
vt2 0 0
vt2 0 0
vt2 0 0
vt2 0 0
vt2 0 0
vt2 0 0
vt2 0 0
vt2 0 0
vt2 0 0
vt2 0 0
vt2 0 0
vt2 0 0
vt2 0 0
vt2 0 0
vt2 0 0
vt2 0 0
vt2 0 0
vt2 0 0
vt2 0 0
vt2 0 0
vt2 0 0
vt2 0 0
vt2 0 0
vt2 0 0
vt2 0 0
vt2 0 0
vt2 0 0
vt2 0 0
vt2 0 0
vt2 0 0
vt2 0 0
vt2 0 0
vt2 0 0
vt2 0 0
vt2 0 0
vt2 0 0
vt2 0 0
vt2 0 0
vt2 0 0
vt2 0 0
vt2 0 0
vt2 0 0
vt2 0 0
vt2 0 0
vt2 0 0
vt2 0 0
vt2 0 0
vt2 0 0
vt2 0 0
vt2 0 0
vt2 0 0
vt2 0 0
vt2 0 0
vt2 0 0
vt2 0 0
vt2 0 0
vt2 0 0
vt2 0 0
vt2 0 0
vt2 0 0
vt2 0 0
vt2 0 0
vt2 0 0
vt2 0 0
vt2 0 0
vt2 0 0
vt2 0 0
vt2 0 0
vt2 0 0
vt2 0 0
vt2 0 0
vt2 0 0
vt2 0 0
vt2 0 0
vt2 0 0
vt2 0 0
vt2 0 0
vt2 0 0
vt2 0 0
vt2 0 0
vt2 0 0
vt2 0 0
vt2 0 0
vt2 0 0
vt2 0 0
vt2 0 0
vt2 0 0
vt2 0 0
vt2 0 0
vt2 0 0
vt2 0 0
vt2 0 0
vt2 0 0
vt2 0 0
vt2 0 0
vt2 0 0
vt2 0 0
vt2 0 0
vt2 0 0
vt2 0 0
vt2 0 0
vt2 0 0
vt2 0 0
vt2 0 0
vt2 0 0
vt2 0 0
vt2 0 0
vt2 0 0
vt2 0 0
vt2 0 0
vt2 0 0
vt2 0 0
vt2 0 0
vt2 0 0
vt2 0 0
vt2 0 0
vt2 0 0
vt2 0 0
vt2 0 0
vt2 0 0
vt2 0 0
vt2 0 0
vt2 0 0
vt2 0 0
vt2 0 0
vt2 0 0
vt2 0 0
vt2 0 0
vt2 0 0
vt2 0 0
vt2 0 0
vt2 0 0
vt2 0 0
vt2 0 0
vt2 0 0
vt2 0 0
vt2 0 0
vt2 0 0
vt2 0 0
vt2 0 0
vt2 0 0
vt2 0 0
vt2 0 0
vt2 0 0
vt2 0 0
vt2 0 0
vt2 0 0
vt2 0 0
vt2 0 0
vt2 0 0
vt2 0 0
vt2 0 0
vt2 0 0
vt2 0 0
vt2 0 0
vt2 0 0
vt2 0 0
vt2 0 0
vt2 0 0
vt2 0 0
vt2 0 0
vt2 0 0
vt2 0 0
vt2 0 0
vt2 0 0
vt2 0 0
vt2 0 0
vt2 0 0
vt2 0 0
vt2 0 0
vt2 0 0
vt2 0 0
vt2 0 0
vt2 0 0
vt2 0 0
vt2 0 0
vt2 0 0
vt2 0 0
vt2 0 0
vt2 0 0
vt2 0 0
vt2 0 0
vt2 0 0
vt2 0 0
vt2 0 0
vt2 0 0
vt2 0 0
vt2 0 0
vt2 0 0
vt2 0 0
vt2 0 0
vt2 0 0
vt2 0 0
vt2 0 0
vt2 0 0
vt2 0 0
vt2 0 0
vt2 0 0
vt2 0 0
vt2 0 0
vt2 0 0
vt2 0 0
vt2 0 0
vt2 0 0
vt2 0 0
vt2 0 0
vt2 0 0
vt2 0 0
vt2 0 0
vt2 0 0
vt2 0 0
vt2 0 0
vt2 0 0
vt2 0 0
vt2 0 0
vt2 0 0
vt2 0 0
vt2 0 0
vt2 0 0
vt2 0 0
vt2 0 0
vt2 0 0
vt2 0 0
vt2 0 0
vt2 0 0
vt2 0 0
vt2 0 0
vt2 0 0
vt2 0 0
vt2 0 0
vt2 0 0
vt2 0 0
vt2 0 0
vt2 0 0
vt2 0 0
vt2 0 0
vt2 0 0
vt2 0 0
vt2 0 0
vt2 0 0
vt2 0 0
vt2 0 0
vt2 0 0
vt2 0 0
vt2 0 0
vt2 0 0
vt2 0 0
vt2 0 0
vt2 0 0
vt2 0 0
vt2 0 0
vt2 0 0
vt2 0 0
vt2 0 0
vt2 0 0
vt2 0 0
vt2 0 0
vt2 0 0
vt2 0 0
vt2 0 0
vt2 0 0
vt2 0 0
vt2 0 0
vt2 0 0
vt2 0 0
vt2 0 0
vt2 0 0
vt2 0 0
vt2 0 0
vt2 0 0
vt2 0 0
vt2 0 0
vt2 0 0
vt2 0 0
vt2 0 0
vt2 0 0
vt2 0 0
vt2 0 0
vt2 0 0
vt2 0 0
vt2 0 0
vt2 0 0
vt2 0 0
vt2 0 0
vt2 0 0
vt2 0 0
vt2 0 0
vt2 0 0
vt2 0 0
vt2 0 0
vt2 0 0
vt2 0 0
vt2 0 0
vt2 0 0
vt2 0 0
vt2 0 0
vt2 0 0
vt2 0 0
vt2 0 0
vt2 0 0
vt2 0 0
vt2 0 0
vt2 0 0
vt2 0 0
vt2 0 0
vt2 0 0
vt2 0 0
vt2 0 0
vt2 0 0
vt2 0 0
vt2 0 0
vt2 0 0
vt2 0 0
vt2 0 0
vt2 0 0
vt2 0 0
vt2 0 0
vt2 0 0
vt2 0 0
vt2 0 0
vt2 0 0
vt2 0 0
vt2 0 0
vt2 0 0
vt2 0 0
vt2 0 0
vt2 0 0
vt2 0 0
vt2 0 0
vt2 0 0
vt2 0 0
vt2 0 0
vt2 0 0
vt2 0 0
vt2 0 0
vt2 0 0
vt2 0 0
vt2 0 0
vt2 0 0
vt2 0 0
vt2 0 0
vt2 0 0
vt2 0 0
vt2 0 0
vt2 0 0
vt2 0 0
vt2 0 0
vt2 0 0
vt2 0 0
vt2 0 0
vt2 0 0
vt2 0 0
vt2 0 0
vt2 0 0
vt2 0 0
vt2 0 0
vt2 0 0
vt2 0 0
vt2 0 0
vt2 0 0
vt2 0 0
vt2 0 0
vt2 0 0
vt2 0 0
vt2 0 0
vt2 0 0
vt2 0 0
vt2 0 0
vt2 0 0
vt2 0 0
vt2 0 0
vt2 0 0
vt2 0 0
vt2 0 0
vt2 0 0
vt2 0 0
vt2 0 0
vt2 0 0
vt2 0 0
vt2 0 0
vt2 0 0
vt2 0 0
vt2 0 0
vt2 0 0
vt2 0 0
vt2 0 0
vt2 0 0
vt2 0 0
vt2 0 0
vt2 0 0
vt2 0 0
vt2 0 0
vt2 0 0
vt2 0 0
vt2 0 0
vt2 0 0
vt2 0 0
vt2 0 0
vt2 0 0
vt2 0 0
vt2 0 0
vt2 0 0
vt2 0 0
vt2 0 0
vt2 0 0
vt2 0 0
vt2 0 0
vt2 0 0
vt2 0 0
vt2 0 0
vt2 0 0
vt2 0 0
vt2 0 0
vt2 0 0
vt2 0 0
vt2 0 0
vt2 0 0
vt2 0 0
vt2 0 0
vt2 0 0
vt2 0 0
vt2 0 0
vt2 0 0
vt2 0 0
vt2 0 0
vt2 0 0
vt2 0 0
vt2 0 0
vt2 0 0
vt2 0 0
vt2 0 0
vt2 0 0
vt2 0 0
vt2 0 0
vt2 0 0
vt2 0 0
vt2 0 0
vt2 0 0
vt2 0 0
vt2 0 0
vt2 0 0
vt2 0 0
vt2 0 0
vt2 0 0
vt2 0 0
vt2 0 0
vt2 0 0
vt2 0 0
vt2 0 0
vt2 0 0
vt2 0 0
vt2 0 0
vt2 0 0
vt2 0 0
vt2 0 0
vt2 0 0
vt2 0 0
vt2 0 0
vt2 0 0
vt2 0 0
vt2 0 0
vt2 0 0
vt2 0 0
vt2 0 0
vt2 0 0
vt2 0 0
vt2 0 0
vt2 0 0
vt2 0 0
vt2 0 0
vt2 0 0
vt2 0 0
vt2 0 0
vt2 0 0
vt2 0 0
vt2 0 0
vt2 0 0
vt2 0 0
vt2 0 0
vt2 0 0
vt2 0 0
vt2 0 0
vt2 0 0
vt2 0 0
vt2 0 0
vt2 0 0
vt2 0 0
vt2 0 0
vt2 0 0
vt2 0 0
vt2 0 0
vt2 0 0
vt2 0 0
vt2 0 0
vt2 0 0
vt2 0 0
vt2 0 0
vt2 0 0
vt2 0 0
vt2 0 0
vt2 0 0
vt2 0 0
vt2 0 0
vt2 0 0
vt2 0 0
vt2 0 0
vt2 0 0
vt2 0 0
vt2 0 0
vt2 0 0
vt2 0 0
vt2 0 0
vt2 0 0
vt2 0 0
vt2 0 0
vt2 0 0
vt2 0 0
vt2 0 0
vt2 0 0
vt2 0 0
vt2 0 0
vt2 0 0
vt2 0 0
vt2 0 0
vt2 0 0
vt2 0 0
vt2 0 0
vt2 0 0
vt2 0 0
vt2 0 0
vt2 0 0
vt2 0 0
vt2 0 0
vt2 0 0
vt2 0 0
vt2 0 0
vt2 0 0
vt2 0 0
vt2 0 0
vt2 0 0
vt2 0 0
vt2 0 0
vt2 0 0
vt2 0 0
vt2 0 0
vt2 0 0
vt2 0 0
vt2 0 0
vt2 0 0
vt2 0 0
vt2 0 0
vt2 0 0
vt2 0 0
vt2 0 0
vt2 0 0
vt2 0 0
vt2 0 0
vt2 0 0
vt2 0 0
vt2 0 0
vt2 0 0
vt2 0 0
vt2 0 0
vt2 0 0
vt2 0 0
vt2 0 0
vt2 0 0
vt2 0 0
vt2 0 0
vt2 0 0
vt2 0 0
vt2 0 0
vt2 0 0
vt2 0 0
vt2 0 0
vt2 0 0
vt2 0 0
vt2 0 0
vt2 0 0
vt2 0 0
vt2 0 0
vt2 0 0
vt2 0 0
vt2 0 0
vt2 0 0
vt2 0 0
vt2 0 0
vt2 0 0
vt2 0 0
vt2 0 0
vt2 0 0
vt2 0 0
vt2 0 0
vt2 0 0
vt2 0 0
vt2 0 0
vt2 0 0
vt2 0 0
vt2 0 0
vt2 0 0
vt2 0 0
vt2 0 0
vt2 0 0
vt2 0 0
vt2 0 0
vt2 0 0
vt2 0 0
vt2 0 0
vt2 0 0
vt2 0 0
vt2 0 0
vt2 0 0
vt2 0 0
vt2 0 0
vt2 0 0
vt2 0 0
vt2 0 0
vt2 0 0
vt2 0 0
vt2 0 0
vt2 0 0
vt2 0 0
vt2 0 0
vt2 0 0
vt2 0 0
vt2 0 0
vt2 0 0
vt2 0 0
vt2 0 0
vt2 0 0
vt2 0 0
vt2 0 0
vt2 0 0
vt2 0 0
vt2 0 0
vt2 0 0
vt2 0 0
vt2 0 0
vt2 0 0
vt2 0 0
vt2 0 0
vt2 0 0
vt2 0 0
vt2 0 0
vt2 0 0
vt2 0 0
vt2 0 0
vt2 0 0
vt2 0 0
vt2 0 0
vt2 0 0
vt2 0 0
vt2 0 0
vt2 0 0
vt2 0 0
vt2 0 0
vt2 0 0
vt2 0 0
vt2 0 0
vt2 0 0
vt2 0 0
vt2 0 0
vt2 0 0
vt2 0 0
vt2 0 0
vt2 0 0
vt2 0 0
vt2 0 0
vt2 0 0
vt2 0 0
vt2 0 0
vt2 0 0
vt2 0 0
vt2 0 0
vt2 0 0
vt2 0 0
vt2 0 0
vt2 0 0
vt2 0 0
vt2 0 0
vt2 0 0
vt2 0 0
vt2 0 0
vt2 0 0
vt2 0 0
vt2 0 0
vt2 0 0
vt2 0 0
vt2 0 0
vt2 0 0
vt2 0 0
vt2 0 0
vt2 0 0
vt2 0 0
vt2 0 0
vt2 0 0
vt2 0 0
vt2 0 0
vt2 0 0
vt2 0 0
vt2 0 0
vt2 0 0
vt2 0 0
vt2 0 0
vt2 0 0
vt2 0 0
vt2 0 0
vt2 0 0
vt2 0 0
vt2 0 0
vt2 0 0
vt2 0 0
vt2 0 0
vt2 0 0
vt2 0 0
vt2 0 0
vt2 0 0
vt2 0 0
vt2 0 0
vt2 0 0
vt2 0 0
vt2 0 0
vt2 0 0
vt2 0 0
vt2 0 0
vt2 0 0
vt2 0 0
vt2 0 0
vt2 0 0
vt2 0 0
vt2 0 0
vt2 0 0
vt2 0 0
vt2 0 0
vt2 0 0
vt2 0 0
vt2 0 0
vt2 0 0
vt2 0 0
vt2 0 0
vt2 0 0
vt2 0 0
vt2 0 0
vt2 0 0
vt2 0 0
vt2 0 0
vt2 0 0
vt2 0 0
vt2 0 0
vt2 0 0
vt2 0 0
vt2 0 0
vt2 0 0
vt2 0 0
vt2 0 0
vt2 0 0
vt2 0 0
vt2 0 0
vt2 0 0
vt2 0 0
vt2 0 0
vt2 0 0
vt2 0 0
vt2 0 0
vt2 0 0
vt2 0 0
vt2 0 0
vt2 0 0
vt2 0 0
vt2 0 0
vt2 0 0
vt2 0 0
vt2 0 0
vt2 0 0
vt2 0 0
vt2 0 0
vt2 0 0
vt2 0 0
vt2 0 0
vt2 0 0
vt2 0 0
vt2 0 0
vt2 0 0
vt2 0 0
vt2 0 0
vt2 0 0
vt2 0 0
vt2 0 0
vt2 0 0
vt2 0 0
vt2 0 0
vt2 0 0
vt2 0 0
vt2 0 0
vt2 0 0
vt2 0 0
vt2 0 0
vt2 0 0
vt2 0 0
vt2 0 0
vt2 0 0
vt2 0 0
vt2 0 0
vt2 0 0
vt2 0 0
vt2 0 0
vt2 0 0
vt2 0 0
vt2 0 0
vt2 0 0
vt2 0 0
vt2 0 0
vt2 0 0
vt2 0 0
vt2 0 0
vt2 0 0
vt2 0 0
vt2 0 0
vt2 0 0
vt2 0 0
vt2 0 0
vt2 0 0
vt2 0 0
vt2 0 0
vt2 0 0
vt2 0 0
vt2 0 0
vt2 0 0
vt2 0 0
vt2 0 0
vt2 0 0
vt2 0 0
vt2 0 0
vt2 0 0
vt2 0 0
vt2 0 0
vt2 0 0
vt2 0 0
vt2 0 0
vt2 0 0
vt2 0 0
vt2 0 0
vt2 0 0
vt2 0 0
vt2 0 0
vt2 0 0
vt2 0 0
vt2 0 0
vt2 0 0
vt2 0 0
vt2 0 0
vt2 0 0
vt2 0 0
vt2 0 0
vt2 0 0
vt2 0 0
vt2 0 0
vt2 0 0
vt2 0 0
vt2 0 0
vt2 0 0
vt2 0 0
vt2 0 0
vt2 0 0
vt2 0 0
vt2 0 0
vt2 0 0
vt2 0 0
vt2 0 0
vt2 0 0
vt2 0 0
vt2 0 0
vt2 0 0
vt2 0 0
vt2 0 0
vt2 0 0
vt2 0 0
vt2 0 0
vt2 0 0
vt2 0 0
vt2 0 0
vt2 0 0
vt2 0 0
vt2 0 0
vt2 0 0
vt2 0 0
vt2 0 0
vt2 0 0
vt2 0 0
vt2 0 0
vt2 0 0
vt2 0 0
vt2 0 0
vt2 0 0
vt2 0 0
vt2 0 0
vt2 0 0
vt2 0 0
vt2 0 0
vt2 0 0
vt2 0 0
vt2 0 0
vt2 0 0
vt2 0 0
vt2 0 0
vt2 0 0
vt2 0 0
vt2 0 0
vt2 0 0
vt2 0 0
vt2 0 0
vt2 0 0
vt2 0 0
vt2 0 0
vt2 0 0
vt2 0 0
vt2 0 0
vt2 0 0
vt2 0 0
vt2 0 0
vt2 0 0
vt2 0 0
vt2 0 0
vt2 0 0
vt2 0 0
vt2 0 0
vt2 0 0
vt2 0 0
vt2 0 0
vt2 0 0
vt2 0 0
vt2 0 0
vt2 0 0
vt2 0 0
vt2 0 0
vt2 0 0
vt2 0 0
vt2 0 0
vt2 0 0
vt2 0 0
vt2 0 0
vt2 0 0
vt2 0 0
vt2 0 0
vt2 0 0
vt2 0 0
vt2 0 0
vt2 0 0
vt2 0 0
vt2 0 0
vt2 0 0
vt2 0 0
vt2 0 0
vt2 0 0
vt2 0 0
vt2 0 0
vt2 0 0
vt2 0 0
vt2 0 0
vt2 0 0
vt2 0 0
vt2 0 0
vt2 0 0
vt2 0 0
vt2 0 0
vt2 0 0
vt2 0 0
vt2 0 0
vt2 0 0
vt2 0 0
vt2 0 0
vt2 0 0
vt2 0 0
vt2 0 0
vt2 0 0
vt2 0 0
vt2 0 0
vt2 0 0
vt2 0 0
vt2 0 0
vt2 0 0
vt2 0 0
vt2 0 0
vt2 0 0
vt2 0 0
vt2 0 0
vt2 0 0
vt2 0 0
vt2 0 0
vt2 0 0
vt2 0 0
vt2 0 0
vt2 0 0
vt2 0 0
vt2 0 0
vt2 0 0
vt2 0 0
vt2 0 0
vt2 0 0
vt2 0 0
vt2 0 0
vt2 0 0
vt2 0 0
vt2 0 0
vt2 0 0
vt2 0 0
vt2 0 0
vt2 0 0
vt2 0 0
vt2 0 0
vt2 0 0
vt2 0 0
vt2 0 0
vt2 0 0
vt2 0 0
vt2 0 0
vt2 0 0
vt2 0 0
vt2 0 0
vt2 0 0
vt2 0 0
vt2 0 0
vt2 0 0
vt2 0 0
vt2 0 0
vt2 0 0
vt2 0 0
vt2 0 0
vt2 0 0
vt2 0 0
vt2 0 0
vt2 0 0
vt2 0 0
vt2 0 0
vt2 0 0
vt2 0 0
vt2 0 0
vt2 0 0
vt2 0 0
vt2 0 0
vt2 0 0
vt2 0 0
vt2 0 0
vt2 0 0
vt2 0 0
vt2 0 0
vt2 0 0
vt2 0 0
vt2 0 0
vt2 0 0
vt2 0 0
vt2 0 0
vt2 0 0
vt2 0 0
vt2 0 0
vt2 0 0
vt2 0 0
vt2 0 0
vt2 0 0
vt2 0 0
vt2 0 0
vt2 0 0
vt2 0 0
vt2 0 0
vt2 0 0
vt2 0 0
vt2 0 0
vt2 0 0
vt2 0 0
vt2 0 0
vt2 0 0
vt2 0 0
vt2 0 0
vt2 0 0
vt2 0 0
vt2 0 0
vt2 0 0
vt2 0 0
vt2 0 0
vt2 0 0
vt2 0 0
vt2 0 0
vt2 0 0
vt2 0 0
vt2 0 0
vt2 0 0
vt2 0 0
vt2 0 0
vt2 0 0
vt2 0 0
vt2 0 0
vt2 0 0
vt2 0 0
vt2 0 0
vt2 0 0
vt2 0 0
vt2 0 0
vt2 0 0
vt2 0 0
vt2 0 0
vt2 0 0
vt2 0 0
vt2 0 0
vt2 0 0
vt2 0 0
vt2 0 0
vt2 0 0
vt2 0 0
vt2 0 0
vt2 0 0
vt2 0 0
vt2 0 0
vt2 0 0
vt2 0 0
vt2 0 0
vt2 0 0
vt2 0 0
vt2 0 0
vt2 0 0
vt2 0 0
vt2 0 0
vt2 0 0
vt2 0 0
vt2 0 0
vt2 0 0
vt2 0 0
vt2 0 0
vt2 0 0
vt2 0 0
vt2 0 0
vt2 0 0
vt2 0 0
vt2 0 0
vt2 0 0
vt2 0 0
vt2 0 0
vt2 0 0
vt2 0 0
vt2 0 0
vt2 0 0
vt2 0 0
vt2 0 0
vt2 0 0
vt2 0 0
vt2 0 0
vt2 0 0
vt2 0 0
vt2 0 0
vt2 0 0
vt2 0 0
vt2 0 0
vt2 0 0
vt2 0 0
vt2 0 0
vt2 0 0
vt2 0 0
vt2 0 0
vt2 0 0
vt2 0 0
vt2 0 0
vt2 0 0
vt2 0 0
vt2 0 0
vt2 0 0
vt2 0 0
vt2 0 0
vt2 0 0
vt2 0 0
vt2 0 0
vt2 0 0
vt2 0 0
vt2 0 0
vt2 0 0
vt2 0 0
vt2 0 0
vt2 0 0
vt2 0 0
vt2 0 0
vt2 0 0
vt2 0 0
vt2 0 0
vt2 0 0
vt2 0 0
vt2 0 0
vt2 0 0
vt2 0 0
vt2 0 0
vt2 0 0
vt2 0 0
vt2 0 0
vt2 0 0
vt2 0 0
vt2 0 0
vt2 0 0
vt2 0 0
vt2 0 0
vt2 0 0
vt2 0 0
vt2 0 0
vt2 0 0
vt2 0 0
vt2 0 0
vt2 0 0
vt2 0 0
vt2 0 0
vt2 0 0
vt2 0 0
vt2 0 0
vt2 0 0
vt2 0 0
vt2 0 0
vt2 0 0
vt2 0 0
vt2 0 0
vt2 0 0
vt2 0 0
vt2 0 0
vt2 0 0
vt2 0 0
vt2 0 0
vt2 0 0
vt2 0 0
vt2 0 0
vt2 0 0
vt2 0 0
vt2 0 0
vt2 0 0
vt2 0 0
vt2 0 0
vt2 0 0
vt2 0 0
vt2 0 0
vt2 0 0
vt2 0 0
vt2 0 0
vt2 0 0
vt2 0 0
vt2 0 0
vt2 0 0
vt2 0 0
vt2 0 0
vt2 0 0
vt2 0 0
vt2 0 0
vt2 0 0
vt2 0 0
vt2 0 0
vt2 0 0
vt2 0 0
vt2 0 0
vt2 0 0
vt2 0 0
vt2 0 0
vt2 0 0
vt2 0 0
vt2 0 0
vt2 0 0
vt2 0 0
vt2 0 0
vt2 0 0
vt2 0 0
vt2 0 0
vt2 0 0
vt2 0 0
vt2 0 0
vt2 0 0
vt2 0 0
vt2 0 0
vt2 0 0
vt2 0 0
vt2 0 0
vt2 0 0
vt2 0 0
vt2 0 0
vt2 0 0
vt2 0 0
vt2 0 0
vt2 0 0
vt2 0 0
vt2 0 0
vt2 0 0
vt2 0 0
vt2 0 0
vt2 0 0
vt2 0 0
vt2 0 0
vt2 0 0
vt2 0 0
vt2 0 0
vt2 0 0
vt2 0 0
vt2 0 0
vt2 0 0
vt2 0 0
vt2 0 0
vt2 0 0
vt2 0 0
vt2 0 0
vt2 0 0
vt2 0 0
vt2 0 0
vt2 0 0
vt2 0 0
vt2 0 0
vt2 0 0
vt2 0 0
vt2 0 0
vt2 0 0
vt2 0 0
vt2 0 0
vt2 0 0
vt2 0 0
vt2 0 0
vt2 0 0
vt2 0 0
vt2 0 0
vt2 0 0
vt2 0 0
vt2 0 0
vt2 0 0
vt2 0 0
vt2 0 0
vt2 0 0
vt2 0 0
vt2 0 0
vt2 0 0
vt2 0 0
vt2 0 0
vt2 0 0
vt2 0 0
vt2 0 0
vt2 0 0
vt2 0 0
vt2 0 0
vt2 0 0
vt2 0 0
vt2 0 0
vt2 0 0
vt2 0 0
vt2 0 0
vt2 0 0
vt2 0 0
vt2 0 0
vt2 0 0
vt2 0 0
vt2 0 0
vt2 0 0
vt2 0 0
vt2 0 0
vt2 0 0
vt2 0 0
vt2 0 0
vt2 0 0
vt2 0 0
vt2 0 0
vt2 0 0
vt2 0 0
vt2 0 0
vt2 0 0
vt2 0 0
vt2 0 0
vt2 0 0
vt2 0 0
vt2 0 0
vt2 0 0
vt2 0 0
vt2 0 0
vt2 0 0
vt2 0 0
vt2 0 0
vt2 0 0
vt2 0 0
vt2 0 0
vt2 0 0
vt2 0 0
vt2 0 0
vt2 0 0
vt2 0 0
vt2 0 0
vt2 0 0
vt2 0 0
vt2 0 0
vt2 0 0
vt2 0 0
vt2 0 0
vt2 0 0
vt2 0 0
vt2 0 0
vt2 0 0
vt2 0 0
vt2 0 0
vt2 0 0
vt2 0 0
vt2 0 0
vt2 0 0
vt2 0 0
vt2 0 0
vt2 0 0
vt2 0 0
vt2 0 0
vt2 0 0
vt2 0 0
vt2 0 0
vt2 0 0
vt2 0 0
vt2 0 0
vt2 0 0
vt2 0 0
vt2 0 0
vt2 0 0
vt2 0 0
vt2 0 0
vt2 0 0
vt2 0 0
vt2 0 0
vt2 0 0
vt2 0 0
vt2 0 0
vt2 0 0
vt2 0 0
vt2 0 0
vt2 0 0
vt2 0 0
vt2 0 0
vt2 0 0
vt2 0 0
vt2 0 0
vt2 0 0
vt2 0 0
vt2 0 0
vt2 0 0
vt2 0 0
vt2 0 0
vt2 0 0
vt2 0 0
vt2 0 0
vt2 0 0
vt2 0 0
vt2 0 0
vt2 0 0
vt2 0 0
vt2 0 0
vt2 0 0
vt2 0 0
vt2 0 0
vt2 0 0
vt2 0 0
vt2 0 0
vt2 0 0
vt2 0 0
vt2 0 0
vt2 0 0
vt2 0 0
vt2 0 0
vt2 0 0
vt2 0 0
vt2 0 0
vt2 0 0
vt2 0 0
vt2 0 0
vt2 0 0
vt2 0 0
vt2 0 0
vt2 0 0
vt2 0 0
vt2 0 0
vt2 0 0
vt2 0 0
vt2 0 0
vt2 0 0
vt2 0 0
vt2 0 0
vt2 0 0
vt2 0 0
vt2 0 0
vt2 0 0
vt2 0 0
vt2 0 0
vt2 0 0
vt2 0 0
vt2 0 0
vt2 0 0
vt2 0 0
vt2 0 0
vt2 0 0
vt2 0 0
vt2 0 0
vt2 0 0
vt2 0 0
vt2 0 0
vt2 0 0
vt2 0 0
vt2 0 0
vt2 0 0
vt2 0 0
vt2 0 0
vt2 0 0
vt2 0 0
vt2 0 0
vt2 0 0
vt2 0 0
vt2 0 0
vt2 0 0
vt2 0 0
vt2 0 0
vt2 0 0
vt2 0 0
vt2 0 0
vt2 0 0
vt2 0 0
vt2 0 0
vt2 0 0
vt2 0 0
vt2 0 0
vt2 0 0
vt2 0 0
vt2 0 0
vt2 0 0
vt2 0 0
vt2 0 0
vt2 0 0
vt2 0 0
vt2 0 0
vt2 0 0
vt2 0 0
vt2 0 0
vt2 0 0
vt2 0 0
vt2 0 0
vt2 0 0
vt2 0 0
vt2 0 0
vt2 0 0
vt2 0 0
vt2 0 0
vt2 0 0
vt2 0 0
vt2 0 0
vt2 0 0
vt2 0 0
vt2 0 0
vt2 0 0
vt2 0 0
vt2 0 0
vt2 0 0
vt2 0 0
vt2 0 0
vt2 0 0
vt2 0 0
vt2 0 0
vt2 0 0
vt2 0 0
vt2 0 0
vt2 0 0
vt2 0 0
vt2 0 0
vt2 0 0
vt2 0 0
vt2 0 0
vt2 0 0
vt2 0 0
vt2 0 0
vt2 0 0
vt2 0 0
vt2 0 0
vt2 0 0
vt2 0 0
vt2 0 0
vt2 0 0
vt2 0 0
vt2 0 0
vt2 0 0
vt2 0 0
vt2 0 0
vt2 0 0
vt2 0 0
vt2 0 0
vt2 0 0
vt2 0 0
vt2 0 0
vt2 0 0
vt2 0 0
vt2 0 0
vt2 0 0
vt2 0 0
vt2 0 0
vt2 0 0
vt2 0 0
vt2 0 0
vt2 0 0
vt2 0 0
vt2 0 0
vt2 0 0
vt2 0 0
vt2 0 0
vt2 0 0
vt2 0 0
vt2 0 0
vt2 0 0
vt2 0 0
vt2 0 0
vt2 0 0
vt2 0 0
vt2 0 0
vt2 0 0
vt2 0 0
vt2 0 0
vt2 0 0
vt2 0 0
vt2 0 0
vt2 0 0
vt2 0 0
vt2 0 0
vt2 0 0
vt2 0 0
vt2 0 0
vt2 0 0
vt2 0 0
vt2 0 0
vt2 0 0
vt2 0 0
vt2 0 0
vt2 0 0
vt2 0 0
vt2 0 0
vt2 0 0
vt2 0 0
vt2 0 0
vt2 0 0
vt2 0 0
vt2 0 0
vt2 0 0
vt2 0 0
vt2 0 0
vt2 0 0
vt2 0 0
vt2 0 0
vt2 0 0
vt2 0 0
vt2 0 0
vt2 0 0
vt2 0 0
vt2 0 0
vt2 0 0
vt2 0 0
vt2 0 0
vt2 0 0
vt2 0 0
vt2 0 0
vt2 0 0
vt2 0 0
vt2 0 0
vt2 0 0
vt2 0 0
vt2 0 0
vt2 0 0
vt2 0 0
vt2 0 0
vt2 0 0
vt2 0 0
vt2 0 0
vt2 0 0
vt2 0 0
vt2 0 0
vt2 0 0
vt2 0 0
vt2 0 0
vt2 0 0
vt2 0 0
vt2 0 0
vt2 0 0
vt2 0 0
vt2 0 0
vt2 0 0
vt2 0 0
vt2 0 0
vt2 0 0
vt2 0 0
vt2 0 0
vt2 0 0
vt2 0 0
vt2 0 0
vt2 0 0
vt2 0 0
vt2 0 0
vt2 0 0
vt2 0 0
vt2 0 0
vt2 0 0
vt2 0 0
vt2 0 0
vt2 0 0
vt2 0 0
vt2 0 0
vt2 0 0
vt2 0 0
vt2 0 0
vt2 0 0
vt2 0 0
vt2 0 0
vt2 0 0
vt2 0 0
vt2 0 0
vt2 0 0
vt2 0 0
vt2 0 0
vt2 0 0
vt2 0 0
vt2 0 0
vt2 0 0
vt2 0 0
vt2 0 0
vt2 0 0
vt2 0 0
vt2 0 0
vt2 0 0
vt2 0 0
vt2 0 0
vt2 0 0
vt2 0 0
vt2 0 0
vt2 0 0
vt2 0 0
vt2 0 0
vt2 0 0
vt2 0 0
vt2 0 0
vt2 0 0
vt2 0 0
vt2 0 0
vt2 0 0
vt2 0 0
vt2 0 0
vt2 0 0
vt2 0 0
vt2 0 0
vt2 0 0
vt2 0 0
vt2 0 0
vt2 0 0
vt2 0 0
vt2 0 0
vt2 0 0
vt2 0 0
vt2 0 0
vt2 0 0
vt2 0 0
vt2 0 0
vt2 0 0
vt2 0 0
vt2 0 0
vt2 0 0
vt2 0 0
vt2 0 0
vt2 0 0
vt2 0 0
vt2 0 0
vt2 0 0
vt2 0 0
vt2 0 0
vt2 0 0
vt2 0 0
vt2 0 0
vt2 0 0
vt2 0 0
vt2 0 0
vt2 0 0
vt2 0 0
vt2 0 0
vt2 0 0
vt2 0 0
vt2 0 0
vt2 0 0
vt2 0 0
vt2 0 0
vt2 0 0
vt2 0 0
vt2 0 0
vt2 0 0
vt2 0 0
vt2 0 0
vt2 0 0
vt2 0 0
vt2 0 0
vt2 0 0
vt2 0 0
vt2 0 0
vt2 0 0
vt2 0 0
vt2 0 0
vt2 0 0
vt2 0 0
vt2 0 0
vt2 0 0
vt2 0 0
vt2 0 0
vt2 0 0
vt2 0 0
vt2 0 0
vt2 0 0
vt2 0 0
vt2 0 0
vt2 0 0
vt2 0 0
vt2 0 0
vt2 0 0
vt2 0 0
vt2 0 0
vt2 0 0
vt2 0 0
vt2 0 0
vt2 0 0
vt2 0 0
vt2 0 0
vt2 0 0
vt2 0 0
vt2 0 0
vt2 0 0
vt2 0 0
vt2 0 0
vt2 0 0
vt2 0 0
vt2 0 0
vt2 0 0
vt2 0 0
vt2 0 0
vt2 0 0
vt2 0 0
vt2 0 0
vt2 0 0
vt2 0 0
vt2 0 0
vt2 0 0
vt2 0 0
vt2 0 0
vt2 0 0
vt2 0 0
vt2 0 0
vt2 0 0
vt2 0 0
vt2 0 0
vt2 0 0
vt2 0 0
vt2 0 0
vt2 0 0
vt2 0 0
vt2 0 0
vt2 0 0
vt2 0 0
vt2 0 0
vt2 0 0
vt2 0 0
vt2 0 0
vt2 0 0
vt2 0 0
vt2 0 0
vt2 0 0
vt2 0 0
vt2 0 0
vt2 0 0
vt2 0 0
vt2 0 0
vt2 0 0
vt2 0 0
vt2 0 0
vt2 0 0
vt2 0 0
vt2 0 0
vt2 0 0
vt2 0 0
vt2 0 0
vt2 0 0
vt2 0 0
vt2 0 0
vt2 0 0
vt2 0 0
vt2 0 0
vt2 0 0
vt2 0 0
vt2 0 0
vt2 0 0
vt2 0 0
vt2 0 0
vt2 0 0
vt2 0 0
vt2 0 0
vt2 0 0
vt2 0 0
vt2 0 0
vt2 0 0
vt2 0 0
vt2 0 0
vt2 0 0
vt2 0 0
vt2 0 0
vt2 0 0
vt2 0 0
vt2 0 0
vt2 0 0
vt2 0 0
vt2 0 0
vt2 0 0
vt2 0 0
vt2 0 0
vt2 0 0
vt2 0 0
vt2 0 0
vt2 0 0
vt2 0 0
vt2 0 0
vt2 0 0
vt2 0 0
vt2 0 0
vt2 0 0
vt2 0 0
vt2 0 0
vt2 0 0
vt2 0 0
vt2 0 0
vt2 0 0
vt2 0 0
vt2 0 0
vt2 0 0
vt2 0 0
vt2 0 0
vt2 0 0
vt2 0 0
vt2 0 0
vt2 0 0
vt2 0 0
vt2 0 0
vt2 0 0
vt2 0 0
vt2 0 0
vt2 0 0
vt2 0 0
vt2 0 0
vt2 0 0
vt2 0 0
vt2 0 0
vt2 0 0
vt2 0 0
vt2 0 0
vt2 0 0
vt2 0 0
vt2 0 0
vt2 0 0
vt2 0 0
vt2 0 0
vt2 0 0
vt2 0 0
vt2 0 0
vt2 0 0
vt2 0 0
vt2 0 0
vt2 0 0
vt2 0 0
vt2 0 0
vt2 0 0
vt2 0 0
vt2 0 0
vt2 0 0
vt2 0 0
vt2 0 0
vt2 0 0
vt2 0 0
vt2 0 0
vt2 0 0
vt2 0 0
vt2 0 0
vt2 0 0
vt2 0 0
vt2 0 0
vt2 0 0
vt2 0 0
vt2 0 0
vt2 0 0
vt2 0 0
vt2 0 0
vt2 0 0
vt2 0 0
vt2 0 0
vt2 0 0
vt2 0 0
vt2 0 0
vt2 0 0
vt2 0 0
vt2 0 0
vt2 0 0
vt2 0 0
vt2 0 0
vt2 0 0
vt2 0 0
vt2 0 0
vt2 0 0
vt2 0 0
vt2 0 0
vt2 0 0
vt2 0 0
vt2 0 0
vt2 0 0
vt2 0 0
vt2 0 0
vt2 0 0
vt2 0 0
vt2 0 0
vt2 0 0
vt2 0 0
vt2 0 0
vt2 0 0
vt2 0 0
vt2 0 0
vt2 0 0
vt2 0 0
vt2 0 0
vt2 0 0
vt2 0 0
vt2 0 0
vt2 0 0
vt2 0 0
vt2 0 0
vt2 0 0
vt2 0 0
vt2 0 0
vt2 0 0
vt2 0 0
vt2 0 0
vt2 0 0
vt2 0 0
vt2 0 0
vt2 0 0
vt2 0 0
vt2 0 0
vt2 0 0
vt2 0 0
vt2 0 0
vt2 0 0
vt2 0 0
vt2 0 0
vt2 0 0
vt2 0 0
vt2 0 0
vt2 0 0
vt2 0 0
vt2 0 0
vt2 0 0
vt2 0 0
vt2 0 0
vt2 0 0
vt2 0 0
vt2 0 0
vt2 0 0
vt2 0 0
vt2 0 0
vt2 0 0
vt2 0 0
vt2 0 0
vt2 0 0
vt2 0 0
vt2 0 0
vt2 0 0
vt2 0 0
vt2 0 0
vt2 0 0
vt2 0 0
vt2 0 0
vt2 0 0
vt2 0 0
vt2 0 0
vt2 0 0
vt2 0 0
vt2 0 0
vt2 0 0
vt2 0 0
vt2 0 0
vt2 0 0
vt2 0 0
vt2 0 0
vt2 0 0
vt2 0 0
vt2 0 0
vt2 0 0
vt2 0 0
vt2 0 0
vt2 0 0
vt2 0 0
vt2 0 0
vt2 0 0
vt2 0 0
vt2 0 0
vt2 0 0
vt2 0 0
vt2 0 0
vt2 0 0
vt2 0 0
vt2 0 0
vt2 0 0
vt2 0 0
vt2 0 0
vt2 0 0
vt2 0 0
vt2 0 0
vt2 0 0
vt2 0 0
vt2 0 0
vt2 0 0
vt2 0 0
vt2 0 0
vt2 0 0
vt2 0 0
vt2 0 0
vt2 0 0
vt2 0 0
vt2 0 0
vt2 0 0
vt2 0 0
vt2 0 0
vt2 0 0
vt2 0 0
vt2 0 0
vt2 0 0
vt2 0 0
vt2 0 0
vt2 0 0
vt2 0 0
vt2 0 0
vt2 0 0
vt2 0 0
vt2 0 0
vt2 0 0
vt2 0 0
vt2 0 0
vt2 0 0
vt2 0 0
vt2 0 0
vt2 0 0
vt2 0 0
vt2 0 0
vt2 0 0
vt2 0 0
vt2 0 0
vt2 0 0
vt2 0 0
vt2 0 0
vt2 0 0
vt2 0 0
vt2 0 0
vt2 0 0
vt2 0 0
vt2 0 0
vt2 0 0
vt2 0 0
vt2 0 0
vt2 0 0
vt2 0 0
vt2 0 0
vt2 0 0
vt2 0 0
vt2 0 0
vt2 0 0
vt2 0 0
vt2 0 0
vt2 0 0
vt2 0 0
vt2 0 0
vt2 0 0
vt2 0 0
vt2 0 0
vt2 0 0
vt2 0 0
vt2 0 0
vt2 0 0
vt2 0 0
vt2 0 0
vt2 0 0
vt2 0 0
vt2 0 0
vt2 0 0
vt2 0 0
vt2 0 0
vt2 0 0
vt2 0 0
vt2 0 0
vt2 0 0
vt2 0 0
vt2 0 0
vt2 0 0
vt2 0 0
vt2 0 0
vt2 0 0
vt2 0 0
vt2 0 0
vt2 0 0
vt2 0 0
vt2 0 0
vt2 0 0
vt2 0 0
vt2 0 0
vt2 0 0
vt2 0 0
vt2 0 0
vt2 0 0
vt2 0 0
vt2 0 0
vt2 0 0
vt2 0 0
vt2 0 0
vt2 0 0
vt2 0 0
vt2 0 0
vt2 0 0
vt2 0 0
vt2 0 0
vt2 0 0
vt2 0 0
vt2 0 0
vt2 0 0
vt2 0 0
vt2 0 0
vt2 0 0
vt2 0 0
vt2 0 0
vt2 0 0
vt2 0 0
vt2 0 0
vt2 0 0
vt2 0 0
vt2 0 0
vt2 0 0
vt2 0 0
vt2 0 0
vt2 0 0
vt2 0 0
vt2 0 0
vt2 0 0
vt2 0 0
vt2 0 0
vt2 0 0
vt2 0 0
vt2 0 0
vt2 0 0
vt2 0 0
vt2 0 0
vt2 0 0
vt2 0 0
vt2 0 0
vt2 0 0
vt2 0 0
vt2 0 0
vt2 0 0
vt2 0 0
vt2 0 0
vt2 0 0
vt2 0 0
vt2 0 0
vt2 0 0
vt2 0 0
vt2 0 0
vt2 0 0
vt2 0 0
vt2 0 0
vt2 0 0
vt2 0 0
vt2 0 0
vt2 0 0
vt2 0 0
vt2 0 0
vt2 0 0
vt2 0 0
vt2 0 0
vt2 0 0
vt2 0 0
vt2 0 0
vt2 0 0
vt2 0 0
vt2 0 0
vt2 0 0
vt2 0 0
vt2 0 0
vt2 0 0
vt2 0 0
vt2 0 0
vt2 0 0
vt2 0 0
vt2 0 0
vt2 0 0
vt2 0 0
vt2 0 0
vt2 0 0
vt2 0 0
vt2 0 0
vt2 0 0
vt2 0 0
vt2 0 0
vt2 0 0
vt2 0 0
vt2 0 0
vt2 0 0
vt2 0 0
vt2 0 0
vt2 0 0
vt2 0 0
vt2 0 0
vt2 0 0
vt2 0 0
vt2 0 0
vt2 0 0
vt2 0 0
vt2 0 0
vt2 0 0
vt2 0 0
vt2 0 0
vt2 0 0
vt2 0 0
vt2 0 0
vt2 0 0
vt2 0 0
vt2 0 0
vt2 0 0
vt2 0 0
vt2 0 0
vt2 0 0
vt2 0 0
vt2 0 0
vt2 0 0
vt2 0 0
vt2 0 0
vt2 0 0
vt2 0 0
vt2 0 0
vt2 0 0
vt2 0 0
vt2 0 0
vt2 0 0
vt2 0 0
vt2 0 0
vt2 0 0
vt2 0 0
vt2 0 0
vt2 0 0
vt2 0 0
vt2 0 0
vt2 0 0
vt2 0 0
vt2 0 0
vt2 0 0
vt2 0 0
vt2 0 0
vt2 0 0
vt2 0 0
vt2 0 0
vt2 0 0
vt2 0 0
vt2 0 0
vt2 0 0
vt2 0 0
vt2 0 0
vt2 0 0
vt2 0 0
vt2 0 0
vt2 0 0
vt2 0 0
vt2 0 0
vt2 0 0
vt2 0 0
vt2 0 0
vt2 0 0
vt2 0 0
vt2 0 0
vt2 0 0
vt2 0 0
vt2 0 0
vt2 0 0
vt2 0 0
vt2 0 0
vt2 0 0
vt2 0 0
vt2 0 0
vt2 0 0
vt2 0 0
vt2 0 0
vt2 0 0
vt2 0 0
vt2 0 0
vt2 0 0
vt2 0 0
vt2 0 0
vt2 0 0
vt2 0 0
vt2 0 0
vt2 0 0
vt2 0 0
vt2 0 0
vt2 0 0
vt2 0 0
vt2 0 0
vt2 0 0
vt2 0 0
vt2 0 0
vt2 0 0
vt2 0 0
vt2 0 0
vt2 0 0
vt2 0 0
vt2 0 0
vt2 0 0
vt2 0 0
vt2 0 0
vt2 0 0
vt2 0 0
vt2 0 0
vt2 0 0
vt2 0 0
vt2 0 0
vt2 0 0
vt2 0 0
vt2 0 0
vt2 0 0
vt2 0 0
vt2 0 0
vt2 0 0
vt2 0 0
vt2 0 0
vt2 0 0
vt2 0 0
vt2 0 0
vt2 0 0
vt2 0 0
vt2 0 0
vt2 0 0
vt2 0 0
vt2 0 0
vt2 0 0
vt2 0 0
vt2 0 0
vt2 0 0
vt2 0 0
vt2 0 0
vt2 0 0
vt2 0 0
vt2 0 0
vt2 0 0
vt2 0 0
vt2 0 0
vt2 0 0
vt2 0 0
vt2 0 0
vt2 0 0
vt2 0 0
vt2 0 0
vt2 0 0
vt2 0 0
vt2 0 0
vt2 0 0
vt2 0 0
vt2 0 0
vt2 0 0
vt2 0 0
vt2 0 0
vt2 0 0
vt2 0 0
vt2 0 0
vt2 0 0
vt2 0 0
vt2 0 0
vt2 0 0
vt2 0 0
vt2 0 0
vt2 0 0
vt2 0 0
vt2 0 0
vt2 0 0
vt2 0 0
vt2 0 0
vt2 0 0
vt2 0 0
vt2 0 0
vt2 0 0
vt2 0 0
vt2 0 0
vt2 0 0
vt2 0 0
vt2 0 0
vt2 0 0
vt2 0 0
vt2 0 0
vt2 0 0
vt2 0 0
vt2 0 0
vt2 0 0
vt2 0 0
vt2 0 0
vt2 0 0
vt2 0 0
vt2 0 0
vt2 0 0
vt2 0 0
vt2 0 0
vt2 0 0
vt2 0 0
vt2 0 0
vt2 0 0
vt2 0 0
vt2 0 0
vt2 0 0
vt2 0 0
vt2 0 0
vt2 0 0
vt2 0 0
vt2 0 0
vt2 0 0
vt2 0 0
vt2 0 0
vt2 0 0
vt2 0 0
vt2 0 0
vt2 0 0
vt2 0 0
vt2 0 0
vt2 0 0
vt2 0 0
vt2 0 0
vt2 0 0
vt2 0 0
vt2 0 0
vt2 0 0
vt2 0 0
vt2 0 0
vt2 0 0
vt2 0 0
vt2 0 0
vt2 0 0
vt2 0 0
vt2 0 0
vt2 0 0
vt2 0 0
vt2 0 0
vt2 0 0
vt2 0 0
vt2 0 0
vt2 0 0
vt2 0 0
vt2 0 0
vt2 0 0
vt2 0 0
vt2 0 0
vt2 0 0
vt2 0 0
vt2 0 0
vt2 0 0
vt2 0 0
vt2 0 0
vt2 0 0
vt2 0 0
vt2 0 0
vt2 0 0
vt2 0 0
vt2 0 0
vt2 0 0
vt2 0 0
vt2 0 0
vt2 0 0
vt2 0 0
vt2 0 0
vt2 0 0
vt2 0 0
vt2 0 0
vt2 0 0
vt2 0 0
vt2 0 0
vt2 0 0
vt2 0 0
vt2 0 0
vt2 0 0
vt2 0 0
vt2 0 0
vt2 0 0
vt2 0 0
vt2 0 0
vt2 0 0
vt2 0 0
vt2 0 0
vt2 0 0
vt2 0 0
vt2 0 0
vt2 0 0
vt2 0 0
vt2 0 0
vt2 0 0
vt2 0 0
vt2 0 0
vt2 0 0
vt2 0 0
vt2 0 0
vt2 0 0
vt2 0 0
vt2 0 0
vt2 0 0
vt2 0 0
vt2 0 0
vt2 0 0
vt2 0 0
vt2 0 0
vt2 0 0
vt2 0 0
vt2 0 0
vt2 0 0
vt2 0 0
vt2 0 0
vt2 0 0
vt2 0 0
vt2 0 0
vt2 0 0
vt2 0 0
vt2 0 0
vt2 0 0
vt2 0 0
vt2 0 0
vt2 0 0
vt2 0 0
vt2 0 0
vt2 0 0
vt2 0 0
vt2 0 0
vt2 0 0
vt2 0 0
vt2 0 0
vt2 0 0
vt2 0 0
vt2 0 0
vt2 0 0
vt2 0 0
vt2 0 0
vt2 0 0
vt2 0 0
vt2 0 0
vt2 0 0
vt2 0 0
vt2 0 0
vt2 0 0
vt2 0 0
vt2 0 0
vt2 0 0
vt2 0 0
vt2 0 0
vt2 0 0
vt2 0 0
vt2 0 0
vt2 0 0
vt2 0 0
vt2 0 0
vt2 0 0
vt2 0 0
vt2 0 0
vt2 0 0
vt2 0 0
vt2 0 0
vt2 0 0
vt2 0 0
vt2 0 0
vt2 0 0
vt2 0 0
vt2 0 0
vt2 0 0
vt2 0 0
vt2 0 0
vt2 0 0
vt2 0 0
vt2 0 0
vt2 0 0
vt2 0 0
vt2 0 0
vt2 0 0
vt2 0 0
vt2 0 0
vt2 0 0
vt2 0 0
vt2 0 0
vt2 0 0
vt2 0 0
vt2 0 0
vt2 0 0
vt2 0 0
vt2 0 0
vt2 0 0
vt2 0 0
vt2 0 0
vt2 0 0
vt2 0 0
vt2 0 0
vt2 0 0
vt2 0 0
vt2 0 0
vt2 0 0
vt2 0 0
vt2 0 0
vt2 0 0
vt2 0 0
vt2 0 0
vt2 0 0
vt2 0 0
vt2 0 0
vt2 0 0
vt2 0 0
vt2 0 0
vt2 0 0
vt2 0 0
vt2 0 0
vt2 0 0
vt2 0 0
vt2 0 0
vt2 0 0
vt2 0 0
vt2 0 0
vt2 0 0
vt2 0 0
vt2 0 0
vt2 0 0
vt2 0 0
vt2 0 0
vt2 0 0
vt2 0 0
vt2 0 0
vt2 0 0
vt2 0 0
vt2 0 0
vt2 0 0
vt2 0 0
vt2 0 0
vt2 0 0
vt2 0 0
vt2 0 0
vt2 0 0
vt2 0 0
vt2 0 0
vt2 0 0
vt2 0 0
vt2 0 0
vt2 0 0
vt2 0 0
vt2 0 0
vt2 0 0
vt2 0 0
vt2 0 0
vt2 0 0
vt2 0 0
vt2 0 0
vt2 0 0
vt2 0 0
vt2 0 0
vt2 0 0
vt2 0 0
vt2 0 0
vt2 0 0
vt2 0 0
vt2 0 0
vt2 0 0
vt2 0 0
vt2 0 0
vt2 0 0
vt2 0 0
vt2 0 0
vt2 0 0
vt2 0 0
vt2 0 0
vt2 0 0
vt2 0 0
vt2 0 0
vt2 0 0
vt2 0 0
vt2 0 0
vt2 0 0
vt2 0 0
vt2 0 0
vt2 0 0
vt2 0 0
vt2 0 0
vt2 0 0
vt2 0 0
vt2 0 0
vt2 0 0
vt2 0 0
vt2 0 0
vt2 0 0
vt2 0 0
vt2 0 0
vt2 0 0
vt2 0 0
vt2 0 0
vt2 0 0
vt2 0 0
vt2 0 0
vt2 0 0
vt2 0 0
vt2 0 0
vt2 0 0
vt2 0 0
vt2 0 0
vt2 0 0
vt2 0 0
vt2 0 0
vt2 0 0
vt2 0 0
vt2 0 0
vt2 0 0
vt2 0 0
vt2 0 0
vt2 0 0
vt2 0 0
vt2 0 0
vt2 0 0
vt2 0 0
vt2 0 0
vt2 0 0
vt2 0 0
vt2 0 0
vt2 0 0
vt2 0 0
vt2 0 0
vt2 0 0
vt2 0 0
vt2 0 0
vt2 0 0
vt2 0 0
vt2 0 0
vt2 0 0
vt2 0 0
vt2 0 0
vt2 0 0
vt2 0 0
vt2 0 0
vt2 0 0
vt2 0 0
vt2 0 0
vt2 0 0
vt2 0 0
vt2 0 0
vt2 0 0
vt2 0 0
vt2 0 0
vt2 0 0
vt2 0 0
vt2 0 0
vt2 0 0
vt2 0 0
vt2 0 0
vt2 0 0
vt2 0 0
vt2 0 0
vt2 0 0
vt2 0 0
vt2 0 0
vt2 0 0
vt2 0 0
vt2 0 0
vt2 0 0
vt2 0 0
vt2 0 0
vt2 0 0
vt2 0 0
vt2 0 0
vt2 0 0
vt2 0 0
vt2 0 0
vt2 0 0
vt2 0 0
vt2 0 0
vt2 0 0
vt2 0 0
vt2 0 0
vt2 0 0
vt2 0 0
vt2 0 0
vt2 0 0
vt2 0 0
vt2 0 0
vt2 0 0
vt2 0 0
vt2 0 0
vt2 0 0
vt2 0 0
vt2 0 0
vt2 0 0
vt2 0 0
vt2 0 0
vt2 0 0
vt2 0 0
vt2 0 0
vt2 0 0
vt2 0 0
vt2 0 0
vt2 0 0
vt2 0 0
vt2 0 0
vt2 0 0
vt2 0 0
vt2 0 0
vt2 0 0
vt2 0 0
vt2 0 0
vt2 0 0
vt2 0 0
vt2 0 0
vt2 0 0
vt2 0 0
vt2 0 0
vt2 0 0
vt2 0 0
vt2 0 0
vt2 0 0
vt2 0 0
vt2 0 0
vt2 0 0
vt2 0 0
vt2 0 0
vt2 0 0
vt2 0 0
vt2 0 0
vt2 0 0
vt2 0 0
vt2 0 0
vt2 0 0
vt2 0 0
vt2 0 0
vt2 0 0
vt2 0 0
vt2 0 0
vt2 0 0
vt2 0 0
vt2 0 0
vt2 0 0
vt2 0 0
vt2 0 0
vt2 0 0
vt2 0 0
vt2 0 0
vt2 0 0
vt2 0 0
vt2 0 0
vt2 0 0
vt2 0 0
vt2 0 0
vt2 0 0
vt2 0 0
vt2 0 0
vt2 0 0
vt2 0 0
vt2 0 0
vt2 0 0
vt2 0 0
vt2 0 0
vt2 0 0
vt2 0 0
vt2 0 0
vt2 0 0
vt2 0 0
vt2 0 0
vt2 0 0
vt2 0 0
vt2 0 0
vt2 0 0
vt2 0 0
vt2 0 0
vt2 0 0
vt2 0 0
vt2 0 0
vt2 0 0
vt2 0 0
vt2 0 0
vt2 0 0
vt2 0 0
vt2 0 0
vt2 0 0
vt2 0 0
vt2 0 0
vt2 0 0
vt2 0 0
vt2 0 0
vt2 0 0
vt2 0 0
vt2 0 0
vt2 0 0
vt2 0 0
vt2 0 0
vt2 0 0
vt2 0 0
vt2 0 0
vt2 0 0
vt2 0 0
vt2 0 0
vt2 0 0
vt2 0 0
vt2 0 0
vt2 0 0
vt2 0 0
vt2 0 0
vt2 0 0
vt2 0 0
vt2 0 0
vt2 0 0
vt2 0 0
vt2 0 0
vt2 0 0
vt2 0 0
vt2 0 0
vt2 0 0
vt2 0 0
vt2 0 0
vt2 0 0
vt2 0 0
vt2 0 0
vt2 0 0
vt2 0 0
vt2 0 0
vt2 0 0
vt2 0 0
vt2 0 0
vt2 0 0
vt2 0 0
vt2 0 0
vt2 0 0
vt2 0 0
vt2 0 0
vt2 0 0
vt2 0 0
vt2 0 0
vt2 0 0
vt2 0 0
vt2 0 0
vt2 0 0
vt2 0 0
vt2 0 0
vt2 0 0
vt2 0 0
vt2 0 0
vt2 0 0
vt2 0 0
vt2 0 0
vt2 0 0
vt2 0 0
vt2 0 0
vt2 0 0
vt2 0 0
vt2 0 0
vt2 0 0
vt2 0 0
vt2 0 0
vt2 0 0
vt2 0 0
vt2 0 0
vt2 0 0
vt2 0 0
vt2 0 0
vt2 0 0
vt2 0 0
vt2 0 0
vt2 0 0
vt2 0 0
vt2 0 0
vt2 0 0
vt2 0 0
vt2 0 0
vt2 0 0
vt2 0 0
vt2 0 0
vt2 0 0
vt2 0 0
vt2 0 0
vt2 0 0
vt2 0 0
vt2 0 0
vt2 0 0
vt2 0 0
vt2 0 0
vt2 0 0
vt2 0 0
vt2 0 0
vt2 0 0
vt2 0 0
vt2 0 0
vt2 0 0
vt2 0 0
vt2 0 0
vt2 0 0
vt2 0 0
vt2 0 0
vt2 0 0
vt2 0 0
vt2 0 0
vt2 0 0
vt2 0 0
vt2 0 0
vt2 0 0
vt2 0 0
vt2 0 0
vt2 0 0
vt2 0 0
vt2 0 0
vt2 0 0
vt2 0 0
vt2 0 0
vt2 0 0
vt2 0 0
vt2 0 0
vt2 0 0
vt2 0 0
vt2 0 0
vt2 0 0
vt2 0 0
vt2 0 0
vt2 0 0
vt2 0 0
vt2 0 0
vt2 0 0
vt2 0 0
vt2 0 0
vt2 0 0
vt2 0 0
vt2 0 0
vt2 0 0
vt2 0 0
vt2 0 0
vt2 0 0
vt2 0 0
vt2 0 0
vt2 0 0
vt2 0 0
vt2 0 0
vt2 0 0
vt2 0 0
vt2 0 0
vt2 0 0
vt2 0 0
vt2 0 0
vt2 0 0
vt2 0 0
vt2 0 0
vt2 0 0
vt2 0 0
vt2 0 0
vt2 0 0
vt2 0 0
vt2 0 0
vt2 0 0
vt2 0 0
vt2 0 0
vt2 0 0
vt2 0 0
vt2 0 0
vt2 0 0
vt2 0 0
vt2 0 0
vt2 0 0
vt2 0 0
vt2 0 0
vt2 0 0
vt2 0 0
vt2 0 0
vt2 0 0
vt2 0 0
vt2 0 0
vt2 0 0
vt2 0 0
vt2 0 0
vt2 0 0
vt2 0 0
vt2 0 0
vt2 0 0
vt2 0 0
vt2 0 0
vt2 0 0
vt2 0 0
vt2 0 0
vt2 0 0
vt2 0 0
vt2 0 0
vt2 0 0
vt2 0 0
vt2 0 0
vt2 0 0
vt2 0 0
vt2 0 0
vt2 0 0
vt2 0 0
vt2 0 0
vt2 0 0
vt2 0 0
vt2 0 0
vt2 0 0
vt2 0 0
vt2 0 0
vt2 0 0
vt2 0 0
vt2 0 0
vt2 0 0
vt2 0 0
vt2 0 0
vt2 0 0
vt2 0 0
vt2 0 0
vt2 0 0
vt2 0 0
vt2 0 0
vt2 0 0
vt2 0 0
vt2 0 0
vt2 0 0
vt2 0 0
vt2 0 0
vt2 0 0
vt2 0 0
vt2 0 0
vt2 0 0
vt2 0 0
vt2 0 0
vt2 0 0
vt2 0 0
vt2 0 0
vt2 0 0
vt2 0 0
vt2 0 0
vt2 0 0
vt2 0 0
vt2 0 0
vt2 0 0
vt2 0 0
vt2 0 0
vt2 0 0
vt2 0 0
vt2 0 0
vt2 0 0
vt2 0 0
vt2 0 0
vt2 0 0
vt2 0 0
vt2 0 0
vt2 0 0
vt2 0 0
vt2 0 0
vt2 0 0
vt2 0 0
vt2 0 0
vt2 0 0
vt2 0 0
vt2 0 0
vt2 0 0
vt2 0 0
vt2 0 0
vt2 0 0
vt2 0 0
vt2 0 0
vt2 0 0
vt2 0 0
vt2 0 0
vt2 0 0
vt2 0 0
vt2 0 0
vt2 0 0
vt2 0 0
vt2 0 0
vt2 0 0
vt2 0 0
vt2 0 0
vt2 0 0
vt2 0 0
vt2 0 0
vt2 0 0
vt2 0 0
vt2 0 0
vt2 0 0
vt2 0 0
vt2 0 0
vt2 0 0
vt2 0 0
vt2 0 0
vt2 0 0
vt2 0 0
vt2 0 0
vt2 0 0
vt2 0 0
vt2 0 0
vt2 0 0
vt2 0 0
vt2 0 0
vt2 0 0
vt2 0 0
vt2 0 0
vt2 0 0
vt2 0 0
vt2 0 0
vt2 0 0
vt2 0 0
vt2 0 0
vt2 0 0
vt2 0 0
vt2 0 0
vt2 0 0
vt2 0 0
vt2 0 0
vt2 0 0
vt2 0 0
vt2 0 0
vt2 0 0
vt2 0 0
vt2 0 0
vt2 0 0
vt2 0 0
vt2 0 0
vt2 0 0
vt2 0 0
vt2 0 0
vt2 0 0
vt2 0 0
vt2 0 0
vt2 0 0
vt2 0 0
vt2 0 0
vt2 0 0
vt2 0 0
vt2 0 0
vt2 0 0
vt2 0 0
vt2 0 0
vt2 0 0
vt2 0 0
vt2 0 0
vt2 0 0
vt2 0 0
vt2 0 0
vt2 0 0
vt2 0 0
vt2 0 0
vt2 0 0
vt2 0 0
vt2 0 0
vt2 0 0
vt2 0 0
vt2 0 0
vt2 0 0
vt2 0 0
vt2 0 0
vt2 0 0
vt2 0 0
vt2 0 0
vt2 0 0
vt2 0 0
vt2 0 0
vt2 0 0
vt2 0 0
vt2 0 0
vt2 0 0
vt2 0 0
vt2 0 0
vt2 0 0
vt2 0 0
vt2 0 0
vt2 0 0
vt2 0 0
vt2 0 0
vt2 0 0
vt2 0 0
vt2 0 0
vt2 0 0
vt2 0 0
vt2 0 0
vt2 0 0
vt2 0 0
vt2 0 0
vt2 0 0
vt2 0 0
vt2 0 0
vt2 0 0
vt2 0 0
vt2 0 0
vt2 0 0
vt2 0 0
vt2 0 0
vt2 0 0
vt2 0 0
vt2 0 0
vt2 0 0
vt2 0 0
vt2 0 0
vt2 0 0
vt2 0 0
vt2 0 0
vt2 0 0
vt2 0 0
vt2 0 0
vt2 0 0
vt2 0 0
vt2 0 0
vt2 0 0
vt2 0 0
vt2 0 0
vt2 0 0
vt2 0 0
vt2 0 0
vt2 0 0
vt2 0 0
vt2 0 0
vt2 0 0
vt2 0 0
vt2 0 0
vt2 0 0
vt2 0 0
vt2 0 0
vt2 0 0
vt2 0 0
vt2 0 0
vt2 0 0
vt2 0 0
vt2 0 0
vt2 0 0
vt2 0 0
vt2 0 0
vt2 0 0
vt2 0 0
vt2 0 0
vt2 0 0
vt2 0 0
vt2 0 0
vt2 0 0
vt2 0 0
vt2 0 0
vt2 0 0
vt2 0 0
vt2 0 0
vt2 0 0
vt2 0 0
vt2 0 0
vt2 0 0
vt2 0 0
vt2 0 0
vt2 0 0
vt2 0 0
vt2 0 0
vt2 0 0
vt2 0 0
vt2 0 0
vt2 0 0
vt2 0 0
vt2 0 0
vt2 0 0
vt2 0 0
vt2 0 0
vt2 0 0
vt2 0 0
vt2 0 0
vt2 0 0
vt2 0 0
vt2 0 0
vt2 0 0
vt2 0 0
vt2 0 0
vt2 0 0
vt2 0 0
vt2 0 0
vt2 0 0
vt2 0 0
vt2 0 0
vt2 0 0
vt2 0 0
vt2 0 0
vt2 0 0
vt2 0 0
vt2 0 0
vt2 0 0
vt2 0 0
vt2 0 0
vt2 0 0
vt2 0 0
vt2 0 0
vt2 0 0
vt2 0 0
vt2 0 0
vt2 0 0
vt2 0 0
vt2 0 0
vt2 0 0
vt2 0 0
vt2 0 0
vt2 0 0
vt2 0 0
vt2 0 0
vt2 0 0
vt2 0 0
vt2 0 0
vt2 0 0
vt2 0 0
vt2 0 0
vt2 0 0
vt2 0 0
vt2 0 0
vt2 0 0
vt2 0 0
vt2 0 0
vt2 0 0
vt2 0 0
vt2 0 0
vt2 0 0
vt2 0 0
vt2 0 0
vt2 0 0
vt2 0 0
vt2 0 0
vt2 0 0
vt2 0 0
vt2 0 0
vt2 0 0
vt2 0 0
vt2 0 0
vt2 0 0
vt2 0 0
vt2 0 0
vt2 0 0
vt2 0 0
vt2 0 0
vt2 0 0
vt2 0 0
vt2 0 0
vt2 0 0
vt2 0 0
vt2 0 0
vt2 0 0
vt2 0 0
vt2 0 0
vt2 0 0
vt2 0 0
vt2 0 0
vt2 0 0
vt2 0 0
vt2 0 0
vt2 0 0
vt2 0 0
vt2 0 0
vt2 0 0
vt2 0 0
vt2 0 0
vt2 0 0
vt2 0 0
vt2 0 0
vt2 0 0
vt2 0 0
vt2 0 0
vt2 0 0
vt2 0 0
vt2 0 0
vt2 0 0
vt2 0 0
vt2 0 0
vt2 0 0
vt2 0 0
vt2 0 0
vt2 0 0
vt2 0 0
vt2 0 0
vt2 0 0
vt2 0 0
vt2 0 0
vt2 0 0
vt2 0 0
vt2 0 0
vt2 0 0
vt2 0 0
vt2 0 0
vt2 0 0
vt2 0 0
vt2 0 0
vt2 0 0
vt2 0 0
vt2 0 0
vt2 0 0
vt2 0 0
vt2 0 0
vt2 0 0
vt2 0 0
vt2 0 0
vt2 0 0
vt2 0 0
vt2 0 0
vt2 0 0
vt2 0 0
vt2 0 0
vt2 0 0
vt2 0 0
vt2 0 0
vt2 0 0
vt2 0 0
vt2 0 0
vt2 0 0
vt2 0 0
vt2 0 0
vt2 0 0
vt2 0 0
vt2 0 0
vt2 0 0
vt2 0 0
vt2 0 0
vt2 0 0
vt2 0 0
vt2 0 0
vt2 0 0
vt2 0 0
vt2 0 0
vt2 0 0
vt2 0 0
vt2 0 0
vt2 0 0
vt2 0 0
vt2 0 0
vt2 0 0
vt2 0 0
vt2 0 0
vt2 0 0
vt2 0 0
vt2 0 0
vt2 0 0
vt2 0 0
vt2 0 0
vt2 0 0
vt2 0 0
vt2 0 0
vt2 0 0
vt2 0 0
vt2 0 0
vt2 0 0
vt2 0 0
vt2 0 0
vt2 0 0
vt2 0 0
vt2 0 0
vt2 0 0
vt2 0 0
vt2 0 0
vt2 0 0
vt2 0 0
vt2 0 0
vt2 0 0
vt2 0 0
vt2 0 0
vt2 0 0
vt2 0 0
vt2 0 0
vt2 0 0
vt2 0 0
vt2 0 0
vt2 0 0
vt2 0 0
vt2 0 0
vt2 0 0
vt2 0 0
vt2 0 0
vt2 0 0
vt2 0 0
vt2 0 0
vt2 0 0
vt2 0 0
vt2 0 0
vt2 0 0
vt2 0 0
vt2 0 0
vt2 0 0
vt2 0 0
vt2 0 0
vt2 0 0
vt2 0 0
vt2 0 0
vt2 0 0
vt2 0 0
vt2 0 0
vt2 0 0
vt2 0 0
vt2 0 0
vt2 0 0
vt2 0 0
vt2 0 0
vt2 0 0
vt2 0 0
vt2 0 0
vt2 0 0
vt2 0 0
vt2 0 0
vt2 0 0
vt2 0 0
vt2 0 0
vt2 0 0
vt2 0 0
vt2 0 0
vt2 0 0
vt2 0 0
vt2 0 0
vt2 0 0
vt2 0 0
vt2 0 0
vt2 0 0
vt2 0 0
vt2 0 0
vt2 0 0
vt2 0 0
vt2 0 0
vt2 0 0
vt2 0 0
vt2 0 0
vt2 0 0
vt2 0 0
vt2 0 0
vt2 0 0
vt2 0 0
vt2 0 0
vt2 0 0
vt2 0 0
vt2 0 0
vt2 0 0
vt2 0 0
vt2 0 0
vt2 0 0
vt2 0 0
vt2 0 0
vt2 0 0
vt2 0 0
vt2 0 0
vt2 0 0
vt2 0 0
vt2 0 0
vt2 0 0
vt2 0 0
vt2 0 0
vt2 0 0
vt2 0 0
vt2 0 0
vt2 0 0
vt2 0 0
vt2 0 0
vt2 0 0
vt2 0 0
vt2 0 0
vt2 0 0
vt2 0 0
vt2 0 0
vt2 0 0
vt2 0 0
vt2 0 0
vt2 0 0
vt2 0 0
vt2 0 0
vt2 0 0
vt2 0 0
vt2 0 0
vt2 0 0
vt2 0 0
vt2 0 0
vt2 0 0
vt2 0 0
vt2 0 0
vt2 0 0
vt2 0 0
vt2 0 0
vt2 0 0
vt2 0 0
vt2 0 0
vt2 0 0
vt2 0 0
vt2 0 0
vt2 0 0
vt2 0 0
vt2 0 0
vt2 0 0
vt2 0 0
vt2 0 0
vt2 0 0
vt2 0 0
vt2 0 0
vt2 0 0
vt2 0 0
vt2 0 0
vt2 0 0
vt2 0 0
vt2 0 0
vt2 0 0
vt2 0 0
vt2 0 0
vt2 0 0
vt2 0 0
vt2 0 0
vt2 0 0
vt2 0 0
vt2 0 0
vt2 0 0
vt2 0 0
vt2 0 0
vt2 0 0
vt2 0 0
vt2 0 0
vt2 0 0
vt2 0 0
vt2 0 0
vt2 0 0
vt2 0 0
vt2 0 0
vt2 0 0
vt2 0 0
vt2 0 0
vt2 0 0
vt2 0 0
vt2 0 0
vt2 0 0
vt2 0 0
vt2 0 0
vt2 0 0
vt2 0 0
vt2 0 0
vt2 0 0
vt2 0 0
vt2 0 0
vt2 0 0
vt2 0 0
vt2 0 0
vt2 0 0
vt2 0 0
vt2 0 0
vt2 0 0
vt2 0 0
vt2 0 0
vt2 0 0
vt2 0 0
vt2 0 0
vt2 0 0
vt2 0 0
vt2 0 0
vt2 0 0
vt2 0 0
vt2 0 0
vt2 0 0
vt2 0 0
vt2 0 0
vt2 0 0
vt2 0 0
vt2 0 0
vt2 0 0
vt2 0 0
vt2 0 0
vt2 0 0
vt2 0 0
vt2 0 0
vt2 0 0
vt2 0 0
vt2 0 0
vt2 0 0
vt2 0 0
vt2 0 0
vt2 0 0
vt2 0 0
vt2 0 0
vt2 0 0
vt2 0 0
vt2 0 0
vt2 0 0
vt2 0 0
vt2 0 0
vt2 0 0
vt2 0 0
vt2 0 0
vt2 0 0
vt2 0 0
vt2 0 0
vt2 0 0
vt2 0 0
vt2 0 0
vt2 0 0
vt2 0 0
vt2 0 0
vt2 0 0
vt2 0 0
vt2 0 0
vt2 0 0
vt2 0 0
vt2 0 0
vt2 0 0
vt2 0 0
vt2 0 0
vt2 0 0
vt2 0 0
vt2 0 0
vt2 0 0
vt2 0 0
vt2 0 0
vt2 0 0
vt2 0 0
vt2 0 0
vt2 0 0
vt2 0 0
vt2 0 0
vt2 0 0
vt2 0 0
vt2 0 0
vt2 0 0
vt2 0 0
vt2 0 0
vt2 0 0
vt2 0 0
vt2 0 0
vt2 0 0
vt2 0 0
vt2 0 0
vt2 0 0
vt2 0 0
vt2 0 0
vt2 0 0
vt2 0 0
vt2 0 0
vt2 0 0
vt2 0 0
vt2 0 0
vt2 0 0
vt2 0 0
vt2 0 0
vt2 0 0
vt2 0 0
vt2 0 0
vt2 0 0
vt2 0 0
vt2 0 0
vt2 0 0
vt2 0 0
vt2 0 0
vt2 0 0
vt2 0 0
vt2 0 0
vt2 0 0
vt2 0 0
vt2 0 0
vt2 0 0
vt2 0 0
vt2 0 0
vt2 0 0
vt2 0 0
vt2 0 0
vt2 0 0
vt2 0 0
vt2 0 0
vt2 0 0
vt2 0 0
vt2 0 0
vt2 0 0
vt2 0 0
vt2 0 0
vt2 0 0
vt2 0 0
vt2 0 0
vt2 0 0
vt2 0 0
vt2 0 0
vt2 0 0
vt2 0 0
vt2 0 0
vt2 0 0
vt2 0 0
vt2 0 0
vt2 0 0
vt2 0 0
vt2 0 0
vt2 0 0
vt2 0 0
vt2 0 0
vt2 0 0
vt2 0 0
vt2 0 0
vt2 0 0
vt2 0 0
vt2 0 0
vt2 0 0
vt2 0 0
vt2 0 0
vt2 0 0
vt2 0 0
vt2 0 0
vt2 0 0
vt2 0 0
vt2 0 0
vt2 0 0
vt2 0 0
vt2 0 0
vt2 0 0
vt2 0 0
vt2 0 0
vt2 0 0
vt2 0 0
vt2 0 0
vt2 0 0
vt2 0 0
vt2 0 0
vt2 0 0
vt2 0 0
vt2 0 0
vt2 0 0
vt2 0 0
vt2 0 0
vt2 0 0
vt2 0 0
vt2 0 0
vt2 0 0
vt2 0 0
vt2 0 0
vt2 0 0
vt2 0 0
vt2 0 0
vt2 0 0
vt2 0 0
vt2 0 0
vt2 0 0
vt2 0 0
vt2 0 0
vt2 0 0
vt2 0 0
vt2 0 0
vt2 0 0
vt2 0 0
vt2 0 0
vt2 0 0
vt2 0 0
vt2 0 0
vt2 0 0
vt2 0 0
vt2 0 0
vt2 0 0
vt2 0 0
vt2 0 0
vt2 0 0
vt2 0 0
vt2 0 0
vt2 0 0
vt2 0 0
vt2 0 0
vt2 0 0
vt2 0 0
vt2 0 0
vt2 0 0
vt2 0 0
vt2 0 0
vt2 0 0
vt2 0 0
vt2 0 0
vt2 0 0
vt2 0 0
vt2 0 0
vt2 0 0
vt2 0 0
vt2 0 0
vt2 0 0
vt2 0 0
vt2 0 0
vt2 0 0
vt2 0 0
vt2 0 0
vt2 0 0
vt2 0 0
vt2 0 0
vt2 0 0
vt2 0 0
vt2 0 0
vt2 0 0
vt2 0 0
vt2 0 0
vt2 0 0
vt2 0 0
vt2 0 0
vt2 0 0
vt2 0 0
vt2 0 0
vt2 0 0
vt2 0 0
vt2 0 0
vt2 0 0
vt2 0 0
vt2 0 0
vt2 0 0
vt2 0 0
vt2 0 0
vt2 0 0
vt2 0 0
vt2 0 0
vt2 0 0
vt2 0 0
vt2 0 0
vt2 0 0
vt2 0 0
vt2 0 0
vt2 0 0
vt2 0 0
vt2 0 0
vt2 0 0
vt2 0 0
vt2 0 0
vt2 0 0
vt2 0 0
vt2 0 0
vt2 0 0
vt2 0 0
vt2 0 0
vt2 0 0
vt2 0 0
vt2 0 0
vt2 0 0
vt2 0 0
vt2 0 0
vt2 0 0
vt2 0 0
vt2 0 0
vt2 0 0
vt2 0 0
vt2 0 0
vt2 0 0
vt2 0 0
vt2 0 0
vt2 0 0
vt2 0 0
vt2 0 0
vt2 0 0
vt2 0 0
vt2 0 0
vt2 0 0
vt2 0 0
vt2 0 0
vt2 0 0
vt2 0 0
vt2 0 0
vt2 0 0
vt2 0 0
vt2 0 0
vt2 0 0
vt2 0 0
vt2 0 0
vt2 0 0
vt2 0 0
vt2 0 0
vt2 0 0
vt2 0 0
vt2 0 0
vt2 0 0
vt2 0 0
vt2 0 0
vt2 0 0
vt2 0 0
vt2 0 0
vt2 0 0
vt2 0 0
vt2 0 0
vt2 0 0
vt2 0 0
vt2 0 0
vt2 0 0
vt2 0 0
vt2 0 0
vt2 0 0
vt2 0 0
vt2 0 0
vt2 0 0
vt2 0 0
vt2 0 0
vt2 0 0
vt2 0 0
vt2 0 0
vt2 0 0
vt2 0 0
vt2 0 0
vt2 0 0
vt2 0 0
vt2 0 0
vt2 0 0
vt2 0 0
vt2 0 0
vt2 0 0
vt2 0 0
vt2 0 0
vt2 0 0
vt2 0 0
vt2 0 0
vt2 0 0
vt2 0 0
vt2 0 0
vt2 0 0
vt2 0 0
vt2 0 0
vt2 0 0
vt2 0 0
vt2 0 0
vt2 0 0
vt2 0 0
vt2 0 0
vt2 0 0
vt2 0 0
vt2 0 0
vt2 0 0
vt2 0 0
vt2 0 0
vt2 0 0
vt2 0 0
vt2 0 0
vt2 0 0
vt2 0 0
vt2 0 0
vt2 0 0
vt2 0 0
vt2 0 0
vt2 0 0
vt2 0 0
vt2 0 0
vt2 0 0
vt2 0 0
vt2 0 0
vt2 0 0
vt2 0 0
vt2 0 0
vt2 0 0
vt2 0 0
vt2 0 0
vt2 0 0
vt2 0 0
vt2 0 0
vt2 0 0
vt2 0 0
vt2 0 0
vt2 0 0
vt2 0 0
vt2 0 0
vt2 0 0
vt2 0 0
vt2 0 0
vt2 0 0
vt2 0 0
vt2 0 0
vt2 0 0
vt2 0 0
vt2 0 0
vt2 0 0
vt2 0 0
vt2 0 0
vt2 0 0
vt2 0 0
vt2 0 0
vt2 0 0
vt2 0 0
vt2 0 0
vt2 0 0
vt2 0 0
vt2 0 0
vt2 0 0
vt2 0 0
vt2 0 0
vt2 0 0
vt2 0 0
vt2 0 0
vt2 0 0
vt2 0 0
vt2 0 0
vt2 0 0
vt2 0 0
vt2 0 0
vt2 0 0
vt2 0 0
vt2 0 0
vt2 0 0
vt2 0 0
vt2 0 0
vt2 0 0
vt2 0 0
vt2 0 0
vt2 0 0
vt2 0 0
vt2 0 0
vt2 0 0
vt2 0 0
vt2 0 0
vt2 0 0
vt2 0 0
vt2 0 0
vt2 0 0
vt2 0 0
vt2 0 0
vt2 0 0
vt2 0 0
vt2 0 0
vt2 0 0
vt2 0 0
vt2 0 0
vt2 0 0
vt2 0 0
vt2 0 0
vt2 0 0
vt2 0 0
vt2 0 0
vt2 0 0
vt2 0 0
vt2 0 0
vt2 0 0
vt2 0 0
vt2 0 0
vt2 0 0
vt2 0 0
vt2 0 0
vt2 0 0
vt2 0 0
vt2 0 0
vt2 0 0
vt2 0 0
vt2 0 0
vt2 0 0
vt2 0 0
vt2 0 0
vt2 0 0
vt2 0 0
vt2 0 0
vt2 0 0
vt2 0 0
vt2 0 0
vt2 0 0
vt2 0 0
vt2 0 0
vt2 0 0
vt2 0 0
vt2 0 0
vt2 0 0
vt2 0 0
vt2 0 0
vt2 0 0
vt2 0 0
vt2 0 0
vt2 0 0
vt2 0 0
vt2 0 0
vt2 0 0
vt2 0 0
vt2 0 0
vt2 0 0
vt2 0 0
vt2 0 0
vt2 0 0
vt2 0 0
vt2 0 0
vt2 0 0
vt2 0 0
vt2 0 0
vt2 0 0
vt2 0 0
vt2 0 0
vt2 0 0
vt2 0 0
vt2 0 0
vt2 0 0
vt2 0 0
vt2 0 0
vt2 0 0
vt2 0 0
vt2 0 0
vt2 0 0
vt2 0 0
vt2 0 0
vt2 0 0
vt2 0 0
vt2 0 0
vt2 0 0
vt2 0 0
vt2 0 0
vt2 0 0
vt2 0 0
vt2 0 0
vt2 0 0
vt2 0 0
vt2 0 0
vt2 0 0
vt2 0 0
vt2 0 0
vt2 0 0
vt2 0 0
vt2 0 0
vt2 0 0
vt2 0 0
vt2 0 0
vt2 0 0
vt2 0 0
vt2 0 0
vt2 0 0
vt2 0 0
vt2 0 0
vt2 0 0
vt2 0 0
vt2 0 0
vt2 0 0
vt2 0 0
vt2 0 0
vt2 0 0
vt2 0 0
vt2 0 0
vt2 0 0
vt2 0 0
vt2 0 0
vt2 0 0
vt2 0 0
vt2 0 0
vt2 0 0
vt2 0 0
vt2 0 0
vt2 0 0
vt2 0 0
vt2 0 0
vt2 0 0
vt2 0 0
vt2 0 0
vt2 0 0
vt2 0 0
vt2 0 0
vt2 0 0
vt2 0 0
vt2 0 0
vt2 0 0
vt2 0 0
vt2 0 0
vt2 0 0
vt2 0 0
vt2 0 0
vt2 0 0
vt2 0 0
vt2 0 0
vt2 0 0
vt2 0 0
vt2 0 0
vt2 0 0
vt2 0 0
vt2 0 0
vt2 0 0
vt2 0 0
vt2 0 0
vt2 0 0
vt2 0 0
vt2 0 0
vt2 0 0
vt2 0 0
vt2 0 0
vt2 0 0
vt2 0 0
vt2 0 0
vt2 0 0
vt2 0 0
vt2 0 0
vt2 0 0
vt2 0 0
vt2 0 0
vt2 0 0
vt2 0 0
vt2 0 0
vt2 0 0
vt2 0 0
vt2 0 0
vt2 0 0
vt2 0 0
vt2 0 0
vt2 0 0
vt2 0 0
vt2 0 0
vt2 0 0
vt2 0 0
vt2 0 0
vt2 0 0
vt2 0 0
vt2 0 0
vt2 0 0
vt2 0 0
vt2 0 0
vt2 0 0
vt2 0 0
vt2 0 0
vt2 0 0
vt2 0 0
vt2 0 0
vt2 0 0
vt2 0 0
vt2 0 0
vt2 0 0
vt2 0 0
vt2 0 0
vt2 0 0
vt2 0 0
vt2 0 0
vt2 0 0
vt2 0 0
vt2 0 0
vt2 0 0
vt2 0 0
vt2 0 0
vt2 0 0
vt2 0 0
vt2 0 0
vt2 0 0
vt2 0 0
vt2 0 0
vt2 0 0
vt2 0 0
vt2 0 0
vt2 0 0
vt2 0 0
vt2 0 0
vt2 0 0
vt2 0 0
vt2 0 0
vt2 0 0
vt2 0 0
vt2 0 0
vt2 0 0
vt2 0 0
vt2 0 0
vt2 0 0
vt2 0 0
vt2 0 0
vt2 0 0
vt2 0 0
vt2 0 0
vt2 0 0
vt2 0 0
vt2 0 0
vt2 0 0
vt2 0 0
vt2 0 0
vt2 0 0
vt2 0 0
vt2 0 0
vt2 0 0
vt2 0 0
vt2 0 0
vt2 0 0
vt2 0 0
vt2 0 0
vt2 0 0
vt2 0 0
vt2 0 0
vt2 0 0
vt2 0 0
vt2 0 0
vt2 0 0
vt2 0 0
vt2 0 0
vt2 0 0
vt2 0 0
vt2 0 0
vt2 0 0
vt2 0 0
vt2 0 0
vt2 0 0
vt2 0 0
vt2 0 0
vt2 0 0
vt2 0 0
vt2 0 0
vt2 0 0
vt2 0 0
vt2 0 0
vt2 0 0
vt2 0 0
vt2 0 0
vt2 0 0
vt2 0 0
vt2 0 0
vt2 0 0
vt2 0 0
vt2 0 0
vt2 0 0
vt2 0 0
vt2 0 0
vt2 0 0
vt2 0 0
vt2 0 0
vt2 0 0
vt2 0 0
vt2 0 0
vt2 0 0
vt2 0 0
vt2 0 0
vt2 0 0
vt2 0 0
vt2 0 0
vt2 0 0
vt2 0 0
vt2 0 0
vt2 0 0
vt2 0 0
vt2 0 0
vt2 0 0
vt2 0 0
vt2 0 0
vt2 0 0
vt2 0 0
vt2 0 0
vt2 0 0
vt2 0 0
vt2 0 0
vt2 0 0
vt2 0 0
vt2 0 0
vt2 0 0
vt2 0 0
vt2 0 0
vt2 0 0
vt2 0 0
vt2 0 0
vt2 0 0
vt2 0 0
vt2 0 0
vt2 0 0
vt2 0 0
vt2 0 0
vt2 0 0
vt2 0 0
vt2 0 0
vt2 0 0
vt2 0 0
vt2 0 0
vt2 0 0
vt2 0 0
vt2 0 0
vt2 0 0
vt2 0 0
vt2 0 0
vt2 0 0
vt2 0 0
vt2 0 0
vt2 0 0
vt2 0 0
vt2 0 0
vt2 0 0
vt2 0 0
vt2 0 0
vt2 0 0
vt2 0 0
vt2 0 0
vt2 0 0
vt2 0 0
vt2 0 0
vt2 0 0
vt2 0 0
vt2 0 0
vt2 0 0
vt2 0 0
vt2 0 0
vt2 0 0
vt2 0 0
vt2 0 0
vt2 0 0
vt2 0 0
vt2 0 0
vt2 0 0
vt2 0 0
vt2 0 0
vt2 0 0
vt2 0 0
vt2 0 0
vt2 0 0
vt2 0 0
vt2 0 0
vt2 0 0
vt2 0 0
vt2 0 0
vt2 0 0
vt2 0 0
vt2 0 0
vt2 0 0
vt2 0 0
vt2 0 0
vt2 0 0
vt2 0 0
vt2 0 0
vt2 0 0
vt2 0 0
vt2 0 0
vt2 0 0
vt2 0 0
vt2 0 0
vt2 0 0
vt2 0 0
vt2 0 0
vt2 0 0
vt2 0 0
vt2 0 0
vt2 0 0
vt2 0 0
vt2 0 0
vt2 0 0
vt2 0 0
vt2 0 0
vt2 0 0
vt2 0 0
vt2 0 0
vt2 0 0
vt2 0 0
vt2 0 0
vt2 0 0
vt2 0 0
vt2 0 0
vt2 0 0
vt2 0 0
vt2 0 0
vt2 0 0
vt2 0 0
vt2 0 0
vt2 0 0
vt2 0 0
vt2 0 0
vt2 0 0
vt2 0 0
vt2 0 0
vt2 0 0
vt2 0 0
vt2 0 0
vt2 0 0
vt2 0 0
vt2 0 0
vt2 0 0
vt2 0 0
vt2 0 0
vt2 0 0
vt2 0 0
vt2 0 0
vt2 0 0
vt2 0 0
vt2 0 0
vt2 0 0
vt2 0 0
vt2 0 0
vt2 0 0
vt2 0 0
vt2 0 0
vt2 0 0
vt2 0 0
vt2 0 0
vt2 0 0
vt2 0 0
vt2 0 0
vt2 0 0
vt2 0 0
vt2 0 0
vt2 0 0
vt2 0 0
vt2 0 0
vt2 0 0
vt2 0 0
vt2 0 0
vt2 0 0
vt2 0 0
vt2 0 0
vt2 0 0
vt2 0 0
vt2 0 0
vt2 0 0
vt2 0 0
vt2 0 0
vt2 0 0
vt2 0 0
vt2 0 0
vt2 0 0
vt2 0 0
vt2 0 0
vt2 0 0
vt2 0 0
vt2 0 0
vt2 0 0
vt2 0 0
vt2 0 0
vt2 0 0
vt2 0 0
vt2 0 0
vt2 0 0
vt2 0 0
vt2 0 0
vt2 0 0
vt2 0 0
vt2 0 0
vt2 0 0
vt2 0 0
vt2 0 0
vt2 0 0
vt2 0 0
vt2 0 0
vt2 0 0
vt2 0 0
vt2 0 0
vt2 0 0
vt2 0 0
vt2 0 0
vt2 0 0
vt2 0 0
vt2 0 0
vt2 0 0
vt2 0 0
vt2 0 0
vt2 0 0
vt2 0 0
vt2 0 0
vt2 0 0
vt2 0 0
vt2 0 0
vt2 0 0
vt2 0 0
vt2 0 0
vt2 0 0
vt2 0 0
vt2 0 0
vt2 0 0
vt2 0 0
vt2 0 0
vt2 0 0
vt2 0 0
vt2 0 0
vt2 0 0
vt2 0 0
vt2 0 0
vt2 0 0
vt2 0 0
vt2 0 0
vt2 0 0
vt2 0 0
vt2 0 0
vt2 0 0
vt2 0 0
vt2 0 0
vt2 0 0
vt2 0 0
vt2 0 0
vt2 0 0
vt2 0 0
vt2 0 0
vt2 0 0
vt2 0 0
vt2 0 0
vt2 0 0
vt2 0 0
vt2 0 0
vt2 0 0
vt2 0 0
vt2 0 0
vt2 0 0
vt2 0 0
vt2 0 0
vt2 0 0
vt2 0 0
vt2 0 0
vt2 0 0
vt2 0 0
vt2 0 0
vt2 0 0
vt2 0 0
vt2 0 0
vt2 0 0
vt2 0 0
vt2 0 0
vt2 0 0
vt2 0 0
vt2 0 0

vc 1 1 1 1
vc 1 1 1 1
vc 1 1 1 1
vc 1 1 1 1
vc 1 1 1 1
vc 1 1 1 1
vc 1 1 1 1
vc 1 1 1 1
vc 1 1 1 1
vc 1 1 1 1
vc 1 1 1 1
vc 1 1 1 1
vc 1 1 1 1
vc 1 1 1 1
vc 1 1 1 1
vc 1 1 1 1
vc 1 1 1 1
vc 1 1 1 1
vc 1 1 1 1
vc 1 1 1 1
vc 1 1 1 1
vc 1 1 1 1
vc 1 1 1 1
vc 1 1 1 1
vc 1 1 1 1
vc 1 1 1 1
vc 1 1 1 1
vc 1 1 1 1
vc 1 1 1 1
vc 1 1 1 1
vc 1 1 1 1
vc 1 1 1 1
vc 1 1 1 1
vc 1 1 1 1
vc 1 1 1 1
vc 1 1 1 1
vc 1 1 1 1
vc 1 1 1 1
vc 1 1 1 1
vc 1 1 1 1
vc 1 1 1 1
vc 1 1 1 1
vc 1 1 1 1
vc 1 1 1 1
vc 1 1 1 1
vc 1 1 1 1
vc 1 1 1 1
vc 1 1 1 1
vc 1 1 1 1
vc 1 1 1 1
vc 1 1 1 1
vc 1 1 1 1
vc 1 1 1 1
vc 1 1 1 1
vc 1 1 1 1
vc 1 1 1 1
vc 1 1 1 1
vc 1 1 1 1
vc 1 1 1 1
vc 1 1 1 1
vc 1 1 1 1
vc 1 1 1 1
vc 1 1 1 1
vc 1 1 1 1
vc 1 1 1 1
vc 1 1 1 1
vc 1 1 1 1
vc 1 1 1 1
vc 1 1 1 1
vc 1 1 1 1
vc 1 1 1 1
vc 1 1 1 1
vc 1 1 1 1
vc 1 1 1 1
vc 1 1 1 1
vc 1 1 1 1
vc 1 1 1 1
vc 1 1 1 1
vc 1 1 1 1
vc 1 1 1 1
vc 1 1 1 1
vc 1 1 1 1
vc 1 1 1 1
vc 1 1 1 1
vc 1 1 1 1
vc 1 1 1 1
vc 1 1 1 1
vc 1 1 1 1
vc 1 1 1 1
vc 1 1 1 1
vc 1 1 1 1
vc 1 1 1 1
vc 1 1 1 1
vc 1 1 1 1
vc 1 1 1 1
vc 1 1 1 1
vc 1 1 1 1
vc 1 1 1 1
vc 1 1 1 1
vc 1 1 1 1
vc 1 1 1 1
vc 1 1 1 1
vc 1 1 1 1
vc 1 1 1 1
vc 1 1 1 1
vc 1 1 1 1
vc 1 1 1 1
vc 1 1 1 1
vc 1 1 1 1
vc 1 1 1 1
vc 1 1 1 1
vc 1 1 1 1
vc 1 1 1 1
vc 1 1 1 1
vc 1 1 1 1
vc 1 1 1 1
vc 1 1 1 1
vc 1 1 1 1
vc 1 1 1 1
vc 1 1 1 1
vc 1 1 1 1
vc 1 1 1 1
vc 1 1 1 1
vc 1 1 1 1
vc 1 1 1 1
vc 1 1 1 1
vc 1 1 1 1
vc 1 1 1 1
vc 1 1 1 1
vc 1 1 1 1
vc 1 1 1 1
vc 1 1 1 1
vc 1 1 1 1
vc 1 1 1 1
vc 1 1 1 1
vc 1 1 1 1
vc 1 1 1 1
vc 1 1 1 1
vc 1 1 1 1
vc 1 1 1 1
vc 1 1 1 1
vc 1 1 1 1
vc 1 1 1 1
vc 1 1 1 1
vc 1 1 1 1
vc 1 1 1 1
vc 1 1 1 1
vc 1 1 1 1
vc 1 1 1 1
vc 1 1 1 1
vc 1 1 1 1
vc 1 1 1 1
vc 1 1 1 1
vc 1 1 1 1
vc 1 1 1 1
vc 1 1 1 1
vc 1 1 1 1
vc 1 1 1 1
vc 1 1 1 1
vc 1 1 1 1
vc 1 1 1 1
vc 1 1 1 1
vc 1 1 1 1
vc 1 1 1 1
vc 1 1 1 1
vc 1 1 1 1
vc 1 1 1 1
vc 1 1 1 1
vc 1 1 1 1
vc 1 1 1 1
vc 1 1 1 1
vc 1 1 1 1
vc 1 1 1 1
vc 1 1 1 1
vc 1 1 1 1
vc 1 1 1 1
vc 1 1 1 1
vc 1 1 1 1
vc 1 1 1 1
vc 1 1 1 1
vc 1 1 1 1
vc 1 1 1 1
vc 1 1 1 1
vc 1 1 1 1
vc 1 1 1 1
vc 1 1 1 1
vc 1 1 1 1
vc 1 1 1 1
vc 1 1 1 1
vc 1 1 1 1
vc 1 1 1 1
vc 1 1 1 1
vc 1 1 1 1
vc 1 1 1 1
vc 1 1 1 1
vc 1 1 1 1
vc 1 1 1 1
vc 1 1 1 1
vc 1 1 1 1
vc 1 1 1 1
vc 1 1 1 1
vc 1 1 1 1
vc 1 1 1 1
vc 1 1 1 1
vc 1 1 1 1
vc 1 1 1 1
vc 1 1 1 1
vc 1 1 1 1
vc 1 1 1 1
vc 1 1 1 1
vc 1 1 1 1
vc 1 1 1 1
vc 1 1 1 1
vc 1 1 1 1
vc 1 1 1 1
vc 1 1 1 1
vc 1 1 1 1
vc 1 1 1 1
vc 1 1 1 1
vc 1 1 1 1
vc 1 1 1 1
vc 1 1 1 1
vc 1 1 1 1
vc 1 1 1 1
vc 1 1 1 1
vc 1 1 1 1
vc 1 1 1 1
vc 1 1 1 1
vc 1 1 1 1
vc 1 1 1 1
vc 1 1 1 1
vc 1 1 1 1
vc 1 1 1 1
vc 1 1 1 1
vc 1 1 1 1
vc 1 1 1 1
vc 1 1 1 1
vc 1 1 1 1
vc 1 1 1 1
vc 1 1 1 1
vc 1 1 1 1
vc 1 1 1 1
vc 1 1 1 1
vc 1 1 1 1
vc 1 1 1 1
vc 1 1 1 1
vc 1 1 1 1
vc 1 1 1 1
vc 1 1 1 1
vc 1 1 1 1
vc 1 1 1 1
vc 1 1 1 1
vc 1 1 1 1
vc 1 1 1 1
vc 1 1 1 1
vc 1 1 1 1
vc 1 1 1 1
vc 1 1 1 1
vc 1 1 1 1
vc 1 1 1 1
vc 1 1 1 1
vc 1 1 1 1
vc 1 1 1 1
vc 1 1 1 1
vc 1 1 1 1
vc 1 1 1 1
vc 1 1 1 1
vc 1 1 1 1
vc 1 1 1 1
vc 1 1 1 1
vc 1 1 1 1
vc 1 1 1 1
vc 1 1 1 1
vc 1 1 1 1
vc 1 1 1 1
vc 1 1 1 1
vc 1 1 1 1
vc 1 1 1 1
vc 1 1 1 1
vc 1 1 1 1
vc 1 1 1 1
vc 1 1 1 1
vc 1 1 1 1
vc 1 1 1 1
vc 1 1 1 1
vc 1 1 1 1
vc 1 1 1 1
vc 1 1 1 1
vc 1 1 1 1
vc 1 1 1 1
vc 1 1 1 1
vc 1 1 1 1
vc 1 1 1 1
vc 1 1 1 1
vc 1 1 1 1
vc 1 1 1 1
vc 1 1 1 1
vc 1 1 1 1
vc 1 1 1 1
vc 1 1 1 1
vc 1 1 1 1
vc 1 1 1 1
vc 1 1 1 1
vc 1 1 1 1
vc 1 1 1 1
vc 1 1 1 1
vc 1 1 1 1
vc 1 1 1 1
vc 1 1 1 1
vc 1 1 1 1
vc 1 1 1 1
vc 1 1 1 1
vc 1 1 1 1
vc 1 1 1 1
vc 1 1 1 1
vc 1 1 1 1
vc 1 1 1 1
vc 1 1 1 1
vc 1 1 1 1
vc 1 1 1 1
vc 1 1 1 1
vc 1 1 1 1
vc 1 1 1 1
vc 1 1 1 1
vc 1 1 1 1
vc 1 1 1 1
vc 1 1 1 1
vc 1 1 1 1
vc 1 1 1 1
vc 1 1 1 1
vc 1 1 1 1
vc 1 1 1 1
vc 1 1 1 1
vc 1 1 1 1
vc 1 1 1 1
vc 1 1 1 1
vc 1 1 1 1
vc 1 1 1 1
vc 1 1 1 1
vc 1 1 1 1
vc 1 1 1 1
vc 1 1 1 1
vc 1 1 1 1
vc 1 1 1 1
vc 1 1 1 1
vc 1 1 1 1
vc 1 1 1 1
vc 1 1 1 1
vc 1 1 1 1
vc 1 1 1 1
vc 1 1 1 1
vc 1 1 1 1
vc 1 1 1 1
vc 1 1 1 1
vc 1 1 1 1
vc 1 1 1 1
vc 1 1 1 1
vc 1 1 1 1
vc 1 1 1 1
vc 1 1 1 1
vc 1 1 1 1
vc 1 1 1 1
vc 1 1 1 1
vc 1 1 1 1
vc 1 1 1 1
vc 1 1 1 1
vc 1 1 1 1
vc 1 1 1 1
vc 1 1 1 1
vc 1 1 1 1
vc 1 1 1 1
vc 1 1 1 1
vc 1 1 1 1
vc 1 1 1 1
vc 1 1 1 1
vc 1 1 1 1
vc 1 1 1 1
vc 1 1 1 1
vc 1 1 1 1
vc 1 1 1 1
vc 1 1 1 1
vc 1 1 1 1
vc 1 1 1 1
vc 1 1 1 1
vc 1 1 1 1
vc 1 1 1 1
vc 1 1 1 1
vc 1 1 1 1
vc 1 1 1 1
vc 1 1 1 1
vc 1 1 1 1
vc 1 1 1 1
vc 1 1 1 1
vc 1 1 1 1
vc 1 1 1 1
vc 1 1 1 1
vc 1 1 1 1
vc 1 1 1 1
vc 1 1 1 1
vc 1 1 1 1
vc 1 1 1 1
vc 1 1 1 1
vc 1 1 1 1
vc 1 1 1 1
vc 1 1 1 1
vc 1 1 1 1
vc 1 1 1 1
vc 1 1 1 1
vc 1 1 1 1
vc 1 1 1 1
vc 1 1 1 1
vc 1 1 1 1
vc 1 1 1 1
vc 1 1 1 1
vc 1 1 1 1
vc 1 1 1 1
vc 1 1 1 1
vc 1 1 1 1
vc 1 1 1 1
vc 1 1 1 1
vc 1 1 1 1
vc 1 1 1 1
vc 1 1 1 1
vc 1 1 1 1
vc 1 1 1 1
vc 1 1 1 1
vc 1 1 1 1
vc 1 1 1 1
vc 1 1 1 1
vc 1 1 1 1
vc 1 1 1 1
vc 1 1 1 1
vc 1 1 1 1
vc 1 1 1 1
vc 1 1 1 1
vc 1 1 1 1
vc 1 1 1 1
vc 1 1 1 1
vc 1 1 1 1
vc 1 1 1 1
vc 1 1 1 1
vc 1 1 1 1
vc 1 1 1 1
vc 1 1 1 1
vc 1 1 1 1
vc 1 1 1 1
vc 1 1 1 1
vc 1 1 1 1
vc 1 1 1 1
vc 1 1 1 1
vc 1 1 1 1
vc 1 1 1 1
vc 1 1 1 1
vc 1 1 1 1
vc 1 1 1 1
vc 1 1 1 1
vc 1 1 1 1
vc 1 1 1 1
vc 1 1 1 1
vc 1 1 1 1
vc 1 1 1 1
vc 1 1 1 1
vc 1 1 1 1
vc 1 1 1 1
vc 1 1 1 1
vc 1 1 1 1
vc 1 1 1 1
vc 1 1 1 1
vc 1 1 1 1
vc 1 1 1 1
vc 1 1 1 1
vc 1 1 1 1
vc 1 1 1 1
vc 1 1 1 1
vc 1 1 1 1
vc 1 1 1 1
vc 1 1 1 1
vc 1 1 1 1
vc 1 1 1 1
vc 1 1 1 1
vc 1 1 1 1
vc 1 1 1 1
vc 1 1 1 1
vc 1 1 1 1
vc 1 1 1 1
vc 1 1 1 1
vc 1 1 1 1
vc 1 1 1 1
vc 1 1 1 1
vc 1 1 1 1
vc 1 1 1 1
vc 1 1 1 1
vc 1 1 1 1
vc 1 1 1 1
vc 1 1 1 1
vc 1 1 1 1
vc 1 1 1 1
vc 1 1 1 1
vc 1 1 1 1
vc 1 1 1 1
vc 1 1 1 1
vc 1 1 1 1
vc 1 1 1 1
vc 1 1 1 1
vc 1 1 1 1
vc 1 1 1 1
vc 1 1 1 1
vc 1 1 1 1
vc 1 1 1 1
vc 1 1 1 1
vc 1 1 1 1
vc 1 1 1 1
vc 1 1 1 1
vc 1 1 1 1
vc 1 1 1 1
vc 1 1 1 1
vc 1 1 1 1
vc 1 1 1 1
vc 1 1 1 1
vc 1 1 1 1
vc 1 1 1 1
vc 1 1 1 1
vc 1 1 1 1
vc 1 1 1 1
vc 1 1 1 1
vc 1 1 1 1
vc 1 1 1 1
vc 1 1 1 1
vc 1 1 1 1
vc 1 1 1 1
vc 1 1 1 1
vc 1 1 1 1
vc 1 1 1 1
vc 1 1 1 1
vc 1 1 1 1
vc 1 1 1 1
vc 1 1 1 1
vc 1 1 1 1
vc 1 1 1 1
vc 1 1 1 1
vc 1 1 1 1
vc 1 1 1 1
vc 1 1 1 1
vc 1 1 1 1
vc 1 1 1 1
vc 1 1 1 1
vc 1 1 1 1
vc 1 1 1 1
vc 1 1 1 1
vc 1 1 1 1
vc 1 1 1 1
vc 1 1 1 1
vc 1 1 1 1
vc 1 1 1 1
vc 1 1 1 1
vc 1 1 1 1
vc 1 1 1 1
vc 1 1 1 1
vc 1 1 1 1
vc 1 1 1 1
vc 1 1 1 1
vc 1 1 1 1
vc 1 1 1 1
vc 1 1 1 1
vc 1 1 1 1
vc 1 1 1 1
vc 1 1 1 1
vc 1 1 1 1
vc 1 1 1 1
vc 1 1 1 1
vc 1 1 1 1
vc 1 1 1 1
vc 1 1 1 1
vc 1 1 1 1
vc 1 1 1 1
vc 1 1 1 1
vc 1 1 1 1
vc 1 1 1 1
vc 1 1 1 1
vc 1 1 1 1
vc 1 1 1 1
vc 1 1 1 1
vc 1 1 1 1
vc 1 1 1 1
vc 1 1 1 1
vc 1 1 1 1
vc 1 1 1 1
vc 1 1 1 1
vc 1 1 1 1
vc 1 1 1 1
vc 1 1 1 1
vc 1 1 1 1
vc 1 1 1 1
vc 1 1 1 1
vc 1 1 1 1
vc 1 1 1 1
vc 1 1 1 1
vc 1 1 1 1
vc 1 1 1 1
vc 1 1 1 1
vc 1 1 1 1
vc 1 1 1 1
vc 1 1 1 1
vc 1 1 1 1
vc 1 1 1 1
vc 1 1 1 1
vc 1 1 1 1
vc 1 1 1 1
vc 1 1 1 1
vc 1 1 1 1
vc 1 1 1 1
vc 1 1 1 1
vc 1 1 1 1
vc 1 1 1 1
vc 1 1 1 1
vc 1 1 1 1
vc 1 1 1 1
vc 1 1 1 1
vc 1 1 1 1
vc 1 1 1 1
vc 1 1 1 1
vc 1 1 1 1
vc 1 1 1 1
vc 1 1 1 1
vc 1 1 1 1
vc 1 1 1 1
vc 1 1 1 1
vc 1 1 1 1
vc 1 1 1 1
vc 1 1 1 1
vc 1 1 1 1
vc 1 1 1 1
vc 1 1 1 1
vc 1 1 1 1
vc 1 1 1 1
vc 1 1 1 1
vc 1 1 1 1
vc 1 1 1 1
vc 1 1 1 1
vc 1 1 1 1
vc 1 1 1 1
vc 1 1 1 1
vc 1 1 1 1
vc 1 1 1 1
vc 1 1 1 1
vc 1 1 1 1
vc 1 1 1 1
vc 1 1 1 1
vc 1 1 1 1
vc 1 1 1 1
vc 1 1 1 1
vc 1 1 1 1
vc 1 1 1 1
vc 1 1 1 1
vc 1 1 1 1
vc 1 1 1 1
vc 1 1 1 1
vc 1 1 1 1
vc 1 1 1 1
vc 1 1 1 1
vc 1 1 1 1
vc 1 1 1 1
vc 1 1 1 1
vc 1 1 1 1
vc 1 1 1 1
vc 1 1 1 1
vc 1 1 1 1
vc 1 1 1 1
vc 1 1 1 1
vc 1 1 1 1
vc 1 1 1 1
vc 1 1 1 1
vc 1 1 1 1
vc 1 1 1 1
vc 1 1 1 1
vc 1 1 1 1
vc 1 1 1 1
vc 1 1 1 1
vc 1 1 1 1
vc 1 1 1 1
vc 1 1 1 1
vc 1 1 1 1
vc 1 1 1 1
vc 1 1 1 1
vc 1 1 1 1
vc 1 1 1 1
vc 1 1 1 1
vc 1 1 1 1
vc 1 1 1 1
vc 1 1 1 1
vc 1 1 1 1
vc 1 1 1 1
vc 1 1 1 1
vc 1 1 1 1
vc 1 1 1 1
vc 1 1 1 1
vc 1 1 1 1
vc 1 1 1 1
vc 1 1 1 1
vc 1 1 1 1
vc 1 1 1 1
vc 1 1 1 1
vc 1 1 1 1
vc 1 1 1 1
vc 1 1 1 1
vc 1 1 1 1
vc 1 1 1 1
vc 1 1 1 1
vc 1 1 1 1
vc 1 1 1 1
vc 1 1 1 1
vc 1 1 1 1
vc 1 1 1 1
vc 1 1 1 1
vc 1 1 1 1
vc 1 1 1 1
vc 1 1 1 1
vc 1 1 1 1
vc 1 1 1 1
vc 1 1 1 1
vc 1 1 1 1
vc 1 1 1 1
vc 1 1 1 1
vc 1 1 1 1
vc 1 1 1 1
vc 1 1 1 1
vc 1 1 1 1
vc 1 1 1 1
vc 1 1 1 1
vc 1 1 1 1
vc 1 1 1 1
vc 1 1 1 1
vc 1 1 1 1
vc 1 1 1 1
vc 1 1 1 1
vc 1 1 1 1
vc 1 1 1 1
vc 1 1 1 1
vc 1 1 1 1
vc 1 1 1 1
vc 1 1 1 1
vc 1 1 1 1
vc 1 1 1 1
vc 1 1 1 1
vc 1 1 1 1
vc 1 1 1 1
vc 1 1 1 1
vc 1 1 1 1
vc 1 1 1 1
vc 1 1 1 1
vc 1 1 1 1
vc 1 1 1 1
vc 1 1 1 1
vc 1 1 1 1
vc 1 1 1 1
vc 1 1 1 1
vc 1 1 1 1
vc 1 1 1 1
vc 1 1 1 1
vc 1 1 1 1
vc 1 1 1 1
vc 1 1 1 1
vc 1 1 1 1
vc 1 1 1 1
vc 1 1 1 1
vc 1 1 1 1
vc 1 1 1 1
vc 1 1 1 1
vc 1 1 1 1
vc 1 1 1 1
vc 1 1 1 1
vc 1 1 1 1
vc 1 1 1 1
vc 1 1 1 1
vc 1 1 1 1
vc 1 1 1 1
vc 1 1 1 1
vc 1 1 1 1
vc 1 1 1 1
vc 1 1 1 1
vc 1 1 1 1
vc 1 1 1 1
vc 1 1 1 1
vc 1 1 1 1
vc 1 1 1 1
vc 1 1 1 1
vc 1 1 1 1
vc 1 1 1 1
vc 1 1 1 1
vc 1 1 1 1
vc 1 1 1 1
vc 1 1 1 1
vc 1 1 1 1
vc 1 1 1 1
vc 1 1 1 1
vc 1 1 1 1
vc 1 1 1 1
vc 1 1 1 1
vc 1 1 1 1
vc 1 1 1 1
vc 1 1 1 1
vc 1 1 1 1
vc 1 1 1 1
vc 1 1 1 1
vc 1 1 1 1
vc 1 1 1 1
vc 1 1 1 1
vc 1 1 1 1
vc 1 1 1 1
vc 1 1 1 1
vc 1 1 1 1
vc 1 1 1 1
vc 1 1 1 1
vc 1 1 1 1
vc 1 1 1 1
vc 1 1 1 1
vc 1 1 1 1
vc 1 1 1 1
vc 1 1 1 1
vc 1 1 1 1
vc 1 1 1 1
vc 1 1 1 1
vc 1 1 1 1
vc 1 1 1 1
vc 1 1 1 1
vc 1 1 1 1
vc 1 1 1 1
vc 1 1 1 1
vc 1 1 1 1
vc 1 1 1 1
vc 1 1 1 1
vc 1 1 1 1
vc 1 1 1 1
vc 1 1 1 1
vc 1 1 1 1
vc 1 1 1 1
vc 1 1 1 1
vc 1 1 1 1
vc 1 1 1 1
vc 1 1 1 1
vc 1 1 1 1
vc 1 1 1 1
vc 1 1 1 1
vc 1 1 1 1
vc 1 1 1 1
vc 1 1 1 1
vc 1 1 1 1
vc 1 1 1 1
vc 1 1 1 1
vc 1 1 1 1
vc 1 1 1 1
vc 1 1 1 1
vc 1 1 1 1
vc 1 1 1 1
vc 1 1 1 1
vc 1 1 1 1
vc 1 1 1 1
vc 1 1 1 1
vc 1 1 1 1
vc 1 1 1 1
vc 1 1 1 1
vc 1 1 1 1
vc 1 1 1 1
vc 1 1 1 1
vc 1 1 1 1
vc 1 1 1 1
vc 1 1 1 1
vc 1 1 1 1
vc 1 1 1 1
vc 1 1 1 1
vc 1 1 1 1
vc 1 1 1 1
vc 1 1 1 1
vc 1 1 1 1
vc 1 1 1 1
vc 1 1 1 1
vc 1 1 1 1
vc 1 1 1 1
vc 1 1 1 1
vc 1 1 1 1
vc 1 1 1 1
vc 1 1 1 1
vc 1 1 1 1
vc 1 1 1 1
vc 1 1 1 1
vc 1 1 1 1
vc 1 1 1 1
vc 1 1 1 1
vc 1 1 1 1
vc 1 1 1 1
vc 1 1 1 1
vc 1 1 1 1
vc 1 1 1 1
vc 1 1 1 1
vc 1 1 1 1
vc 1 1 1 1
vc 1 1 1 1
vc 1 1 1 1
vc 1 1 1 1
vc 1 1 1 1
vc 1 1 1 1
vc 1 1 1 1
vc 1 1 1 1
vc 1 1 1 1
vc 1 1 1 1
vc 1 1 1 1
vc 1 1 1 1
vc 1 1 1 1
vc 1 1 1 1
vc 1 1 1 1
vc 1 1 1 1
vc 1 1 1 1
vc 1 1 1 1
vc 1 1 1 1
vc 1 1 1 1
vc 1 1 1 1
vc 1 1 1 1
vc 1 1 1 1
vc 1 1 1 1
vc 1 1 1 1
vc 1 1 1 1
vc 1 1 1 1
vc 1 1 1 1
vc 1 1 1 1
vc 1 1 1 1
vc 1 1 1 1
vc 1 1 1 1
vc 1 1 1 1
vc 1 1 1 1
vc 1 1 1 1
vc 1 1 1 1
vc 1 1 1 1
vc 1 1 1 1
vc 1 1 1 1
vc 1 1 1 1
vc 1 1 1 1
vc 1 1 1 1
vc 1 1 1 1
vc 1 1 1 1
vc 1 1 1 1
vc 1 1 1 1
vc 1 1 1 1
vc 1 1 1 1
vc 1 1 1 1
vc 1 1 1 1
vc 1 1 1 1
vc 1 1 1 1
vc 1 1 1 1
vc 1 1 1 1
vc 1 1 1 1
vc 1 1 1 1
vc 1 1 1 1
vc 1 1 1 1
vc 1 1 1 1
vc 1 1 1 1
vc 1 1 1 1
vc 1 1 1 1
vc 1 1 1 1
vc 1 1 1 1
vc 1 1 1 1
vc 1 1 1 1
vc 1 1 1 1
vc 1 1 1 1
vc 1 1 1 1
vc 1 1 1 1
vc 1 1 1 1
vc 1 1 1 1
vc 1 1 1 1
vc 1 1 1 1
vc 1 1 1 1
vc 1 1 1 1
vc 1 1 1 1
vc 1 1 1 1
vc 1 1 1 1
vc 1 1 1 1
vc 1 1 1 1
vc 1 1 1 1
vc 1 1 1 1
vc 1 1 1 1
vc 1 1 1 1
vc 1 1 1 1
vc 1 1 1 1
vc 1 1 1 1
vc 1 1 1 1
vc 1 1 1 1
vc 1 1 1 1
vc 1 1 1 1
vc 1 1 1 1
vc 1 1 1 1
vc 1 1 1 1
vc 1 1 1 1
vc 1 1 1 1
vc 1 1 1 1
vc 1 1 1 1
vc 1 1 1 1
vc 1 1 1 1
vc 1 1 1 1
vc 1 1 1 1
vc 1 1 1 1
vc 1 1 1 1
vc 1 1 1 1
vc 1 1 1 1
vc 1 1 1 1
vc 1 1 1 1
vc 1 1 1 1
vc 1 1 1 1
vc 1 1 1 1
vc 1 1 1 1
vc 1 1 1 1
vc 1 1 1 1
vc 1 1 1 1
vc 1 1 1 1
vc 1 1 1 1
vc 1 1 1 1
vc 1 1 1 1
vc 1 1 1 1
vc 1 1 1 1
vc 1 1 1 1
vc 1 1 1 1
vc 1 1 1 1
vc 1 1 1 1
vc 1 1 1 1
vc 1 1 1 1
vc 1 1 1 1
vc 1 1 1 1
vc 1 1 1 1
vc 1 1 1 1
vc 1 1 1 1
vc 1 1 1 1
vc 1 1 1 1
vc 1 1 1 1
vc 1 1 1 1
vc 1 1 1 1
vc 1 1 1 1
vc 1 1 1 1
vc 1 1 1 1
vc 1 1 1 1
vc 1 1 1 1
vc 1 1 1 1
vc 1 1 1 1
vc 1 1 1 1
vc 1 1 1 1
vc 1 1 1 1
vc 1 1 1 1
vc 1 1 1 1
vc 1 1 1 1
vc 1 1 1 1
vc 1 1 1 1
vc 1 1 1 1
vc 1 1 1 1
vc 1 1 1 1
vc 1 1 1 1
vc 1 1 1 1
vc 1 1 1 1
vc 1 1 1 1
vc 1 1 1 1
vc 1 1 1 1
vc 1 1 1 1
vc 1 1 1 1
vc 1 1 1 1
vc 1 1 1 1
vc 1 1 1 1
vc 1 1 1 1
vc 1 1 1 1
vc 1 1 1 1
vc 1 1 1 1
vc 1 1 1 1
vc 1 1 1 1
vc 1 1 1 1
vc 1 1 1 1
vc 1 1 1 1
vc 1 1 1 1
vc 1 1 1 1
vc 1 1 1 1
vc 1 1 1 1
vc 1 1 1 1
vc 1 1 1 1
vc 1 1 1 1
vc 1 1 1 1
vc 1 1 1 1
vc 1 1 1 1
vc 1 1 1 1
vc 1 1 1 1
vc 1 1 1 1
vc 1 1 1 1
vc 1 1 1 1
vc 1 1 1 1
vc 1 1 1 1
vc 1 1 1 1
vc 1 1 1 1
vc 1 1 1 1
vc 1 1 1 1
vc 1 1 1 1
vc 1 1 1 1
vc 1 1 1 1
vc 1 1 1 1
vc 1 1 1 1
vc 1 1 1 1
vc 1 1 1 1
vc 1 1 1 1
vc 1 1 1 1
vc 1 1 1 1
vc 1 1 1 1
vc 1 1 1 1
vc 1 1 1 1
vc 1 1 1 1
vc 1 1 1 1
vc 1 1 1 1
vc 1 1 1 1
vc 1 1 1 1
vc 1 1 1 1
vc 1 1 1 1
vc 1 1 1 1
vc 1 1 1 1
vc 1 1 1 1
vc 1 1 1 1
vc 1 1 1 1
vc 1 1 1 1
vc 1 1 1 1
vc 1 1 1 1
vc 1 1 1 1
vc 1 1 1 1
vc 1 1 1 1
vc 1 1 1 1
vc 1 1 1 1
vc 1 1 1 1
vc 1 1 1 1
vc 1 1 1 1
vc 1 1 1 1
vc 1 1 1 1
vc 1 1 1 1
vc 1 1 1 1
vc 1 1 1 1
vc 1 1 1 1
vc 1 1 1 1
vc 1 1 1 1
vc 1 1 1 1
vc 1 1 1 1
vc 1 1 1 1
vc 1 1 1 1
vc 1 1 1 1
vc 1 1 1 1
vc 1 1 1 1
vc 1 1 1 1
vc 1 1 1 1
vc 1 1 1 1
vc 1 1 1 1
vc 1 1 1 1
vc 1 1 1 1
vc 1 1 1 1
vc 1 1 1 1
vc 1 1 1 1
vc 1 1 1 1
vc 1 1 1 1
vc 1 1 1 1
vc 1 1 1 1
vc 1 1 1 1
vc 1 1 1 1
vc 1 1 1 1
vc 1 1 1 1
vc 1 1 1 1
vc 1 1 1 1
vc 1 1 1 1
vc 1 1 1 1
vc 1 1 1 1
vc 1 1 1 1
vc 1 1 1 1
vc 1 1 1 1
vc 1 1 1 1
vc 1 1 1 1
vc 1 1 1 1
vc 1 1 1 1
vc 1 1 1 1
vc 1 1 1 1
vc 1 1 1 1
vc 1 1 1 1
vc 1 1 1 1
vc 1 1 1 1
vc 1 1 1 1
vc 1 1 1 1
vc 1 1 1 1
vc 1 1 1 1
vc 1 1 1 1
vc 1 1 1 1
vc 1 1 1 1
vc 1 1 1 1
vc 1 1 1 1
vc 1 1 1 1
vc 1 1 1 1
vc 1 1 1 1
vc 1 1 1 1
vc 1 1 1 1
vc 1 1 1 1
vc 1 1 1 1
vc 1 1 1 1
vc 1 1 1 1
vc 1 1 1 1
vc 1 1 1 1
vc 1 1 1 1
vc 1 1 1 1
vc 1 1 1 1
vc 1 1 1 1
vc 1 1 1 1
vc 1 1 1 1
vc 1 1 1 1
vc 1 1 1 1
vc 1 1 1 1
vc 1 1 1 1
vc 1 1 1 1
vc 1 1 1 1
vc 1 1 1 1
vc 1 1 1 1
vc 1 1 1 1
vc 1 1 1 1
vc 1 1 1 1
vc 1 1 1 1
vc 1 1 1 1
vc 1 1 1 1
vc 1 1 1 1
vc 1 1 1 1
vc 1 1 1 1
vc 1 1 1 1
vc 1 1 1 1
vc 1 1 1 1
vc 1 1 1 1
vc 1 1 1 1
vc 1 1 1 1
vc 1 1 1 1
vc 1 1 1 1
vc 1 1 1 1
vc 1 1 1 1
vc 1 1 1 1
vc 1 1 1 1
vc 1 1 1 1
vc 1 1 1 1
vc 1 1 1 1
vc 1 1 1 1
vc 1 1 1 1
vc 1 1 1 1
vc 1 1 1 1
vc 1 1 1 1
vc 1 1 1 1
vc 1 1 1 1
vc 1 1 1 1
vc 1 1 1 1
vc 1 1 1 1
vc 1 1 1 1
vc 1 1 1 1
vc 1 1 1 1
vc 1 1 1 1
vc 1 1 1 1
vc 1 1 1 1
vc 1 1 1 1
vc 1 1 1 1
vc 1 1 1 1
vc 1 1 1 1
vc 1 1 1 1
vc 1 1 1 1
vc 1 1 1 1
vc 1 1 1 1
vc 1 1 1 1
vc 1 1 1 1
vc 1 1 1 1
vc 1 1 1 1
vc 1 1 1 1
vc 1 1 1 1
vc 1 1 1 1
vc 1 1 1 1
vc 1 1 1 1
vc 1 1 1 1
vc 1 1 1 1
vc 1 1 1 1
vc 1 1 1 1
vc 1 1 1 1
vc 1 1 1 1
vc 1 1 1 1
vc 1 1 1 1
vc 1 1 1 1
vc 1 1 1 1
vc 1 1 1 1
vc 1 1 1 1
vc 1 1 1 1
vc 1 1 1 1
vc 1 1 1 1
vc 1 1 1 1
vc 1 1 1 1
vc 1 1 1 1
vc 1 1 1 1
vc 1 1 1 1
vc 1 1 1 1
vc 1 1 1 1
vc 1 1 1 1
vc 1 1 1 1
vc 1 1 1 1
vc 1 1 1 1
vc 1 1 1 1
vc 1 1 1 1
vc 1 1 1 1
vc 1 1 1 1
vc 1 1 1 1
vc 1 1 1 1
vc 1 1 1 1
vc 1 1 1 1
vc 1 1 1 1
vc 1 1 1 1
vc 1 1 1 1
vc 1 1 1 1
vc 1 1 1 1
vc 1 1 1 1
vc 1 1 1 1
vc 1 1 1 1
vc 1 1 1 1
vc 1 1 1 1
vc 1 1 1 1
vc 1 1 1 1
vc 1 1 1 1
vc 1 1 1 1
vc 1 1 1 1
vc 1 1 1 1
vc 1 1 1 1
vc 1 1 1 1
vc 1 1 1 1
vc 1 1 1 1
vc 1 1 1 1
vc 1 1 1 1
vc 1 1 1 1
vc 1 1 1 1
vc 1 1 1 1
vc 1 1 1 1
vc 1 1 1 1
vc 1 1 1 1
vc 1 1 1 1
vc 1 1 1 1
vc 1 1 1 1
vc 1 1 1 1
vc 1 1 1 1
vc 1 1 1 1
vc 1 1 1 1
vc 1 1 1 1
vc 1 1 1 1
vc 1 1 1 1
vc 1 1 1 1
vc 1 1 1 1
vc 1 1 1 1
vc 1 1 1 1
vc 1 1 1 1
vc 1 1 1 1
vc 1 1 1 1
vc 1 1 1 1
vc 1 1 1 1
vc 1 1 1 1
vc 1 1 1 1
vc 1 1 1 1
vc 1 1 1 1
vc 1 1 1 1
vc 1 1 1 1
vc 1 1 1 1
vc 1 1 1 1
vc 1 1 1 1
vc 1 1 1 1
vc 1 1 1 1
vc 1 1 1 1
vc 1 1 1 1
vc 1 1 1 1
vc 1 1 1 1
vc 1 1 1 1
vc 1 1 1 1
vc 1 1 1 1
vc 1 1 1 1
vc 1 1 1 1
vc 1 1 1 1
vc 1 1 1 1
vc 1 1 1 1
vc 1 1 1 1
vc 1 1 1 1
vc 1 1 1 1
vc 1 1 1 1
vc 1 1 1 1
vc 1 1 1 1
vc 1 1 1 1
vc 1 1 1 1
vc 1 1 1 1
vc 1 1 1 1
vc 1 1 1 1
vc 1 1 1 1
vc 1 1 1 1
vc 1 1 1 1
vc 1 1 1 1
vc 1 1 1 1
vc 1 1 1 1
vc 1 1 1 1
vc 1 1 1 1
vc 1 1 1 1
vc 1 1 1 1
vc 1 1 1 1
vc 1 1 1 1
vc 1 1 1 1
vc 1 1 1 1
vc 1 1 1 1
vc 1 1 1 1
vc 1 1 1 1
vc 1 1 1 1
vc 1 1 1 1
vc 1 1 1 1
vc 1 1 1 1
vc 1 1 1 1
vc 1 1 1 1
vc 1 1 1 1
vc 1 1 1 1
vc 1 1 1 1
vc 1 1 1 1
vc 1 1 1 1
vc 1 1 1 1
vc 1 1 1 1
vc 1 1 1 1
vc 1 1 1 1
vc 1 1 1 1
vc 1 1 1 1
vc 1 1 1 1
vc 1 1 1 1
vc 1 1 1 1
vc 1 1 1 1
vc 1 1 1 1
vc 1 1 1 1
vc 1 1 1 1
vc 1 1 1 1
vc 1 1 1 1
vc 1 1 1 1
vc 1 1 1 1
vc 1 1 1 1
vc 1 1 1 1
vc 1 1 1 1
vc 1 1 1 1
vc 1 1 1 1
vc 1 1 1 1
vc 1 1 1 1
vc 1 1 1 1
vc 1 1 1 1
vc 1 1 1 1
vc 1 1 1 1
vc 1 1 1 1
vc 1 1 1 1
vc 1 1 1 1
vc 1 1 1 1
vc 1 1 1 1
vc 1 1 1 1
vc 1 1 1 1
vc 1 1 1 1
vc 1 1 1 1
vc 1 1 1 1
vc 1 1 1 1
vc 1 1 1 1
vc 1 1 1 1
vc 1 1 1 1
vc 1 1 1 1
vc 1 1 1 1
vc 1 1 1 1
vc 1 1 1 1
vc 1 1 1 1
vc 1 1 1 1
vc 1 1 1 1
vc 1 1 1 1
vc 1 1 1 1
vc 1 1 1 1
vc 1 1 1 1
vc 1 1 1 1
vc 1 1 1 1
vc 1 1 1 1
vc 1 1 1 1
vc 1 1 1 1
vc 1 1 1 1
vc 1 1 1 1
vc 1 1 1 1
vc 1 1 1 1
vc 1 1 1 1
vc 1 1 1 1
vc 1 1 1 1
vc 1 1 1 1
vc 1 1 1 1
vc 1 1 1 1
vc 1 1 1 1
vc 1 1 1 1
vc 1 1 1 1
vc 1 1 1 1
vc 1 1 1 1
vc 1 1 1 1
vc 1 1 1 1
vc 1 1 1 1
vc 1 1 1 1
vc 1 1 1 1
vc 1 1 1 1
vc 1 1 1 1
vc 1 1 1 1
vc 1 1 1 1
vc 1 1 1 1
vc 1 1 1 1
vc 1 1 1 1
vc 1 1 1 1
vc 1 1 1 1
vc 1 1 1 1
vc 1 1 1 1
vc 1 1 1 1
vc 1 1 1 1
vc 1 1 1 1
vc 1 1 1 1
vc 1 1 1 1
vc 1 1 1 1
vc 1 1 1 1
vc 1 1 1 1
vc 1 1 1 1
vc 1 1 1 1
vc 1 1 1 1
vc 1 1 1 1
vc 1 1 1 1
vc 1 1 1 1
vc 1 1 1 1
vc 1 1 1 1
vc 1 1 1 1
vc 1 1 1 1
vc 1 1 1 1
vc 1 1 1 1
vc 1 1 1 1
vc 1 1 1 1
vc 1 1 1 1
vc 1 1 1 1
vc 1 1 1 1
vc 1 1 1 1
vc 1 1 1 1
vc 1 1 1 1
vc 1 1 1 1
vc 1 1 1 1
vc 1 1 1 1
vc 1 1 1 1
vc 1 1 1 1
vc 1 1 1 1
vc 1 1 1 1
vc 1 1 1 1
vc 1 1 1 1
vc 1 1 1 1
vc 1 1 1 1
vc 1 1 1 1
vc 1 1 1 1
vc 1 1 1 1
vc 1 1 1 1
vc 1 1 1 1
vc 1 1 1 1
vc 1 1 1 1
vc 1 1 1 1
vc 1 1 1 1
vc 1 1 1 1
vc 1 1 1 1
vc 1 1 1 1
vc 1 1 1 1
vc 1 1 1 1
vc 1 1 1 1
vc 1 1 1 1
vc 1 1 1 1
vc 1 1 1 1
vc 1 1 1 1
vc 1 1 1 1
vc 1 1 1 1
vc 1 1 1 1
vc 1 1 1 1
vc 1 1 1 1
vc 1 1 1 1
vc 1 1 1 1
vc 1 1 1 1
vc 1 1 1 1
vc 1 1 1 1
vc 1 1 1 1
vc 1 1 1 1
vc 1 1 1 1
vc 1 1 1 1
vc 1 1 1 1
vc 1 1 1 1
vc 1 1 1 1
vc 1 1 1 1
vc 1 1 1 1
vc 1 1 1 1
vc 1 1 1 1
vc 1 1 1 1
vc 1 1 1 1
vc 1 1 1 1
vc 1 1 1 1
vc 1 1 1 1
vc 1 1 1 1
vc 1 1 1 1
vc 1 1 1 1
vc 1 1 1 1
vc 1 1 1 1
vc 1 1 1 1
vc 1 1 1 1
vc 1 1 1 1
vc 1 1 1 1
vc 1 1 1 1
vc 1 1 1 1
vc 1 1 1 1
vc 1 1 1 1
vc 1 1 1 1
vc 1 1 1 1
vc 1 1 1 1
vc 1 1 1 1
vc 1 1 1 1
vc 1 1 1 1
vc 1 1 1 1
vc 1 1 1 1
vc 1 1 1 1
vc 1 1 1 1
vc 1 1 1 1
vc 1 1 1 1
vc 1 1 1 1
vc 1 1 1 1
vc 1 1 1 1
vc 1 1 1 1
vc 1 1 1 1
vc 1 1 1 1
vc 1 1 1 1
vc 1 1 1 1
vc 1 1 1 1
vc 1 1 1 1
vc 1 1 1 1
vc 1 1 1 1
vc 1 1 1 1
vc 1 1 1 1
vc 1 1 1 1
vc 1 1 1 1
vc 1 1 1 1
vc 1 1 1 1
vc 1 1 1 1
vc 1 1 1 1
vc 1 1 1 1
vc 1 1 1 1
vc 1 1 1 1
vc 1 1 1 1
vc 1 1 1 1
vc 1 1 1 1
vc 1 1 1 1
vc 1 1 1 1
vc 1 1 1 1
vc 1 1 1 1
vc 1 1 1 1
vc 1 1 1 1
vc 1 1 1 1
vc 1 1 1 1
vc 1 1 1 1
vc 1 1 1 1
vc 1 1 1 1
vc 1 1 1 1
vc 1 1 1 1
vc 1 1 1 1
vc 1 1 1 1
vc 1 1 1 1
vc 1 1 1 1
vc 1 1 1 1
vc 1 1 1 1
vc 1 1 1 1
vc 1 1 1 1
vc 1 1 1 1
vc 1 1 1 1
vc 1 1 1 1
vc 1 1 1 1
vc 1 1 1 1
vc 1 1 1 1
vc 1 1 1 1
vc 1 1 1 1
vc 1 1 1 1
vc 1 1 1 1
vc 1 1 1 1
vc 1 1 1 1
vc 1 1 1 1
vc 1 1 1 1
vc 1 1 1 1
vc 1 1 1 1
vc 1 1 1 1
vc 1 1 1 1
vc 1 1 1 1
vc 1 1 1 1
vc 1 1 1 1
vc 1 1 1 1
vc 1 1 1 1
vc 1 1 1 1
vc 1 1 1 1
vc 1 1 1 1
vc 1 1 1 1
vc 1 1 1 1
vc 1 1 1 1
vc 1 1 1 1
vc 1 1 1 1
vc 1 1 1 1
vc 1 1 1 1
vc 1 1 1 1
vc 1 1 1 1
vc 1 1 1 1
vc 1 1 1 1
vc 1 1 1 1
vc 1 1 1 1
vc 1 1 1 1
vc 1 1 1 1
vc 1 1 1 1
vc 1 1 1 1
vc 1 1 1 1
vc 1 1 1 1
vc 1 1 1 1
vc 1 1 1 1
vc 1 1 1 1
vc 1 1 1 1
vc 1 1 1 1
vc 1 1 1 1
vc 1 1 1 1
vc 1 1 1 1
vc 1 1 1 1
vc 1 1 1 1
vc 1 1 1 1
vc 1 1 1 1
vc 1 1 1 1
vc 1 1 1 1
vc 1 1 1 1
vc 1 1 1 1
vc 1 1 1 1
vc 1 1 1 1
vc 1 1 1 1
vc 1 1 1 1
vc 1 1 1 1
vc 1 1 1 1
vc 1 1 1 1
vc 1 1 1 1
vc 1 1 1 1
vc 1 1 1 1
vc 1 1 1 1
vc 1 1 1 1
vc 1 1 1 1
vc 1 1 1 1
vc 1 1 1 1
vc 1 1 1 1
vc 1 1 1 1
vc 1 1 1 1
vc 1 1 1 1
vc 1 1 1 1
vc 1 1 1 1
vc 1 1 1 1
vc 1 1 1 1
vc 1 1 1 1
vc 1 1 1 1
vc 1 1 1 1
vc 1 1 1 1
vc 1 1 1 1
vc 1 1 1 1
vc 1 1 1 1
vc 1 1 1 1
vc 1 1 1 1
vc 1 1 1 1
vc 1 1 1 1
vc 1 1 1 1
vc 1 1 1 1
vc 1 1 1 1
vc 1 1 1 1
vc 1 1 1 1
vc 1 1 1 1
vc 1 1 1 1
vc 1 1 1 1
vc 1 1 1 1
vc 1 1 1 1
vc 1 1 1 1
vc 1 1 1 1
vc 1 1 1 1
vc 1 1 1 1
vc 1 1 1 1
vc 1 1 1 1
vc 1 1 1 1
vc 1 1 1 1
vc 1 1 1 1
vc 1 1 1 1
vc 1 1 1 1
vc 1 1 1 1
vc 1 1 1 1
vc 1 1 1 1
vc 1 1 1 1
vc 1 1 1 1
vc 1 1 1 1
vc 1 1 1 1
vc 1 1 1 1
vc 1 1 1 1
vc 1 1 1 1
vc 1 1 1 1
vc 1 1 1 1
vc 1 1 1 1
vc 1 1 1 1
vc 1 1 1 1
vc 1 1 1 1
vc 1 1 1 1
vc 1 1 1 1
vc 1 1 1 1
vc 1 1 1 1
vc 1 1 1 1
vc 1 1 1 1
vc 1 1 1 1
vc 1 1 1 1
vc 1 1 1 1
vc 1 1 1 1
vc 1 1 1 1
vc 1 1 1 1
vc 1 1 1 1
vc 1 1 1 1
vc 1 1 1 1
vc 1 1 1 1
vc 1 1 1 1
vc 1 1 1 1
vc 1 1 1 1
vc 1 1 1 1
vc 1 1 1 1
vc 1 1 1 1
vc 1 1 1 1
vc 1 1 1 1
vc 1 1 1 1
vc 1 1 1 1
vc 1 1 1 1
vc 1 1 1 1
vc 1 1 1 1
vc 1 1 1 1
vc 1 1 1 1
vc 1 1 1 1
vc 1 1 1 1
vc 1 1 1 1
vc 1 1 1 1
vc 1 1 1 1
vc 1 1 1 1
vc 1 1 1 1
vc 1 1 1 1
vc 1 1 1 1
vc 1 1 1 1
vc 1 1 1 1
vc 1 1 1 1
vc 1 1 1 1
vc 1 1 1 1
vc 1 1 1 1
vc 1 1 1 1
vc 1 1 1 1
vc 1 1 1 1
vc 1 1 1 1
vc 1 1 1 1
vc 1 1 1 1
vc 1 1 1 1
vc 1 1 1 1
vc 1 1 1 1
vc 1 1 1 1
vc 1 1 1 1
vc 1 1 1 1
vc 1 1 1 1
vc 1 1 1 1
vc 1 1 1 1
vc 1 1 1 1
vc 1 1 1 1
vc 1 1 1 1
vc 1 1 1 1
vc 1 1 1 1
vc 1 1 1 1
vc 1 1 1 1
vc 1 1 1 1
vc 1 1 1 1
vc 1 1 1 1
vc 1 1 1 1
vc 1 1 1 1
vc 1 1 1 1
vc 1 1 1 1
vc 1 1 1 1
vc 1 1 1 1
vc 1 1 1 1
vc 1 1 1 1
vc 1 1 1 1
vc 1 1 1 1
vc 1 1 1 1
vc 1 1 1 1
vc 1 1 1 1
vc 1 1 1 1
vc 1 1 1 1
vc 1 1 1 1
vc 1 1 1 1
vc 1 1 1 1
vc 1 1 1 1
vc 1 1 1 1
vc 1 1 1 1
vc 1 1 1 1
vc 1 1 1 1
vc 1 1 1 1
vc 1 1 1 1
vc 1 1 1 1
vc 1 1 1 1
vc 1 1 1 1
vc 1 1 1 1
vc 1 1 1 1
vc 1 1 1 1
vc 1 1 1 1
vc 1 1 1 1
vc 1 1 1 1
vc 1 1 1 1
vc 1 1 1 1
vc 1 1 1 1
vc 1 1 1 1
vc 1 1 1 1
vc 1 1 1 1
vc 1 1 1 1
vc 1 1 1 1
vc 1 1 1 1
vc 1 1 1 1
vc 1 1 1 1
vc 1 1 1 1
vc 1 1 1 1
vc 1 1 1 1
vc 1 1 1 1
vc 1 1 1 1
vc 1 1 1 1
vc 1 1 1 1
vc 1 1 1 1
vc 1 1 1 1
vc 1 1 1 1
vc 1 1 1 1
vc 1 1 1 1
vc 1 1 1 1
vc 1 1 1 1
vc 1 1 1 1
vc 1 1 1 1
vc 1 1 1 1
vc 1 1 1 1
vc 1 1 1 1
vc 1 1 1 1
vc 1 1 1 1
vc 1 1 1 1
vc 1 1 1 1
vc 1 1 1 1
vc 1 1 1 1
vc 1 1 1 1
vc 1 1 1 1
vc 1 1 1 1
vc 1 1 1 1
vc 1 1 1 1
vc 1 1 1 1
vc 1 1 1 1
vc 1 1 1 1
vc 1 1 1 1
vc 1 1 1 1
vc 1 1 1 1
vc 1 1 1 1
vc 1 1 1 1
vc 1 1 1 1
vc 1 1 1 1
vc 1 1 1 1
vc 1 1 1 1
vc 1 1 1 1
vc 1 1 1 1
vc 1 1 1 1
vc 1 1 1 1
vc 1 1 1 1
vc 1 1 1 1
vc 1 1 1 1
vc 1 1 1 1
vc 1 1 1 1
vc 1 1 1 1
vc 1 1 1 1
vc 1 1 1 1
vc 1 1 1 1
vc 1 1 1 1
vc 1 1 1 1
vc 1 1 1 1
vc 1 1 1 1
vc 1 1 1 1
vc 1 1 1 1
vc 1 1 1 1
vc 1 1 1 1
vc 1 1 1 1
vc 1 1 1 1
vc 1 1 1 1
vc 1 1 1 1
vc 1 1 1 1
vc 1 1 1 1
vc 1 1 1 1
vc 1 1 1 1
vc 1 1 1 1
vc 1 1 1 1
vc 1 1 1 1
vc 1 1 1 1
vc 1 1 1 1
vc 1 1 1 1
vc 1 1 1 1
vc 1 1 1 1
vc 1 1 1 1
vc 1 1 1 1
vc 1 1 1 1
vc 1 1 1 1
vc 1 1 1 1
vc 1 1 1 1
vc 1 1 1 1
vc 1 1 1 1
vc 1 1 1 1
vc 1 1 1 1
vc 1 1 1 1
vc 1 1 1 1
vc 1 1 1 1
vc 1 1 1 1
vc 1 1 1 1
vc 1 1 1 1
vc 1 1 1 1
vc 1 1 1 1
vc 1 1 1 1
vc 1 1 1 1
vc 1 1 1 1
vc 1 1 1 1
vc 1 1 1 1
vc 1 1 1 1
vc 1 1 1 1
vc 1 1 1 1
vc 1 1 1 1
vc 1 1 1 1
vc 1 1 1 1
vc 1 1 1 1
vc 1 1 1 1
vc 1 1 1 1
vc 1 1 1 1
vc 1 1 1 1
vc 1 1 1 1
vc 1 1 1 1
vc 1 1 1 1
vc 1 1 1 1
vc 1 1 1 1
vc 1 1 1 1
vc 1 1 1 1
vc 1 1 1 1
vc 1 1 1 1
vc 1 1 1 1
vc 1 1 1 1
vc 1 1 1 1
vc 1 1 1 1
vc 1 1 1 1
vc 1 1 1 1
vc 1 1 1 1
vc 1 1 1 1
vc 1 1 1 1
vc 1 1 1 1
vc 1 1 1 1
vc 1 1 1 1
vc 1 1 1 1
vc 1 1 1 1
vc 1 1 1 1
vc 1 1 1 1
vc 1 1 1 1
vc 1 1 1 1
vc 1 1 1 1
vc 1 1 1 1
vc 1 1 1 1
vc 1 1 1 1
vc 1 1 1 1
vc 1 1 1 1
vc 1 1 1 1
vc 1 1 1 1
vc 1 1 1 1
vc 1 1 1 1
vc 1 1 1 1
vc 1 1 1 1
vc 1 1 1 1
vc 1 1 1 1
vc 1 1 1 1
vc 1 1 1 1
vc 1 1 1 1
vc 1 1 1 1
vc 1 1 1 1
vc 1 1 1 1
vc 1 1 1 1
vc 1 1 1 1
vc 1 1 1 1
vc 1 1 1 1
vc 1 1 1 1
vc 1 1 1 1
vc 1 1 1 1
vc 1 1 1 1
vc 1 1 1 1
vc 1 1 1 1
vc 1 1 1 1
vc 1 1 1 1
vc 1 1 1 1
vc 1 1 1 1
vc 1 1 1 1
vc 1 1 1 1
vc 1 1 1 1
vc 1 1 1 1
vc 1 1 1 1
vc 1 1 1 1
vc 1 1 1 1
vc 1 1 1 1
vc 1 1 1 1
vc 1 1 1 1
vc 1 1 1 1
vc 1 1 1 1
vc 1 1 1 1
vc 1 1 1 1
vc 1 1 1 1
vc 1 1 1 1
vc 1 1 1 1
vc 1 1 1 1
vc 1 1 1 1
vc 1 1 1 1
vc 1 1 1 1
vc 1 1 1 1
vc 1 1 1 1
vc 1 1 1 1
vc 1 1 1 1
vc 1 1 1 1
vc 1 1 1 1
vc 1 1 1 1
vc 1 1 1 1
vc 1 1 1 1
vc 1 1 1 1
vc 1 1 1 1
vc 1 1 1 1
vc 1 1 1 1
vc 1 1 1 1
vc 1 1 1 1
vc 1 1 1 1
vc 1 1 1 1
vc 1 1 1 1
vc 1 1 1 1
vc 1 1 1 1
vc 1 1 1 1
vc 1 1 1 1
vc 1 1 1 1
vc 1 1 1 1
vc 1 1 1 1
vc 1 1 1 1
vc 1 1 1 1
vc 1 1 1 1
vc 1 1 1 1
vc 1 1 1 1
vc 1 1 1 1
vc 1 1 1 1
vc 1 1 1 1
vc 1 1 1 1
vc 1 1 1 1
vc 1 1 1 1
vc 1 1 1 1
vc 1 1 1 1
vc 1 1 1 1
vc 1 1 1 1
vc 1 1 1 1
vc 1 1 1 1
vc 1 1 1 1
vc 1 1 1 1
vc 1 1 1 1
vc 1 1 1 1
vc 1 1 1 1
vc 1 1 1 1
vc 1 1 1 1
vc 1 1 1 1
vc 1 1 1 1
vc 1 1 1 1
vc 1 1 1 1
vc 1 1 1 1
vc 1 1 1 1
vc 1 1 1 1
vc 1 1 1 1
vc 1 1 1 1
vc 1 1 1 1
vc 1 1 1 1
vc 1 1 1 1
vc 1 1 1 1
vc 1 1 1 1
vc 1 1 1 1
vc 1 1 1 1
vc 1 1 1 1
vc 1 1 1 1
vc 1 1 1 1
vc 1 1 1 1
vc 1 1 1 1
vc 1 1 1 1
vc 1 1 1 1
vc 1 1 1 1
vc 1 1 1 1
vc 1 1 1 1
vc 1 1 1 1
vc 1 1 1 1
vc 1 1 1 1
vc 1 1 1 1
vc 1 1 1 1
vc 1 1 1 1
vc 1 1 1 1
vc 1 1 1 1
vc 1 1 1 1
vc 1 1 1 1
vc 1 1 1 1
vc 1 1 1 1
vc 1 1 1 1
vc 1 1 1 1
vc 1 1 1 1
vc 1 1 1 1
vc 1 1 1 1
vc 1 1 1 1
vc 1 1 1 1
vc 1 1 1 1
vc 1 1 1 1
vc 1 1 1 1
vc 1 1 1 1
vc 1 1 1 1
vc 1 1 1 1
vc 1 1 1 1
vc 1 1 1 1
vc 1 1 1 1
vc 1 1 1 1
vc 1 1 1 1
vc 1 1 1 1
vc 1 1 1 1
vc 1 1 1 1
vc 1 1 1 1
vc 1 1 1 1
vc 1 1 1 1
vc 1 1 1 1
vc 1 1 1 1
vc 1 1 1 1
vc 1 1 1 1
vc 1 1 1 1
vc 1 1 1 1
vc 1 1 1 1
vc 1 1 1 1
vc 1 1 1 1
vc 1 1 1 1
vc 1 1 1 1
vc 1 1 1 1
vc 1 1 1 1
vc 1 1 1 1
vc 1 1 1 1
vc 1 1 1 1
vc 1 1 1 1
vc 1 1 1 1
vc 1 1 1 1
vc 1 1 1 1
vc 1 1 1 1
vc 1 1 1 1
vc 1 1 1 1
vc 1 1 1 1
vc 1 1 1 1
vc 1 1 1 1
vc 1 1 1 1
vc 1 1 1 1
vc 1 1 1 1
vc 1 1 1 1
vc 1 1 1 1
vc 1 1 1 1
vc 1 1 1 1
vc 1 1 1 1
vc 1 1 1 1
vc 1 1 1 1
vc 1 1 1 1
vc 1 1 1 1
vc 1 1 1 1
vc 1 1 1 1
vc 1 1 1 1
vc 1 1 1 1
vc 1 1 1 1
vc 1 1 1 1
vc 1 1 1 1
vc 1 1 1 1
vc 1 1 1 1
vc 1 1 1 1
vc 1 1 1 1
vc 1 1 1 1
vc 1 1 1 1
vc 1 1 1 1
vc 1 1 1 1
vc 1 1 1 1
vc 1 1 1 1
vc 1 1 1 1
vc 1 1 1 1
vc 1 1 1 1
vc 1 1 1 1
vc 1 1 1 1
vc 1 1 1 1
vc 1 1 1 1
vc 1 1 1 1
vc 1 1 1 1
vc 1 1 1 1
vc 1 1 1 1
vc 1 1 1 1
vc 1 1 1 1
vc 1 1 1 1
vc 1 1 1 1
vc 1 1 1 1
vc 1 1 1 1
vc 1 1 1 1
vc 1 1 1 1
vc 1 1 1 1
vc 1 1 1 1
vc 1 1 1 1
vc 1 1 1 1
vc 1 1 1 1
vc 1 1 1 1
vc 1 1 1 1
vc 1 1 1 1
vc 1 1 1 1
vc 1 1 1 1
vc 1 1 1 1
vc 1 1 1 1
vc 1 1 1 1
vc 1 1 1 1
vc 1 1 1 1
vc 1 1 1 1
vc 1 1 1 1
vc 1 1 1 1
vc 1 1 1 1
vc 1 1 1 1
vc 1 1 1 1
vc 1 1 1 1
vc 1 1 1 1
vc 1 1 1 1
vc 1 1 1 1
vc 1 1 1 1
vc 1 1 1 1
vc 1 1 1 1
vc 1 1 1 1
vc 1 1 1 1
vc 1 1 1 1
vc 1 1 1 1
vc 1 1 1 1
vc 1 1 1 1
vc 1 1 1 1
vc 1 1 1 1
vc 1 1 1 1
vc 1 1 1 1
vc 1 1 1 1
vc 1 1 1 1
vc 1 1 1 1
vc 1 1 1 1
vc 1 1 1 1
vc 1 1 1 1
vc 1 1 1 1
vc 1 1 1 1
vc 1 1 1 1
vc 1 1 1 1
vc 1 1 1 1
vc 1 1 1 1
vc 1 1 1 1
vc 1 1 1 1
vc 1 1 1 1
vc 1 1 1 1
vc 1 1 1 1
vc 1 1 1 1
vc 1 1 1 1
vc 1 1 1 1
vc 1 1 1 1
vc 1 1 1 1
vc 1 1 1 1
vc 1 1 1 1
vc 1 1 1 1
vc 1 1 1 1
vc 1 1 1 1
vc 1 1 1 1
vc 1 1 1 1
vc 1 1 1 1
vc 1 1 1 1
vc 1 1 1 1
vc 1 1 1 1
vc 1 1 1 1
vc 1 1 1 1
vc 1 1 1 1
vc 1 1 1 1
vc 1 1 1 1
vc 1 1 1 1
vc 1 1 1 1
vc 1 1 1 1
vc 1 1 1 1
vc 1 1 1 1
vc 1 1 1 1
vc 1 1 1 1
vc 1 1 1 1
vc 1 1 1 1
vc 1 1 1 1
vc 1 1 1 1
vc 1 1 1 1
vc 1 1 1 1
vc 1 1 1 1
vc 1 1 1 1
vc 1 1 1 1
vc 1 1 1 1
vc 1 1 1 1
vc 1 1 1 1
vc 1 1 1 1
vc 1 1 1 1
vc 1 1 1 1
vc 1 1 1 1
vc 1 1 1 1
vc 1 1 1 1
vc 1 1 1 1
vc 1 1 1 1
vc 1 1 1 1
vc 1 1 1 1
vc 1 1 1 1
vc 1 1 1 1
vc 1 1 1 1
vc 1 1 1 1
vc 1 1 1 1
vc 1 1 1 1
vc 1 1 1 1
vc 1 1 1 1
vc 1 1 1 1
vc 1 1 1 1
vc 1 1 1 1
vc 1 1 1 1
vc 1 1 1 1
vc 1 1 1 1
vc 1 1 1 1
vc 1 1 1 1
vc 1 1 1 1
vc 1 1 1 1
vc 1 1 1 1
vc 1 1 1 1
vc 1 1 1 1
vc 1 1 1 1
vc 1 1 1 1
vc 1 1 1 1
vc 1 1 1 1
vc 1 1 1 1
vc 1 1 1 1
vc 1 1 1 1
vc 1 1 1 1
vc 1 1 1 1
vc 1 1 1 1
vc 1 1 1 1
vc 1 1 1 1
vc 1 1 1 1
vc 1 1 1 1
vc 1 1 1 1
vc 1 1 1 1
vc 1 1 1 1
vc 1 1 1 1
vc 1 1 1 1
vc 1 1 1 1
vc 1 1 1 1
vc 1 1 1 1
vc 1 1 1 1
vc 1 1 1 1
vc 1 1 1 1
vc 1 1 1 1
vc 1 1 1 1
vc 1 1 1 1
vc 1 1 1 1
vc 1 1 1 1
vc 1 1 1 1
vc 1 1 1 1
vc 1 1 1 1
vc 1 1 1 1
vc 1 1 1 1
vc 1 1 1 1
vc 1 1 1 1
vc 1 1 1 1
vc 1 1 1 1
vc 1 1 1 1
vc 1 1 1 1
vc 1 1 1 1
vc 1 1 1 1
vc 1 1 1 1
vc 1 1 1 1
vc 1 1 1 1
vc 1 1 1 1
vc 1 1 1 1
vc 1 1 1 1
vc 1 1 1 1
vc 1 1 1 1
vc 1 1 1 1
vc 1 1 1 1
vc 1 1 1 1
vc 1 1 1 1
vc 1 1 1 1
vc 1 1 1 1
vc 1 1 1 1
vc 1 1 1 1
vc 1 1 1 1
vc 1 1 1 1
vc 1 1 1 1
vc 1 1 1 1
vc 1 1 1 1
vc 1 1 1 1
vc 1 1 1 1
vc 1 1 1 1
vc 1 1 1 1
vc 1 1 1 1
vc 1 1 1 1
vc 1 1 1 1
vc 1 1 1 1
vc 1 1 1 1
vc 1 1 1 1
vc 1 1 1 1
vc 1 1 1 1
vc 1 1 1 1
vc 1 1 1 1
vc 1 1 1 1
vc 1 1 1 1
vc 1 1 1 1
vc 1 1 1 1
vc 1 1 1 1
vc 1 1 1 1
vc 1 1 1 1
vc 1 1 1 1
vc 1 1 1 1
vc 1 1 1 1
vc 1 1 1 1
vc 1 1 1 1
vc 1 1 1 1
vc 1 1 1 1
vc 1 1 1 1
vc 1 1 1 1
vc 1 1 1 1
vc 1 1 1 1
vc 1 1 1 1
vc 1 1 1 1
vc 1 1 1 1
vc 1 1 1 1
vc 1 1 1 1
vc 1 1 1 1
vc 1 1 1 1
vc 1 1 1 1
vc 1 1 1 1
vc 1 1 1 1
vc 1 1 1 1
vc 1 1 1 1
vc 1 1 1 1
vc 1 1 1 1
vc 1 1 1 1
vc 1 1 1 1
vc 1 1 1 1
vc 1 1 1 1
vc 1 1 1 1
vc 1 1 1 1
vc 1 1 1 1
vc 1 1 1 1
vc 1 1 1 1
vc 1 1 1 1
vc 1 1 1 1
vc 1 1 1 1
vc 1 1 1 1
vc 1 1 1 1
vc 1 1 1 1
vc 1 1 1 1
vc 1 1 1 1
vc 1 1 1 1
vc 1 1 1 1
vc 1 1 1 1
vc 1 1 1 1
vc 1 1 1 1
vc 1 1 1 1
vc 1 1 1 1
vc 1 1 1 1
vc 1 1 1 1
vc 1 1 1 1
vc 1 1 1 1
vc 1 1 1 1
vc 1 1 1 1
vc 1 1 1 1
vc 1 1 1 1
vc 1 1 1 1
vc 1 1 1 1
vc 1 1 1 1
vc 1 1 1 1
vc 1 1 1 1
vc 1 1 1 1
vc 1 1 1 1
vc 1 1 1 1
vc 1 1 1 1
vc 1 1 1 1
vc 1 1 1 1
vc 1 1 1 1
vc 1 1 1 1
vc 1 1 1 1
vc 1 1 1 1
vc 1 1 1 1
vc 1 1 1 1
vc 1 1 1 1
vc 1 1 1 1
vc 1 1 1 1
vc 1 1 1 1
vc 1 1 1 1
vc 1 1 1 1
vc 1 1 1 1
vc 1 1 1 1
vc 1 1 1 1
vc 1 1 1 1
vc 1 1 1 1
vc 1 1 1 1
vc 1 1 1 1
vc 1 1 1 1
vc 1 1 1 1
vc 1 1 1 1
vc 1 1 1 1
vc 1 1 1 1
vc 1 1 1 1
vc 1 1 1 1
vc 1 1 1 1
vc 1 1 1 1
vc 1 1 1 1
vc 1 1 1 1
vc 1 1 1 1
vc 1 1 1 1
vc 1 1 1 1
vc 1 1 1 1
vc 1 1 1 1
vc 1 1 1 1
vc 1 1 1 1
vc 1 1 1 1
vc 1 1 1 1
vc 1 1 1 1
vc 1 1 1 1
vc 1 1 1 1
vc 1 1 1 1
vc 1 1 1 1
vc 1 1 1 1
vc 1 1 1 1
vc 1 1 1 1
vc 1 1 1 1
vc 1 1 1 1
vc 1 1 1 1
vc 1 1 1 1
vc 1 1 1 1
vc 1 1 1 1
vc 1 1 1 1
vc 1 1 1 1
vc 1 1 1 1
vc 1 1 1 1
vc 1 1 1 1
vc 1 1 1 1
vc 1 1 1 1
vc 1 1 1 1
vc 1 1 1 1
vc 1 1 1 1
vc 1 1 1 1
vc 1 1 1 1
vc 1 1 1 1
vc 1 1 1 1
vc 1 1 1 1
vc 1 1 1 1
vc 1 1 1 1
vc 1 1 1 1
vc 1 1 1 1
vc 1 1 1 1
vc 1 1 1 1
vc 1 1 1 1
vc 1 1 1 1
vc 1 1 1 1
vc 1 1 1 1
vc 1 1 1 1
vc 1 1 1 1
vc 1 1 1 1
vc 1 1 1 1
vc 1 1 1 1
vc 1 1 1 1
vc 1 1 1 1
vc 1 1 1 1
vc 1 1 1 1
vc 1 1 1 1
vc 1 1 1 1
vc 1 1 1 1
vc 1 1 1 1
vc 1 1 1 1
vc 1 1 1 1
vc 1 1 1 1
vc 1 1 1 1
vc 1 1 1 1
vc 1 1 1 1
vc 1 1 1 1
vc 1 1 1 1
vc 1 1 1 1
vc 1 1 1 1
vc 1 1 1 1
vc 1 1 1 1
vc 1 1 1 1
vc 1 1 1 1
vc 1 1 1 1
vc 1 1 1 1
vc 1 1 1 1
vc 1 1 1 1
vc 1 1 1 1
vc 1 1 1 1
vc 1 1 1 1
vc 1 1 1 1
vc 1 1 1 1
vc 1 1 1 1
vc 1 1 1 1
vc 1 1 1 1
vc 1 1 1 1
vc 1 1 1 1
vc 1 1 1 1
vc 1 1 1 1
vc 1 1 1 1
vc 1 1 1 1
vc 1 1 1 1
vc 1 1 1 1
vc 1 1 1 1
vc 1 1 1 1
vc 1 1 1 1
vc 1 1 1 1
vc 1 1 1 1
vc 1 1 1 1
vc 1 1 1 1
vc 1 1 1 1
vc 1 1 1 1
vc 1 1 1 1
vc 1 1 1 1
vc 1 1 1 1
vc 1 1 1 1
vc 1 1 1 1
vc 1 1 1 1
vc 1 1 1 1
vc 1 1 1 1
vc 1 1 1 1
vc 1 1 1 1
vc 1 1 1 1
vc 1 1 1 1
vc 1 1 1 1
vc 1 1 1 1
vc 1 1 1 1
vc 1 1 1 1
vc 1 1 1 1
vc 1 1 1 1
vc 1 1 1 1
vc 1 1 1 1
vc 1 1 1 1
vc 1 1 1 1
vc 1 1 1 1
vc 1 1 1 1
vc 1 1 1 1
vc 1 1 1 1
vc 1 1 1 1
vc 1 1 1 1
vc 1 1 1 1
vc 1 1 1 1
vc 1 1 1 1
vc 1 1 1 1
vc 1 1 1 1
vc 1 1 1 1
vc 1 1 1 1
vc 1 1 1 1
vc 1 1 1 1
vc 1 1 1 1
vc 1 1 1 1
vc 1 1 1 1
vc 1 1 1 1
vc 1 1 1 1
vc 1 1 1 1
vc 1 1 1 1
vc 1 1 1 1
vc 1 1 1 1
vc 1 1 1 1
vc 1 1 1 1
vc 1 1 1 1
vc 1 1 1 1
vc 1 1 1 1
vc 1 1 1 1
vc 1 1 1 1
vc 1 1 1 1
vc 1 1 1 1
vc 1 1 1 1
vc 1 1 1 1
vc 1 1 1 1
vc 1 1 1 1
vc 1 1 1 1
vc 1 1 1 1
vc 1 1 1 1
vc 1 1 1 1
vc 1 1 1 1
vc 1 1 1 1
vc 1 1 1 1
vc 1 1 1 1
vc 1 1 1 1
vc 1 1 1 1
vc 1 1 1 1
vc 1 1 1 1
vc 1 1 1 1
vc 1 1 1 1
vc 1 1 1 1
vc 1 1 1 1
vc 1 1 1 1
vc 1 1 1 1
vc 1 1 1 1
vc 1 1 1 1
vc 1 1 1 1
vc 1 1 1 1
vc 1 1 1 1
vc 1 1 1 1
vc 1 1 1 1
vc 1 1 1 1
vc 1 1 1 1
vc 1 1 1 1
vc 1 1 1 1
vc 1 1 1 1
vc 1 1 1 1
vc 1 1 1 1
vc 1 1 1 1
vc 1 1 1 1
vc 1 1 1 1
vc 1 1 1 1
vc 1 1 1 1
vc 1 1 1 1
vc 1 1 1 1
vc 1 1 1 1
vc 1 1 1 1
vc 1 1 1 1
vc 1 1 1 1
vc 1 1 1 1
vc 1 1 1 1
vc 1 1 1 1
vc 1 1 1 1
vc 1 1 1 1
vc 1 1 1 1
vc 1 1 1 1
vc 1 1 1 1
vc 1 1 1 1
vc 1 1 1 1
vc 1 1 1 1
vc 1 1 1 1
vc 1 1 1 1
vc 1 1 1 1
vc 1 1 1 1
vc 1 1 1 1
vc 1 1 1 1
vc 1 1 1 1
vc 1 1 1 1
vc 1 1 1 1
vc 1 1 1 1
vc 1 1 1 1
vc 1 1 1 1
vc 1 1 1 1
vc 1 1 1 1
vc 1 1 1 1
vc 1 1 1 1
vc 1 1 1 1
vc 1 1 1 1
vc 1 1 1 1
vc 1 1 1 1
vc 1 1 1 1
vc 1 1 1 1
vc 1 1 1 1
vc 1 1 1 1
vc 1 1 1 1
vc 1 1 1 1
vc 1 1 1 1
vc 1 1 1 1
vc 1 1 1 1
vc 1 1 1 1
vc 1 1 1 1
vc 1 1 1 1
vc 1 1 1 1
vc 1 1 1 1
vc 1 1 1 1
vc 1 1 1 1
vc 1 1 1 1
vc 1 1 1 1
vc 1 1 1 1
vc 1 1 1 1
vc 1 1 1 1
vc 1 1 1 1
vc 1 1 1 1
vc 1 1 1 1
vc 1 1 1 1
vc 1 1 1 1
vc 1 1 1 1
vc 1 1 1 1
vc 1 1 1 1
vc 1 1 1 1
vc 1 1 1 1
vc 1 1 1 1
vc 1 1 1 1
vc 1 1 1 1
vc 1 1 1 1
vc 1 1 1 1
vc 1 1 1 1
vc 1 1 1 1
vc 1 1 1 1
vc 1 1 1 1
vc 1 1 1 1
vc 1 1 1 1
vc 1 1 1 1
vc 1 1 1 1
vc 1 1 1 1
vc 1 1 1 1
vc 1 1 1 1
vc 1 1 1 1
vc 1 1 1 1
vc 1 1 1 1
vc 1 1 1 1
vc 1 1 1 1
vc 1 1 1 1
vc 1 1 1 1
vc 1 1 1 1
vc 1 1 1 1
vc 1 1 1 1
vc 1 1 1 1
vc 1 1 1 1
vc 1 1 1 1
vc 1 1 1 1
vc 1 1 1 1
vc 1 1 1 1
vc 1 1 1 1
vc 1 1 1 1
vc 1 1 1 1
vc 1 1 1 1
vc 1 1 1 1
vc 1 1 1 1
vc 1 1 1 1
vc 1 1 1 1
vc 1 1 1 1
vc 1 1 1 1
vc 1 1 1 1
vc 1 1 1 1
vc 1 1 1 1
vc 1 1 1 1
vc 1 1 1 1
vc 1 1 1 1
vc 1 1 1 1
vc 1 1 1 1
vc 1 1 1 1
vc 1 1 1 1
vc 1 1 1 1
vc 1 1 1 1
vc 1 1 1 1
vc 1 1 1 1
vc 1 1 1 1
vc 1 1 1 1
vc 1 1 1 1
vc 1 1 1 1
vc 1 1 1 1
vc 1 1 1 1
vc 1 1 1 1
vc 1 1 1 1
vc 1 1 1 1
vc 1 1 1 1
vc 1 1 1 1
vc 1 1 1 1
vc 1 1 1 1
vc 1 1 1 1
vc 1 1 1 1
vc 1 1 1 1
vc 1 1 1 1
vc 1 1 1 1
vc 1 1 1 1
vc 1 1 1 1
vc 1 1 1 1
vc 1 1 1 1
vc 1 1 1 1
vc 1 1 1 1
vc 1 1 1 1
vc 1 1 1 1
vc 1 1 1 1
vc 1 1 1 1
vc 1 1 1 1
vc 1 1 1 1
vc 1 1 1 1
vc 1 1 1 1
vc 1 1 1 1
vc 1 1 1 1
vc 1 1 1 1
vc 1 1 1 1
vc 1 1 1 1
vc 1 1 1 1
vc 1 1 1 1
vc 1 1 1 1
vc 1 1 1 1
vc 1 1 1 1
vc 1 1 1 1
vc 1 1 1 1
vc 1 1 1 1
vc 1 1 1 1
vc 1 1 1 1
vc 1 1 1 1
vc 1 1 1 1
vc 1 1 1 1
vc 1 1 1 1
vc 1 1 1 1
vc 1 1 1 1
vc 1 1 1 1
vc 1 1 1 1
vc 1 1 1 1
vc 1 1 1 1
vc 1 1 1 1
vc 1 1 1 1
vc 1 1 1 1
vc 1 1 1 1
vc 1 1 1 1
vc 1 1 1 1
vc 1 1 1 1
vc 1 1 1 1
vc 1 1 1 1
vc 1 1 1 1
vc 1 1 1 1
vc 1 1 1 1
vc 1 1 1 1
vc 1 1 1 1
vc 1 1 1 1
vc 1 1 1 1
vc 1 1 1 1
vc 1 1 1 1
vc 1 1 1 1
vc 1 1 1 1
vc 1 1 1 1
vc 1 1 1 1
vc 1 1 1 1
vc 1 1 1 1
vc 1 1 1 1
vc 1 1 1 1
vc 1 1 1 1
vc 1 1 1 1
vc 1 1 1 1
vc 1 1 1 1
vc 1 1 1 1
vc 1 1 1 1
vc 1 1 1 1
vc 1 1 1 1
vc 1 1 1 1
vc 1 1 1 1
vc 1 1 1 1
vc 1 1 1 1
vc 1 1 1 1
vc 1 1 1 1
vc 1 1 1 1
vc 1 1 1 1
vc 1 1 1 1
vc 1 1 1 1
vc 1 1 1 1
vc 1 1 1 1
vc 1 1 1 1
vc 1 1 1 1
vc 1 1 1 1
vc 1 1 1 1
vc 1 1 1 1
vc 1 1 1 1
vc 1 1 1 1
vc 1 1 1 1
vc 1 1 1 1
vc 1 1 1 1
vc 1 1 1 1
vc 1 1 1 1
vc 1 1 1 1
vc 1 1 1 1
vc 1 1 1 1
vc 1 1 1 1
vc 1 1 1 1
vc 1 1 1 1
vc 1 1 1 1
vc 1 1 1 1
vc 1 1 1 1
vc 1 1 1 1
vc 1 1 1 1
vc 1 1 1 1
vc 1 1 1 1
vc 1 1 1 1
vc 1 1 1 1
vc 1 1 1 1
vc 1 1 1 1
vc 1 1 1 1
vc 1 1 1 1
vc 1 1 1 1
vc 1 1 1 1
vc 1 1 1 1
vc 1 1 1 1
vc 1 1 1 1
vc 1 1 1 1
vc 1 1 1 1
vc 1 1 1 1
vc 1 1 1 1
vc 1 1 1 1
vc 1 1 1 1
vc 1 1 1 1
vc 1 1 1 1
vc 1 1 1 1
vc 1 1 1 1
vc 1 1 1 1
vc 1 1 1 1
vc 1 1 1 1
vc 1 1 1 1
vc 1 1 1 1
vc 1 1 1 1
vc 1 1 1 1
vc 1 1 1 1
vc 1 1 1 1
vc 1 1 1 1
vc 1 1 1 1
vc 1 1 1 1
vc 1 1 1 1
vc 1 1 1 1
vc 1 1 1 1
vc 1 1 1 1
vc 1 1 1 1
vc 1 1 1 1
vc 1 1 1 1
vc 1 1 1 1
vc 1 1 1 1
vc 1 1 1 1
vc 1 1 1 1
vc 1 1 1 1
vc 1 1 1 1
vc 1 1 1 1
vc 1 1 1 1
vc 1 1 1 1
vc 1 1 1 1
vc 1 1 1 1
vc 1 1 1 1
vc 1 1 1 1
vc 1 1 1 1
vc 1 1 1 1
vc 1 1 1 1
vc 1 1 1 1
vc 1 1 1 1
vc 1 1 1 1
vc 1 1 1 1
vc 1 1 1 1
vc 1 1 1 1
vc 1 1 1 1
vc 1 1 1 1
vc 1 1 1 1
vc 1 1 1 1
vc 1 1 1 1
vc 1 1 1 1
vc 1 1 1 1
vc 1 1 1 1
vc 1 1 1 1
vc 1 1 1 1
vc 1 1 1 1
vc 1 1 1 1
vc 1 1 1 1
vc 1 1 1 1
vc 1 1 1 1
vc 1 1 1 1
vc 1 1 1 1
vc 1 1 1 1
vc 1 1 1 1
vc 1 1 1 1
vc 1 1 1 1
vc 1 1 1 1
vc 1 1 1 1
vc 1 1 1 1
vc 1 1 1 1
vc 1 1 1 1
vc 1 1 1 1
vc 1 1 1 1
vc 1 1 1 1
vc 1 1 1 1
vc 1 1 1 1
vc 1 1 1 1
vc 1 1 1 1
vc 1 1 1 1
vc 1 1 1 1
vc 1 1 1 1
vc 1 1 1 1
vc 1 1 1 1
vc 1 1 1 1
vc 1 1 1 1
vc 1 1 1 1
vc 1 1 1 1
vc 1 1 1 1
vc 1 1 1 1
vc 1 1 1 1
vc 1 1 1 1
vc 1 1 1 1
vc 1 1 1 1
vc 1 1 1 1
vc 1 1 1 1
vc 1 1 1 1
vc 1 1 1 1
vc 1 1 1 1
vc 1 1 1 1
vc 1 1 1 1
vc 1 1 1 1
vc 1 1 1 1
vc 1 1 1 1
vc 1 1 1 1
vc 1 1 1 1
vc 1 1 1 1
vc 1 1 1 1
vc 1 1 1 1
vc 1 1 1 1
vc 1 1 1 1
vc 1 1 1 1
vc 1 1 1 1
vc 1 1 1 1
vc 1 1 1 1
vc 1 1 1 1
vc 1 1 1 1
vc 1 1 1 1
vc 1 1 1 1
vc 1 1 1 1
vc 1 1 1 1
vc 1 1 1 1
vc 1 1 1 1
vc 1 1 1 1
vc 1 1 1 1
vc 1 1 1 1
vc 1 1 1 1
vc 1 1 1 1
vc 1 1 1 1
vc 1 1 1 1
vc 1 1 1 1
vc 1 1 1 1
vc 1 1 1 1
vc 1 1 1 1
vc 1 1 1 1
vc 1 1 1 1
vc 1 1 1 1
vc 1 1 1 1
vc 1 1 1 1
vc 1 1 1 1
vc 1 1 1 1
vc 1 1 1 1
vc 1 1 1 1
vc 1 1 1 1
vc 1 1 1 1
vc 1 1 1 1
vc 1 1 1 1
vc 1 1 1 1
vc 1 1 1 1
vc 1 1 1 1
vc 1 1 1 1
vc 1 1 1 1
vc 1 1 1 1
vc 1 1 1 1
vc 1 1 1 1
vc 1 1 1 1
vc 1 1 1 1
vc 1 1 1 1
vc 1 1 1 1
vc 1 1 1 1
vc 1 1 1 1
vc 1 1 1 1
vc 1 1 1 1
vc 1 1 1 1
vc 1 1 1 1
vc 1 1 1 1
vc 1 1 1 1
vc 1 1 1 1
vc 1 1 1 1
vc 1 1 1 1
vc 1 1 1 1
vc 1 1 1 1
vc 1 1 1 1
vc 1 1 1 1
vc 1 1 1 1
vc 1 1 1 1
vc 1 1 1 1
vc 1 1 1 1
vc 1 1 1 1
vc 1 1 1 1
vc 1 1 1 1
vc 1 1 1 1
vc 1 1 1 1
vc 1 1 1 1
vc 1 1 1 1
vc 1 1 1 1
vc 1 1 1 1
vc 1 1 1 1
vc 1 1 1 1
vc 1 1 1 1
vc 1 1 1 1
vc 1 1 1 1
vc 1 1 1 1
vc 1 1 1 1
vc 1 1 1 1
vc 1 1 1 1
vc 1 1 1 1
vc 1 1 1 1
vc 1 1 1 1
vc 1 1 1 1
vc 1 1 1 1
vc 1 1 1 1
vc 1 1 1 1
vc 1 1 1 1
vc 1 1 1 1
vc 1 1 1 1
vc 1 1 1 1
vc 1 1 1 1
vc 1 1 1 1
vc 1 1 1 1
vc 1 1 1 1
vc 1 1 1 1
vc 1 1 1 1
vc 1 1 1 1
vc 1 1 1 1
vc 1 1 1 1
vc 1 1 1 1
vc 1 1 1 1
vc 1 1 1 1
vc 1 1 1 1
vc 1 1 1 1
vc 1 1 1 1
vc 1 1 1 1
vc 1 1 1 1
vc 1 1 1 1
vc 1 1 1 1
vc 1 1 1 1
vc 1 1 1 1
vc 1 1 1 1
vc 1 1 1 1
vc 1 1 1 1
vc 1 1 1 1
vc 1 1 1 1
vc 1 1 1 1
vc 1 1 1 1
vc 1 1 1 1
vc 1 1 1 1
vc 1 1 1 1
vc 1 1 1 1
vc 1 1 1 1
vc 1 1 1 1
vc 1 1 1 1
vc 1 1 1 1
vc 1 1 1 1
vc 1 1 1 1
vc 1 1 1 1
vc 1 1 1 1
vc 1 1 1 1
vc 1 1 1 1
vc 1 1 1 1
vc 1 1 1 1
vc 1 1 1 1
vc 1 1 1 1
vc 1 1 1 1
vc 1 1 1 1
vc 1 1 1 1
vc 1 1 1 1
vc 1 1 1 1
vc 1 1 1 1
vc 1 1 1 1
vc 1 1 1 1
vc 1 1 1 1
vc 1 1 1 1
vc 1 1 1 1
vc 1 1 1 1
vc 1 1 1 1
vc 1 1 1 1
vc 1 1 1 1
vc 1 1 1 1
vc 1 1 1 1
vc 1 1 1 1
vc 1 1 1 1
vc 1 1 1 1
vc 1 1 1 1
vc 1 1 1 1
vc 1 1 1 1
vc 1 1 1 1
vc 1 1 1 1
vc 1 1 1 1
vc 1 1 1 1
vc 1 1 1 1
vc 1 1 1 1
vc 1 1 1 1
vc 1 1 1 1
vc 1 1 1 1
vc 1 1 1 1
vc 1 1 1 1
vc 1 1 1 1
vc 1 1 1 1
vc 1 1 1 1
vc 1 1 1 1
vc 1 1 1 1
vc 1 1 1 1
vc 1 1 1 1
vc 1 1 1 1
vc 1 1 1 1
vc 1 1 1 1
vc 1 1 1 1
vc 1 1 1 1
vc 1 1 1 1
vc 1 1 1 1
vc 1 1 1 1
vc 1 1 1 1
vc 1 1 1 1
vc 1 1 1 1
vc 1 1 1 1
vc 1 1 1 1
vc 1 1 1 1
vc 1 1 1 1
vc 1 1 1 1
vc 1 1 1 1
vc 1 1 1 1
vc 1 1 1 1
vc 1 1 1 1
vc 1 1 1 1
vc 1 1 1 1
vc 1 1 1 1
vc 1 1 1 1
vc 1 1 1 1
vc 1 1 1 1
vc 1 1 1 1
vc 1 1 1 1
vc 1 1 1 1
vc 1 1 1 1
vc 1 1 1 1
vc 1 1 1 1
vc 1 1 1 1
vc 1 1 1 1
vc 1 1 1 1
vc 1 1 1 1
vc 1 1 1 1
vc 1 1 1 1
vc 1 1 1 1
vc 1 1 1 1
vc 1 1 1 1
vc 1 1 1 1
vc 1 1 1 1
vc 1 1 1 1
vc 1 1 1 1
vc 1 1 1 1
vc 1 1 1 1
vc 1 1 1 1
vc 1 1 1 1
vc 1 1 1 1
vc 1 1 1 1
vc 1 1 1 1
vc 1 1 1 1
vc 1 1 1 1
vc 1 1 1 1
vc 1 1 1 1
vc 1 1 1 1
vc 1 1 1 1
vc 1 1 1 1
vc 1 1 1 1
vc 1 1 1 1
vc 1 1 1 1
vc 1 1 1 1
vc 1 1 1 1
vc 1 1 1 1
vc 1 1 1 1
vc 1 1 1 1
vc 1 1 1 1
vc 1 1 1 1
vc 1 1 1 1
vc 1 1 1 1
vc 1 1 1 1
vc 1 1 1 1
vc 1 1 1 1
vc 1 1 1 1
vc 1 1 1 1
vc 1 1 1 1
vc 1 1 1 1
vc 1 1 1 1
vc 1 1 1 1
vc 1 1 1 1
vc 1 1 1 1
vc 1 1 1 1
vc 1 1 1 1
vc 1 1 1 1
vc 1 1 1 1
vc 1 1 1 1
vc 1 1 1 1
vc 1 1 1 1
vc 1 1 1 1
vc 1 1 1 1
vc 1 1 1 1
vc 1 1 1 1
vc 1 1 1 1
vc 1 1 1 1
vc 1 1 1 1
vc 1 1 1 1
vc 1 1 1 1
vc 1 1 1 1
vc 1 1 1 1
vc 1 1 1 1
vc 1 1 1 1
vc 1 1 1 1
vc 1 1 1 1
vc 1 1 1 1
vc 1 1 1 1
vc 1 1 1 1
vc 1 1 1 1
vc 1 1 1 1
vc 1 1 1 1
vc 1 1 1 1
vc 1 1 1 1
vc 1 1 1 1
vc 1 1 1 1
vc 1 1 1 1
vc 1 1 1 1
vc 1 1 1 1
vc 1 1 1 1
vc 1 1 1 1
vc 1 1 1 1
vc 1 1 1 1
vc 1 1 1 1
vc 1 1 1 1
vc 1 1 1 1
vc 1 1 1 1
vc 1 1 1 1
vc 1 1 1 1
vc 1 1 1 1
vc 1 1 1 1
vc 1 1 1 1
vc 1 1 1 1
vc 1 1 1 1
vc 1 1 1 1
vc 1 1 1 1
vc 1 1 1 1
vc 1 1 1 1
vc 1 1 1 1
vc 1 1 1 1
vc 1 1 1 1
vc 1 1 1 1
vc 1 1 1 1
vc 1 1 1 1
vc 1 1 1 1
vc 1 1 1 1
vc 1 1 1 1
vc 1 1 1 1
vc 1 1 1 1
vc 1 1 1 1
vc 1 1 1 1
vc 1 1 1 1
vc 1 1 1 1
vc 1 1 1 1
vc 1 1 1 1
vc 1 1 1 1
vc 1 1 1 1
vc 1 1 1 1
vc 1 1 1 1
vc 1 1 1 1
vc 1 1 1 1
vc 1 1 1 1
vc 1 1 1 1
vc 1 1 1 1
vc 1 1 1 1
vc 1 1 1 1
vc 1 1 1 1
vc 1 1 1 1
vc 1 1 1 1
vc 1 1 1 1
vc 1 1 1 1
vc 1 1 1 1
vc 1 1 1 1
vc 1 1 1 1
vc 1 1 1 1
vc 1 1 1 1
vc 1 1 1 1
vc 1 1 1 1
vc 1 1 1 1
vc 1 1 1 1
vc 1 1 1 1
vc 1 1 1 1
vc 1 1 1 1
vc 1 1 1 1
vc 1 1 1 1
vc 1 1 1 1
vc 1 1 1 1
vc 1 1 1 1
vc 1 1 1 1
vc 1 1 1 1
vc 1 1 1 1
vc 1 1 1 1
vc 1 1 1 1
vc 1 1 1 1
vc 1 1 1 1
vc 1 1 1 1
vc 1 1 1 1
vc 1 1 1 1
vc 1 1 1 1
vc 1 1 1 1
vc 1 1 1 1
vc 1 1 1 1
vc 1 1 1 1
vc 1 1 1 1
vc 1 1 1 1
vc 1 1 1 1
vc 1 1 1 1
vc 1 1 1 1
vc 1 1 1 1
vc 1 1 1 1
vc 1 1 1 1
vc 1 1 1 1
vc 1 1 1 1
vc 1 1 1 1
vc 1 1 1 1
vc 1 1 1 1
vc 1 1 1 1
vc 1 1 1 1
vc 1 1 1 1
vc 1 1 1 1
vc 1 1 1 1
vc 1 1 1 1
vc 1 1 1 1
vc 1 1 1 1
vc 1 1 1 1
vc 1 1 1 1
vc 1 1 1 1
vc 1 1 1 1
vc 1 1 1 1
vc 1 1 1 1
vc 1 1 1 1
vc 1 1 1 1
vc 1 1 1 1
vc 1 1 1 1
vc 1 1 1 1
vc 1 1 1 1
vc 1 1 1 1
vc 1 1 1 1
vc 1 1 1 1
vc 1 1 1 1
vc 1 1 1 1
vc 1 1 1 1
vc 1 1 1 1
vc 1 1 1 1
vc 1 1 1 1
vc 1 1 1 1
vc 1 1 1 1
vc 1 1 1 1
vc 1 1 1 1
vc 1 1 1 1
vc 1 1 1 1
vc 1 1 1 1
vc 1 1 1 1
vc 1 1 1 1
vc 1 1 1 1
vc 1 1 1 1
vc 1 1 1 1
vc 1 1 1 1
vc 1 1 1 1
vc 1 1 1 1
vc 1 1 1 1
vc 1 1 1 1
vc 1 1 1 1
vc 1 1 1 1
vc 1 1 1 1
vc 1 1 1 1
vc 1 1 1 1
vc 1 1 1 1
vc 1 1 1 1
vc 1 1 1 1
vc 1 1 1 1
vc 1 1 1 1
vc 1 1 1 1
vc 1 1 1 1
vc 1 1 1 1
vc 1 1 1 1
vc 1 1 1 1
vc 1 1 1 1
vc 1 1 1 1
vc 1 1 1 1
vc 1 1 1 1
vc 1 1 1 1
vc 1 1 1 1
vc 1 1 1 1
vc 1 1 1 1
vc 1 1 1 1
vc 1 1 1 1
vc 1 1 1 1
vc 1 1 1 1
vc 1 1 1 1
vc 1 1 1 1
vc 1 1 1 1
vc 1 1 1 1
vc 1 1 1 1
vc 1 1 1 1
vc 1 1 1 1
vc 1 1 1 1
vc 1 1 1 1
vc 1 1 1 1
vc 1 1 1 1
vc 1 1 1 1
vc 1 1 1 1
vc 1 1 1 1
vc 1 1 1 1
vc 1 1 1 1
vc 1 1 1 1
vc 1 1 1 1
vc 1 1 1 1
vc 1 1 1 1
vc 1 1 1 1
vc 1 1 1 1
vc 1 1 1 1
vc 1 1 1 1
vc 1 1 1 1
vc 1 1 1 1
vc 1 1 1 1
vc 1 1 1 1
vc 1 1 1 1
vc 1 1 1 1
vc 1 1 1 1
vc 1 1 1 1
vc 1 1 1 1
vc 1 1 1 1
vc 1 1 1 1
vc 1 1 1 1
vc 1 1 1 1
vc 1 1 1 1
vc 1 1 1 1
vc 1 1 1 1
vc 1 1 1 1
vc 1 1 1 1
vc 1 1 1 1
vc 1 1 1 1
vc 1 1 1 1
vc 1 1 1 1
vc 1 1 1 1
vc 1 1 1 1
vc 1 1 1 1
vc 1 1 1 1
vc 1 1 1 1
vc 1 1 1 1
vc 1 1 1 1
vc 1 1 1 1
vc 1 1 1 1
vc 1 1 1 1
vc 1 1 1 1
vc 1 1 1 1
vc 1 1 1 1
vc 1 1 1 1
vc 1 1 1 1
vc 1 1 1 1
vc 1 1 1 1
vc 1 1 1 1
vc 1 1 1 1
vc 1 1 1 1
vc 1 1 1 1
vc 1 1 1 1
vc 1 1 1 1
vc 1 1 1 1
vc 1 1 1 1
vc 1 1 1 1
vc 1 1 1 1
vc 1 1 1 1
vc 1 1 1 1
vc 1 1 1 1
vc 1 1 1 1
vc 1 1 1 1
vc 1 1 1 1
vc 1 1 1 1
vc 1 1 1 1
vc 1 1 1 1
vc 1 1 1 1
vc 1 1 1 1
vc 1 1 1 1
vc 1 1 1 1
vc 1 1 1 1
vc 1 1 1 1
vc 1 1 1 1
vc 1 1 1 1
vc 1 1 1 1
vc 1 1 1 1
vc 1 1 1 1
vc 1 1 1 1
vc 1 1 1 1
vc 1 1 1 1
vc 1 1 1 1
vc 1 1 1 1
vc 1 1 1 1
vc 1 1 1 1
vc 1 1 1 1
vc 1 1 1 1
vc 1 1 1 1
vc 1 1 1 1
vc 1 1 1 1
vc 1 1 1 1
vc 1 1 1 1
vc 1 1 1 1
vc 1 1 1 1
vc 1 1 1 1
vc 1 1 1 1
vc 1 1 1 1
vc 1 1 1 1
vc 1 1 1 1
vc 1 1 1 1
vc 1 1 1 1
vc 1 1 1 1
vc 1 1 1 1
vc 1 1 1 1
vc 1 1 1 1
vc 1 1 1 1
vc 1 1 1 1
vc 1 1 1 1
vc 1 1 1 1
vc 1 1 1 1
vc 1 1 1 1
vc 1 1 1 1
vc 1 1 1 1
vc 1 1 1 1
vc 1 1 1 1
vc 1 1 1 1
vc 1 1 1 1
vc 1 1 1 1
vc 1 1 1 1
vc 1 1 1 1
vc 1 1 1 1
vc 1 1 1 1
vc 1 1 1 1
vc 1 1 1 1
vc 1 1 1 1
vc 1 1 1 1
vc 1 1 1 1
vc 1 1 1 1
vc 1 1 1 1
vc 1 1 1 1
vc 1 1 1 1
vc 1 1 1 1
vc 1 1 1 1
vc 1 1 1 1
vc 1 1 1 1
vc 1 1 1 1
vc 1 1 1 1
vc 1 1 1 1
vc 1 1 1 1
vc 1 1 1 1
vc 1 1 1 1
vc 1 1 1 1
vc 1 1 1 1
vc 1 1 1 1
vc 1 1 1 1
vc 1 1 1 1
vc 1 1 1 1
vc 1 1 1 1
vc 1 1 1 1
vc 1 1 1 1
vc 1 1 1 1
vc 1 1 1 1
vc 1 1 1 1
vc 1 1 1 1
vc 1 1 1 1
vc 1 1 1 1
vc 1 1 1 1
vc 1 1 1 1
vc 1 1 1 1
vc 1 1 1 1
vc 1 1 1 1
vc 1 1 1 1
vc 1 1 1 1
vc 1 1 1 1
vc 1 1 1 1
vc 1 1 1 1
vc 1 1 1 1
vc 1 1 1 1
vc 1 1 1 1
vc 1 1 1 1
vc 1 1 1 1
vc 1 1 1 1
vc 1 1 1 1
vc 1 1 1 1
vc 1 1 1 1
vc 1 1 1 1
vc 1 1 1 1
vc 1 1 1 1
vc 1 1 1 1
vc 1 1 1 1
vc 1 1 1 1
vc 1 1 1 1
vc 1 1 1 1
vc 1 1 1 1
vc 1 1 1 1
vc 1 1 1 1
vc 1 1 1 1
vc 1 1 1 1
vc 1 1 1 1
vc 1 1 1 1
vc 1 1 1 1
vc 1 1 1 1
vc 1 1 1 1
vc 1 1 1 1
vc 1 1 1 1
vc 1 1 1 1
vc 1 1 1 1
vc 1 1 1 1
vc 1 1 1 1
vc 1 1 1 1
vc 1 1 1 1
vc 1 1 1 1
vc 1 1 1 1
vc 1 1 1 1
vc 1 1 1 1
vc 1 1 1 1
vc 1 1 1 1
vc 1 1 1 1
vc 1 1 1 1
vc 1 1 1 1
vc 1 1 1 1
vc 1 1 1 1
vc 1 1 1 1
vc 1 1 1 1
vc 1 1 1 1
vc 1 1 1 1
vc 1 1 1 1
vc 1 1 1 1
vc 1 1 1 1
vc 1 1 1 1
vc 1 1 1 1
vc 1 1 1 1
vc 1 1 1 1
vc 1 1 1 1
vc 1 1 1 1
vc 1 1 1 1
vc 1 1 1 1
vc 1 1 1 1
vc 1 1 1 1
vc 1 1 1 1
vc 1 1 1 1
vc 1 1 1 1
vc 1 1 1 1
vc 1 1 1 1
vc 1 1 1 1
vc 1 1 1 1
vc 1 1 1 1
vc 1 1 1 1
vc 1 1 1 1
vc 1 1 1 1
vc 1 1 1 1
vc 1 1 1 1
vc 1 1 1 1
vc 1 1 1 1
vc 1 1 1 1
vc 1 1 1 1
vc 1 1 1 1
vc 1 1 1 1
vc 1 1 1 1
vc 1 1 1 1
vc 1 1 1 1
vc 1 1 1 1
vc 1 1 1 1
vc 1 1 1 1
vc 1 1 1 1
vc 1 1 1 1
vc 1 1 1 1
vc 1 1 1 1
vc 1 1 1 1
vc 1 1 1 1
vc 1 1 1 1
vc 1 1 1 1
vc 1 1 1 1
vc 1 1 1 1
vc 1 1 1 1
vc 1 1 1 1
vc 1 1 1 1
vc 1 1 1 1
vc 1 1 1 1
vc 1 1 1 1
vc 1 1 1 1
vc 1 1 1 1
vc 1 1 1 1
vc 1 1 1 1
vc 1 1 1 1
vc 1 1 1 1
vc 1 1 1 1
vc 1 1 1 1
vc 1 1 1 1
vc 1 1 1 1
vc 1 1 1 1
vc 1 1 1 1
vc 1 1 1 1
vc 1 1 1 1
vc 1 1 1 1
vc 1 1 1 1
vc 1 1 1 1
vc 1 1 1 1
vc 1 1 1 1
vc 1 1 1 1
vc 1 1 1 1
vc 1 1 1 1
vc 1 1 1 1
vc 1 1 1 1
vc 1 1 1 1
vc 1 1 1 1
vc 1 1 1 1
vc 1 1 1 1
vc 1 1 1 1
vc 1 1 1 1
vc 1 1 1 1
vc 1 1 1 1
vc 1 1 1 1
vc 1 1 1 1
vc 1 1 1 1
vc 1 1 1 1
vc 1 1 1 1
vc 1 1 1 1
vc 1 1 1 1
vc 1 1 1 1
vc 1 1 1 1
vc 1 1 1 1
vc 1 1 1 1
vc 1 1 1 1
vc 1 1 1 1
vc 1 1 1 1
vc 1 1 1 1
vc 1 1 1 1
vc 1 1 1 1
vc 1 1 1 1
vc 1 1 1 1
vc 1 1 1 1
vc 1 1 1 1
vc 1 1 1 1
vc 1 1 1 1
vc 1 1 1 1
vc 1 1 1 1
vc 1 1 1 1
vc 1 1 1 1
vc 1 1 1 1
vc 1 1 1 1
vc 1 1 1 1
vc 1 1 1 1
vc 1 1 1 1
vc 1 1 1 1
vc 1 1 1 1
vc 1 1 1 1
vc 1 1 1 1
vc 1 1 1 1
vc 1 1 1 1
vc 1 1 1 1
vc 1 1 1 1
vc 1 1 1 1
vc 1 1 1 1
vc 1 1 1 1
vc 1 1 1 1
vc 1 1 1 1
vc 1 1 1 1
vc 1 1 1 1
vc 1 1 1 1
vc 1 1 1 1
vc 1 1 1 1
vc 1 1 1 1
vc 1 1 1 1
vc 1 1 1 1
vc 1 1 1 1
vc 1 1 1 1
vc 1 1 1 1
vc 1 1 1 1
vc 1 1 1 1
vc 1 1 1 1
vc 1 1 1 1
vc 1 1 1 1
vc 1 1 1 1
vc 1 1 1 1
vc 1 1 1 1
vc 1 1 1 1
vc 1 1 1 1
vc 1 1 1 1
vc 1 1 1 1
vc 1 1 1 1
vc 1 1 1 1
vc 1 1 1 1
vc 1 1 1 1
vc 1 1 1 1
vc 1 1 1 1
vc 1 1 1 1
vc 1 1 1 1
vc 1 1 1 1
vc 1 1 1 1
vc 1 1 1 1
vc 1 1 1 1
vc 1 1 1 1
vc 1 1 1 1
vc 1 1 1 1
vc 1 1 1 1
vc 1 1 1 1
vc 1 1 1 1
vc 1 1 1 1
vc 1 1 1 1
vc 1 1 1 1
vc 1 1 1 1
vc 1 1 1 1
vc 1 1 1 1
vc 1 1 1 1
vc 1 1 1 1
vc 1 1 1 1
vc 1 1 1 1
vc 1 1 1 1
vc 1 1 1 1
vc 1 1 1 1
vc 1 1 1 1
vc 1 1 1 1
vc 1 1 1 1
vc 1 1 1 1
vc 1 1 1 1
vc 1 1 1 1
vc 1 1 1 1
vc 1 1 1 1
vc 1 1 1 1
vc 1 1 1 1
vc 1 1 1 1
vc 1 1 1 1
vc 1 1 1 1
vc 1 1 1 1
vc 1 1 1 1
vc 1 1 1 1
vc 1 1 1 1
vc 1 1 1 1
vc 1 1 1 1
vc 1 1 1 1
vc 1 1 1 1
vc 1 1 1 1
vc 1 1 1 1
vc 1 1 1 1
vc 1 1 1 1
vc 1 1 1 1
vc 1 1 1 1
vc 1 1 1 1
vc 1 1 1 1
vc 1 1 1 1
vc 1 1 1 1
vc 1 1 1 1
vc 1 1 1 1
vc 1 1 1 1
vc 1 1 1 1
vc 1 1 1 1
vc 1 1 1 1
vc 1 1 1 1
vc 1 1 1 1
vc 1 1 1 1
vc 1 1 1 1
vc 1 1 1 1
vc 1 1 1 1
vc 1 1 1 1
vc 1 1 1 1
vc 1 1 1 1
vc 1 1 1 1
vc 1 1 1 1
vc 1 1 1 1
vc 1 1 1 1
vc 1 1 1 1
vc 1 1 1 1
vc 1 1 1 1
vc 1 1 1 1
vc 1 1 1 1
vc 1 1 1 1
vc 1 1 1 1
vc 1 1 1 1
vc 1 1 1 1
vc 1 1 1 1
vc 1 1 1 1
vc 1 1 1 1
vc 1 1 1 1
vc 1 1 1 1
vc 1 1 1 1
vc 1 1 1 1
vc 1 1 1 1
vc 1 1 1 1
vc 1 1 1 1
vc 1 1 1 1
vc 1 1 1 1
vc 1 1 1 1
vc 1 1 1 1
vc 1 1 1 1
vc 1 1 1 1
vc 1 1 1 1
vc 1 1 1 1
vc 1 1 1 1
vc 1 1 1 1
vc 1 1 1 1
vc 1 1 1 1
vc 1 1 1 1
vc 1 1 1 1
vc 1 1 1 1
vc 1 1 1 1
vc 1 1 1 1
vc 1 1 1 1
vc 1 1 1 1
vc 1 1 1 1
vc 1 1 1 1
vc 1 1 1 1
vc 1 1 1 1
vc 1 1 1 1
vc 1 1 1 1
vc 1 1 1 1
vc 1 1 1 1
vc 1 1 1 1
vc 1 1 1 1
vc 1 1 1 1
vc 1 1 1 1
vc 1 1 1 1
vc 1 1 1 1
vc 1 1 1 1
vc 1 1 1 1
vc 1 1 1 1
vc 1 1 1 1
vc 1 1 1 1
vc 1 1 1 1
vc 1 1 1 1
vc 1 1 1 1
vc 1 1 1 1
vc 1 1 1 1
vc 1 1 1 1
vc 1 1 1 1
vc 1 1 1 1
vc 1 1 1 1
vc 1 1 1 1
vc 1 1 1 1
vc 1 1 1 1
vc 1 1 1 1
vc 1 1 1 1
vc 1 1 1 1
vc 1 1 1 1
vc 1 1 1 1
vc 1 1 1 1
vc 1 1 1 1
vc 1 1 1 1
vc 1 1 1 1
vc 1 1 1 1
vc 1 1 1 1
vc 1 1 1 1
vc 1 1 1 1
vc 1 1 1 1
vc 1 1 1 1
vc 1 1 1 1
vc 1 1 1 1
vc 1 1 1 1
vc 1 1 1 1
vc 1 1 1 1
vc 1 1 1 1
vc 1 1 1 1
vc 1 1 1 1
vc 1 1 1 1
vc 1 1 1 1
vc 1 1 1 1
vc 1 1 1 1
vc 1 1 1 1
vc 1 1 1 1
vc 1 1 1 1
vc 1 1 1 1
vc 1 1 1 1
vc 1 1 1 1
vc 1 1 1 1
vc 1 1 1 1
vc 1 1 1 1
vc 1 1 1 1
vc 1 1 1 1
vc 1 1 1 1
vc 1 1 1 1
vc 1 1 1 1
vc 1 1 1 1
vc 1 1 1 1
vc 1 1 1 1
vc 1 1 1 1
vc 1 1 1 1
vc 1 1 1 1
vc 1 1 1 1
vc 1 1 1 1
vc 1 1 1 1
vc 1 1 1 1
vc 1 1 1 1
vc 1 1 1 1
vc 1 1 1 1
vc 1 1 1 1
vc 1 1 1 1
vc 1 1 1 1
vc 1 1 1 1
vc 1 1 1 1
vc 1 1 1 1
vc 1 1 1 1
vc 1 1 1 1
vc 1 1 1 1
vc 1 1 1 1
vc 1 1 1 1
vc 1 1 1 1
vc 1 1 1 1
vc 1 1 1 1
vc 1 1 1 1
vc 1 1 1 1
vc 1 1 1 1
vc 1 1 1 1
vc 1 1 1 1
vc 1 1 1 1
vc 1 1 1 1
vc 1 1 1 1
vc 1 1 1 1
vc 1 1 1 1
vc 1 1 1 1
vc 1 1 1 1
vc 1 1 1 1
vc 1 1 1 1
vc 1 1 1 1
vc 1 1 1 1
vc 1 1 1 1
vc 1 1 1 1
vc 1 1 1 1
vc 1 1 1 1
vc 1 1 1 1
vc 1 1 1 1
vc 1 1 1 1
vc 1 1 1 1
vc 1 1 1 1
vc 1 1 1 1
vc 1 1 1 1
vc 1 1 1 1
vc 1 1 1 1
vc 1 1 1 1
vc 1 1 1 1
vc 1 1 1 1
vc 1 1 1 1
vc 1 1 1 1
vc 1 1 1 1
vc 1 1 1 1
vc 1 1 1 1
vc 1 1 1 1
vc 1 1 1 1
vc 1 1 1 1
vc 1 1 1 1
vc 1 1 1 1
vc 1 1 1 1
vc 1 1 1 1
vc 1 1 1 1
vc 1 1 1 1
vc 1 1 1 1
vc 1 1 1 1
vc 1 1 1 1
vc 1 1 1 1
vc 1 1 1 1
vc 1 1 1 1
vc 1 1 1 1
vc 1 1 1 1
vc 1 1 1 1
vc 1 1 1 1
vc 1 1 1 1
vc 1 1 1 1
vc 1 1 1 1
vc 1 1 1 1
vc 1 1 1 1
vc 1 1 1 1
vc 1 1 1 1
vc 1 1 1 1
vc 1 1 1 1
vc 1 1 1 1
vc 1 1 1 1
vc 1 1 1 1
vc 1 1 1 1
vc 1 1 1 1
vc 1 1 1 1
vc 1 1 1 1
vc 1 1 1 1
vc 1 1 1 1
vc 1 1 1 1
vc 1 1 1 1
vc 1 1 1 1
vc 1 1 1 1
vc 1 1 1 1
vc 1 1 1 1
vc 1 1 1 1
vc 1 1 1 1
vc 1 1 1 1
vc 1 1 1 1
vc 1 1 1 1
vc 1 1 1 1
vc 1 1 1 1
vc 1 1 1 1
vc 1 1 1 1
vc 1 1 1 1
vc 1 1 1 1
vc 1 1 1 1
vc 1 1 1 1
vc 1 1 1 1
vc 1 1 1 1
vc 1 1 1 1
vc 1 1 1 1
vc 1 1 1 1
vc 1 1 1 1
vc 1 1 1 1
vc 1 1 1 1
vc 1 1 1 1
vc 1 1 1 1
vc 1 1 1 1
vc 1 1 1 1
vc 1 1 1 1
vc 1 1 1 1
vc 1 1 1 1
vc 1 1 1 1
vc 1 1 1 1
vc 1 1 1 1
vc 1 1 1 1
vc 1 1 1 1
vc 1 1 1 1
vc 1 1 1 1
vc 1 1 1 1
vc 1 1 1 1
vc 1 1 1 1
vc 1 1 1 1
vc 1 1 1 1
vc 1 1 1 1
vc 1 1 1 1
vc 1 1 1 1
vc 1 1 1 1
vc 1 1 1 1
vc 1 1 1 1
vc 1 1 1 1
vc 1 1 1 1
vc 1 1 1 1
vc 1 1 1 1
vc 1 1 1 1
vc 1 1 1 1
vc 1 1 1 1
vc 1 1 1 1
vc 1 1 1 1
vc 1 1 1 1
vc 1 1 1 1
vc 1 1 1 1
vc 1 1 1 1
vc 1 1 1 1
vc 1 1 1 1
vc 1 1 1 1
vc 1 1 1 1
vc 1 1 1 1
vc 1 1 1 1
vc 1 1 1 1
vc 1 1 1 1
vc 1 1 1 1
vc 1 1 1 1
vc 1 1 1 1
vc 1 1 1 1
vc 1 1 1 1
vc 1 1 1 1
vc 1 1 1 1
vc 1 1 1 1
vc 1 1 1 1
vc 1 1 1 1
vc 1 1 1 1
vc 1 1 1 1
vc 1 1 1 1
vc 1 1 1 1
vc 1 1 1 1
vc 1 1 1 1
vc 1 1 1 1
vc 1 1 1 1
vc 1 1 1 1
vc 1 1 1 1
vc 1 1 1 1
vc 1 1 1 1
vc 1 1 1 1
vc 1 1 1 1
vc 1 1 1 1
vc 1 1 1 1
vc 1 1 1 1
vc 1 1 1 1
vc 1 1 1 1
vc 1 1 1 1
vc 1 1 1 1
vc 1 1 1 1
vc 1 1 1 1
vc 1 1 1 1
vc 1 1 1 1
vc 1 1 1 1
vc 1 1 1 1
vc 1 1 1 1
vc 1 1 1 1
vc 1 1 1 1
vc 1 1 1 1
vc 1 1 1 1
vc 1 1 1 1
vc 1 1 1 1
vc 1 1 1 1
vc 1 1 1 1
vc 1 1 1 1
vc 1 1 1 1
vc 1 1 1 1
vc 1 1 1 1
vc 1 1 1 1
vc 1 1 1 1
vc 1 1 1 1
vc 1 1 1 1
vc 1 1 1 1
vc 1 1 1 1
vc 1 1 1 1
vc 1 1 1 1
vc 1 1 1 1
vc 1 1 1 1
vc 1 1 1 1
vc 1 1 1 1
vc 1 1 1 1
vc 1 1 1 1
vc 1 1 1 1
vc 1 1 1 1
vc 1 1 1 1
vc 1 1 1 1
vc 1 1 1 1
vc 1 1 1 1
vc 1 1 1 1
vc 1 1 1 1
vc 1 1 1 1
vc 1 1 1 1
vc 1 1 1 1
vc 1 1 1 1
vc 1 1 1 1
vc 1 1 1 1
vc 1 1 1 1
vc 1 1 1 1
vc 1 1 1 1
vc 1 1 1 1
vc 1 1 1 1
vc 1 1 1 1
vc 1 1 1 1
vc 1 1 1 1
vc 1 1 1 1
vc 1 1 1 1
vc 1 1 1 1
vc 1 1 1 1
vc 1 1 1 1
vc 1 1 1 1
vc 1 1 1 1
vc 1 1 1 1
vc 1 1 1 1
vc 1 1 1 1
vc 1 1 1 1
vc 1 1 1 1
vc 1 1 1 1
vc 1 1 1 1
vc 1 1 1 1
vc 1 1 1 1
vc 1 1 1 1
vc 1 1 1 1
vc 1 1 1 1
vc 1 1 1 1
vc 1 1 1 1
vc 1 1 1 1
vc 1 1 1 1
vc 1 1 1 1
vc 1 1 1 1
vc 1 1 1 1
vc 1 1 1 1
vc 1 1 1 1
vc 1 1 1 1
vc 1 1 1 1
vc 1 1 1 1
vc 1 1 1 1
vc 1 1 1 1
vc 1 1 1 1
vc 1 1 1 1
vc 1 1 1 1
vc 1 1 1 1
vc 1 1 1 1
vc 1 1 1 1
vc 1 1 1 1
vc 1 1 1 1
vc 1 1 1 1
vc 1 1 1 1
vc 1 1 1 1
vc 1 1 1 1
vc 1 1 1 1
vc 1 1 1 1
vc 1 1 1 1
vc 1 1 1 1
vc 1 1 1 1
vc 1 1 1 1
vc 1 1 1 1
vc 1 1 1 1
vc 1 1 1 1
vc 1 1 1 1
vc 1 1 1 1
vc 1 1 1 1
vc 1 1 1 1
vc 1 1 1 1
vc 1 1 1 1
vc 1 1 1 1
vc 1 1 1 1
vc 1 1 1 1
vc 1 1 1 1
vc 1 1 1 1
vc 1 1 1 1
vc 1 1 1 1
vc 1 1 1 1
vc 1 1 1 1
vc 1 1 1 1
vc 1 1 1 1
vc 1 1 1 1
vc 1 1 1 1
vc 1 1 1 1
vc 1 1 1 1
vc 1 1 1 1
vc 1 1 1 1
vc 1 1 1 1
vc 1 1 1 1
vc 1 1 1 1
vc 1 1 1 1
vc 1 1 1 1
vc 1 1 1 1
vc 1 1 1 1
vc 1 1 1 1
vc 1 1 1 1
vc 1 1 1 1
vc 1 1 1 1
vc 1 1 1 1
vc 1 1 1 1
vc 1 1 1 1
vc 1 1 1 1
vc 1 1 1 1
vc 1 1 1 1
vc 1 1 1 1
vc 1 1 1 1
vc 1 1 1 1
vc 1 1 1 1
vc 1 1 1 1
vc 1 1 1 1
vc 1 1 1 1
vc 1 1 1 1
vc 1 1 1 1
vc 1 1 1 1
vc 1 1 1 1
vc 1 1 1 1
vc 1 1 1 1
vc 1 1 1 1
vc 1 1 1 1
vc 1 1 1 1
vc 1 1 1 1
vc 1 1 1 1
vc 1 1 1 1
vc 1 1 1 1
vc 1 1 1 1
vc 1 1 1 1
vc 1 1 1 1
vc 1 1 1 1
vc 1 1 1 1
vc 1 1 1 1
vc 1 1 1 1
vc 1 1 1 1
vc 1 1 1 1
vc 1 1 1 1
vc 1 1 1 1
vc 1 1 1 1
vc 1 1 1 1
vc 1 1 1 1
vc 1 1 1 1
vc 1 1 1 1
vc 1 1 1 1
vc 1 1 1 1
vc 1 1 1 1
vc 1 1 1 1
vc 1 1 1 1
vc 1 1 1 1
vc 1 1 1 1
vc 1 1 1 1
vc 1 1 1 1
vc 1 1 1 1
vc 1 1 1 1
vc 1 1 1 1
vc 1 1 1 1
vc 1 1 1 1
vc 1 1 1 1
vc 1 1 1 1
vc 1 1 1 1
vc 1 1 1 1
vc 1 1 1 1
vc 1 1 1 1
vc 1 1 1 1
vc 1 1 1 1
vc 1 1 1 1
vc 1 1 1 1
vc 1 1 1 1
vc 1 1 1 1
vc 1 1 1 1
vc 1 1 1 1
vc 1 1 1 1
vc 1 1 1 1
vc 1 1 1 1
vc 1 1 1 1
vc 1 1 1 1
vc 1 1 1 1
vc 1 1 1 1
vc 1 1 1 1
vc 1 1 1 1
vc 1 1 1 1
vc 1 1 1 1
vc 1 1 1 1
vc 1 1 1 1
vc 1 1 1 1
vc 1 1 1 1
vc 1 1 1 1
vc 1 1 1 1
vc 1 1 1 1
vc 1 1 1 1
vc 1 1 1 1
vc 1 1 1 1
vc 1 1 1 1
vc 1 1 1 1
vc 1 1 1 1
vc 1 1 1 1
vc 1 1 1 1
vc 1 1 1 1
vc 1 1 1 1
vc 1 1 1 1
vc 1 1 1 1
vc 1 1 1 1
vc 1 1 1 1
vc 1 1 1 1
vc 1 1 1 1
vc 1 1 1 1
vc 1 1 1 1
vc 1 1 1 1
vc 1 1 1 1
vc 1 1 1 1
vc 1 1 1 1
vc 1 1 1 1
vc 1 1 1 1
vc 1 1 1 1
vc 1 1 1 1
vc 1 1 1 1
vc 1 1 1 1
vc 1 1 1 1
vc 1 1 1 1
vc 1 1 1 1
vc 1 1 1 1
vc 1 1 1 1
vc 1 1 1 1
vc 1 1 1 1
vc 1 1 1 1
vc 1 1 1 1
vc 1 1 1 1
vc 1 1 1 1
vc 1 1 1 1
vc 1 1 1 1
vc 1 1 1 1
vc 1 1 1 1
vc 1 1 1 1
vc 1 1 1 1
vc 1 1 1 1
vc 1 1 1 1
vc 1 1 1 1
vc 1 1 1 1
vc 1 1 1 1
vc 1 1 1 1
vc 1 1 1 1
vc 1 1 1 1
vc 1 1 1 1
vc 1 1 1 1
vc 1 1 1 1
vc 1 1 1 1
vc 1 1 1 1
vc 1 1 1 1
vc 1 1 1 1
vc 1 1 1 1
vc 1 1 1 1
vc 1 1 1 1
vc 1 1 1 1
vc 1 1 1 1
vc 1 1 1 1
vc 1 1 1 1
vc 1 1 1 1
vc 1 1 1 1
vc 1 1 1 1
vc 1 1 1 1
vc 1 1 1 1
vc 1 1 1 1
vc 1 1 1 1
vc 1 1 1 1
vc 1 1 1 1
vc 1 1 1 1
vc 1 1 1 1
vc 1 1 1 1
vc 1 1 1 1
vc 1 1 1 1
vc 1 1 1 1
vc 1 1 1 1
vc 1 1 1 1
vc 1 1 1 1
vc 1 1 1 1
vc 1 1 1 1
vc 1 1 1 1
vc 1 1 1 1
vc 1 1 1 1
vc 1 1 1 1
vc 1 1 1 1
vc 1 1 1 1
vc 1 1 1 1
vc 1 1 1 1
vc 1 1 1 1
vc 1 1 1 1
vc 1 1 1 1
vc 1 1 1 1
vc 1 1 1 1
vc 1 1 1 1
vc 1 1 1 1
vc 1 1 1 1
vc 1 1 1 1
vc 1 1 1 1
vc 1 1 1 1
vc 1 1 1 1
vc 1 1 1 1
vc 1 1 1 1
vc 1 1 1 1
vc 1 1 1 1
vc 1 1 1 1
vc 1 1 1 1
vc 1 1 1 1
vc 1 1 1 1
vc 1 1 1 1
vc 1 1 1 1
vc 1 1 1 1
vc 1 1 1 1
vc 1 1 1 1
vc 1 1 1 1
vc 1 1 1 1
vc 1 1 1 1
vc 1 1 1 1
vc 1 1 1 1
vc 1 1 1 1
vc 1 1 1 1
vc 1 1 1 1
vc 1 1 1 1
vc 1 1 1 1
vc 1 1 1 1
vc 1 1 1 1
vc 1 1 1 1
vc 1 1 1 1
vc 1 1 1 1
vc 1 1 1 1
vc 1 1 1 1
vc 1 1 1 1
vc 1 1 1 1
vc 1 1 1 1
vc 1 1 1 1
vc 1 1 1 1
vc 1 1 1 1
vc 1 1 1 1
vc 1 1 1 1
vc 1 1 1 1
vc 1 1 1 1
vc 1 1 1 1
vc 1 1 1 1
vc 1 1 1 1
vc 1 1 1 1
vc 1 1 1 1
vc 1 1 1 1
vc 1 1 1 1
vc 1 1 1 1
vc 1 1 1 1
vc 1 1 1 1
vc 1 1 1 1
vc 1 1 1 1
vc 1 1 1 1
vc 1 1 1 1
vc 1 1 1 1
vc 1 1 1 1
vc 1 1 1 1
vc 1 1 1 1
vc 1 1 1 1
vc 1 1 1 1
vc 1 1 1 1
vc 1 1 1 1
vc 1 1 1 1
vc 1 1 1 1
vc 1 1 1 1
vc 1 1 1 1
vc 1 1 1 1
vc 1 1 1 1
vc 1 1 1 1
vc 1 1 1 1
vc 1 1 1 1
vc 1 1 1 1
vc 1 1 1 1
vc 1 1 1 1
vc 1 1 1 1
vc 1 1 1 1
vc 1 1 1 1
vc 1 1 1 1
vc 1 1 1 1
vc 1 1 1 1
vc 1 1 1 1
vc 1 1 1 1
vc 1 1 1 1
vc 1 1 1 1
vc 1 1 1 1
vc 1 1 1 1
vc 1 1 1 1
vc 1 1 1 1
vc 1 1 1 1
vc 1 1 1 1
vc 1 1 1 1
vc 1 1 1 1
vc 1 1 1 1
vc 1 1 1 1
vc 1 1 1 1
vc 1 1 1 1
vc 1 1 1 1
vc 1 1 1 1
vc 1 1 1 1
vc 1 1 1 1
vc 1 1 1 1
vc 1 1 1 1
vc 1 1 1 1
vc 1 1 1 1
vc 1 1 1 1
vc 1 1 1 1
vc 1 1 1 1
vc 1 1 1 1
vc 1 1 1 1
vc 1 1 1 1
vc 1 1 1 1
vc 1 1 1 1
vc 1 1 1 1
vc 1 1 1 1
vc 1 1 1 1
vc 1 1 1 1
vc 1 1 1 1
vc 1 1 1 1
vc 1 1 1 1
vc 1 1 1 1
vc 1 1 1 1
vc 1 1 1 1
vc 1 1 1 1
vc 1 1 1 1
vc 1 1 1 1
vc 1 1 1 1
vc 1 1 1 1
vc 1 1 1 1
vc 1 1 1 1
vc 1 1 1 1
vc 1 1 1 1
vc 1 1 1 1
vc 1 1 1 1
vc 1 1 1 1
vc 1 1 1 1
vc 1 1 1 1
vc 1 1 1 1
vc 1 1 1 1
vc 1 1 1 1
vc 1 1 1 1
vc 1 1 1 1
vc 1 1 1 1
vc 1 1 1 1
vc 1 1 1 1
vc 1 1 1 1
vc 1 1 1 1
vc 1 1 1 1
vc 1 1 1 1
vc 1 1 1 1
vc 1 1 1 1
vc 1 1 1 1
vc 1 1 1 1
vc 1 1 1 1
vc 1 1 1 1
vc 1 1 1 1
vc 1 1 1 1
vc 1 1 1 1
vc 1 1 1 1
vc 1 1 1 1
vc 1 1 1 1
vc 1 1 1 1
vc 1 1 1 1
vc 1 1 1 1
vc 1 1 1 1
vc 1 1 1 1
vc 1 1 1 1
vc 1 1 1 1
vc 1 1 1 1
vc 1 1 1 1
vc 1 1 1 1
vc 1 1 1 1
vc 1 1 1 1
vc 1 1 1 1
vc 1 1 1 1
vc 1 1 1 1
vc 1 1 1 1
vc 1 1 1 1
vc 1 1 1 1
vc 1 1 1 1
vc 1 1 1 1
vc 1 1 1 1
vc 1 1 1 1
vc 1 1 1 1
vc 1 1 1 1
vc 1 1 1 1
vc 1 1 1 1
vc 1 1 1 1
vc 1 1 1 1
vc 1 1 1 1
vc 1 1 1 1
vc 1 1 1 1
vc 1 1 1 1
vc 1 1 1 1
vc 1 1 1 1
vc 1 1 1 1
vc 1 1 1 1
vc 1 1 1 1
vc 1 1 1 1
vc 1 1 1 1
vc 1 1 1 1
vc 1 1 1 1
vc 1 1 1 1
vc 1 1 1 1
vc 1 1 1 1
vc 1 1 1 1
vc 1 1 1 1
vc 1 1 1 1
vc 1 1 1 1
vc 1 1 1 1
vc 1 1 1 1
vc 1 1 1 1
vc 1 1 1 1
vc 1 1 1 1
vc 1 1 1 1
vc 1 1 1 1
vc 1 1 1 1
vc 1 1 1 1
vc 1 1 1 1
vc 1 1 1 1
vc 1 1 1 1
vc 1 1 1 1
vc 1 1 1 1
vc 1 1 1 1
vc 1 1 1 1
vc 1 1 1 1
vc 1 1 1 1
vc 1 1 1 1
vc 1 1 1 1
vc 1 1 1 1
vc 1 1 1 1
vc 1 1 1 1
vc 1 1 1 1
vc 1 1 1 1
vc 1 1 1 1
vc 1 1 1 1
vc 1 1 1 1
vc 1 1 1 1
vc 1 1 1 1
vc 1 1 1 1
vc 1 1 1 1
vc 1 1 1 1
vc 1 1 1 1
vc 1 1 1 1
vc 1 1 1 1
vc 1 1 1 1
vc 1 1 1 1
vc 1 1 1 1
vc 1 1 1 1
vc 1 1 1 1
vc 1 1 1 1
vc 1 1 1 1
vc 1 1 1 1
vc 1 1 1 1
vc 1 1 1 1
vc 1 1 1 1
vc 1 1 1 1
vc 1 1 1 1
vc 1 1 1 1
vc 1 1 1 1
vc 1 1 1 1
vc 1 1 1 1
vc 1 1 1 1
vc 1 1 1 1
vc 1 1 1 1
vc 1 1 1 1
vc 1 1 1 1
vc 1 1 1 1
vc 1 1 1 1
vc 1 1 1 1
vc 1 1 1 1
vc 1 1 1 1
vc 1 1 1 1
vc 1 1 1 1
vc 1 1 1 1
vc 1 1 1 1
vc 1 1 1 1
vc 1 1 1 1
vc 1 1 1 1
vc 1 1 1 1
vc 1 1 1 1
vc 1 1 1 1
vc 1 1 1 1
vc 1 1 1 1
vc 1 1 1 1
vc 1 1 1 1
vc 1 1 1 1
vc 1 1 1 1
vc 1 1 1 1
vc 1 1 1 1
vc 1 1 1 1
vc 1 1 1 1
vc 1 1 1 1
vc 1 1 1 1
vc 1 1 1 1
vc 1 1 1 1
vc 1 1 1 1
vc 1 1 1 1
vc 1 1 1 1
vc 1 1 1 1
vc 1 1 1 1
vc 1 1 1 1
vc 1 1 1 1
vc 1 1 1 1
vc 1 1 1 1
vc 1 1 1 1
vc 1 1 1 1
vc 1 1 1 1
vc 1 1 1 1
vc 1 1 1 1
vc 1 1 1 1
vc 1 1 1 1
vc 1 1 1 1
vc 1 1 1 1
vc 1 1 1 1
vc 1 1 1 1
vc 1 1 1 1
vc 1 1 1 1
vc 1 1 1 1
vc 1 1 1 1
vc 1 1 1 1
vc 1 1 1 1
vc 1 1 1 1
vc 1 1 1 1
vc 1 1 1 1
vc 1 1 1 1
vc 1 1 1 1
vc 1 1 1 1
vc 1 1 1 1
vc 1 1 1 1
vc 1 1 1 1
vc 1 1 1 1
vc 1 1 1 1
vc 1 1 1 1
vc 1 1 1 1
vc 1 1 1 1
vc 1 1 1 1
vc 1 1 1 1
vc 1 1 1 1
vc 1 1 1 1
vc 1 1 1 1
vc 1 1 1 1
vc 1 1 1 1
vc 1 1 1 1
vc 1 1 1 1
vc 1 1 1 1
vc 1 1 1 1
vc 1 1 1 1
vc 1 1 1 1
vc 1 1 1 1
vc 1 1 1 1
vc 1 1 1 1
vc 1 1 1 1
vc 1 1 1 1
vc 1 1 1 1
vc 1 1 1 1
vc 1 1 1 1
vc 1 1 1 1
vc 1 1 1 1
vc 1 1 1 1
vc 1 1 1 1
vc 1 1 1 1
vc 1 1 1 1
vc 1 1 1 1
vc 1 1 1 1
vc 1 1 1 1
vc 1 1 1 1
vc 1 1 1 1
vc 1 1 1 1
vc 1 1 1 1
vc 1 1 1 1
vc 1 1 1 1
vc 1 1 1 1
vc 1 1 1 1
vc 1 1 1 1
vc 1 1 1 1
vc 1 1 1 1
vc 1 1 1 1
vc 1 1 1 1
vc 1 1 1 1
vc 1 1 1 1
vc 1 1 1 1
vc 1 1 1 1
vc 1 1 1 1
vc 1 1 1 1
vc 1 1 1 1
vc 1 1 1 1
vc 1 1 1 1
vc 1 1 1 1
vc 1 1 1 1
vc 1 1 1 1
vc 1 1 1 1
vc 1 1 1 1
vc 1 1 1 1
vc 1 1 1 1
vc 1 1 1 1
vc 1 1 1 1
vc 1 1 1 1
vc 1 1 1 1
vc 1 1 1 1
vc 1 1 1 1
vc 1 1 1 1
vc 1 1 1 1
vc 1 1 1 1
vc 1 1 1 1
vc 1 1 1 1
vc 1 1 1 1
vc 1 1 1 1
vc 1 1 1 1
vc 1 1 1 1
vc 1 1 1 1
vc 1 1 1 1
vc 1 1 1 1
vc 1 1 1 1
vc 1 1 1 1
vc 1 1 1 1
vc 1 1 1 1
vc 1 1 1 1
vc 1 1 1 1
vc 1 1 1 1
vc 1 1 1 1
vc 1 1 1 1
vc 1 1 1 1
vc 1 1 1 1
vc 1 1 1 1
vc 1 1 1 1
vc 1 1 1 1
vc 1 1 1 1
vc 1 1 1 1
vc 1 1 1 1
vc 1 1 1 1
vc 1 1 1 1
vc 1 1 1 1
vc 1 1 1 1
vc 1 1 1 1
vc 1 1 1 1
vc 1 1 1 1
vc 1 1 1 1
vc 1 1 1 1
vc 1 1 1 1
vc 1 1 1 1
vc 1 1 1 1
vc 1 1 1 1
vc 1 1 1 1
vc 1 1 1 1
vc 1 1 1 1
vc 1 1 1 1
vc 1 1 1 1
vc 1 1 1 1
vc 1 1 1 1
vc 1 1 1 1
vc 1 1 1 1
vc 1 1 1 1
vc 1 1 1 1
vc 1 1 1 1
vc 1 1 1 1
vc 1 1 1 1
vc 1 1 1 1
vc 1 1 1 1
vc 1 1 1 1
vc 1 1 1 1
vc 1 1 1 1
vc 1 1 1 1
vc 1 1 1 1
vc 1 1 1 1
vc 1 1 1 1
vc 1 1 1 1
vc 1 1 1 1
vc 1 1 1 1
vc 1 1 1 1
vc 1 1 1 1
vc 1 1 1 1
vc 1 1 1 1
vc 1 1 1 1
vc 1 1 1 1
vc 1 1 1 1
vc 1 1 1 1
vc 1 1 1 1
vc 1 1 1 1
vc 1 1 1 1
vc 1 1 1 1
vc 1 1 1 1
vc 1 1 1 1
vc 1 1 1 1
vc 1 1 1 1
vc 1 1 1 1
vc 1 1 1 1
vc 1 1 1 1
vc 1 1 1 1
vc 1 1 1 1
vc 1 1 1 1
vc 1 1 1 1
vc 1 1 1 1
vc 1 1 1 1
vc 1 1 1 1
vc 1 1 1 1
vc 1 1 1 1
vc 1 1 1 1
vc 1 1 1 1
vc 1 1 1 1
vc 1 1 1 1
vc 1 1 1 1
vc 1 1 1 1
vc 1 1 1 1
vc 1 1 1 1
vc 1 1 1 1
vc 1 1 1 1
vc 1 1 1 1
vc 1 1 1 1
vc 1 1 1 1
vc 1 1 1 1
vc 1 1 1 1
vc 1 1 1 1
vc 1 1 1 1
vc 1 1 1 1
vc 1 1 1 1
vc 1 1 1 1
vc 1 1 1 1
vc 1 1 1 1
vc 1 1 1 1
vc 1 1 1 1
vc 1 1 1 1
vc 1 1 1 1
vc 1 1 1 1
vc 1 1 1 1
vc 1 1 1 1
vc 1 1 1 1
vc 1 1 1 1
vc 1 1 1 1
vc 1 1 1 1
vc 1 1 1 1
vc 1 1 1 1
vc 1 1 1 1
vc 1 1 1 1
vc 1 1 1 1
vc 1 1 1 1
vc 1 1 1 1
vc 1 1 1 1
vc 1 1 1 1
vc 1 1 1 1
vc 1 1 1 1
vc 1 1 1 1
vc 1 1 1 1
vc 1 1 1 1
vc 1 1 1 1
vc 1 1 1 1
vc 1 1 1 1
vc 1 1 1 1
vc 1 1 1 1
vc 1 1 1 1
vc 1 1 1 1
vc 1 1 1 1
vc 1 1 1 1
vc 1 1 1 1
vc 1 1 1 1
vc 1 1 1 1
vc 1 1 1 1
vc 1 1 1 1
vc 1 1 1 1
vc 1 1 1 1
vc 1 1 1 1
vc 1 1 1 1
vc 1 1 1 1
vc 1 1 1 1
vc 1 1 1 1
vc 1 1 1 1
vc 1 1 1 1
vc 1 1 1 1
vc 1 1 1 1
vc 1 1 1 1
vc 1 1 1 1
vc 1 1 1 1
vc 1 1 1 1
vc 1 1 1 1
vc 1 1 1 1
vc 1 1 1 1
vc 1 1 1 1
vc 1 1 1 1
vc 1 1 1 1
vc 1 1 1 1
vc 1 1 1 1
vc 1 1 1 1
vc 1 1 1 1
vc 1 1 1 1
vc 1 1 1 1
vc 1 1 1 1
vc 1 1 1 1
vc 1 1 1 1
vc 1 1 1 1
vc 1 1 1 1
vc 1 1 1 1
vc 1 1 1 1
vc 1 1 1 1
vc 1 1 1 1
vc 1 1 1 1
vc 1 1 1 1
vc 1 1 1 1
vc 1 1 1 1
vc 1 1 1 1
vc 1 1 1 1
vc 1 1 1 1
vc 1 1 1 1
vc 1 1 1 1
vc 1 1 1 1
vc 1 1 1 1
vc 1 1 1 1
vc 1 1 1 1
vc 1 1 1 1
vc 1 1 1 1
vc 1 1 1 1
vc 1 1 1 1
vc 1 1 1 1
vc 1 1 1 1
vc 1 1 1 1
vc 1 1 1 1
vc 1 1 1 1
vc 1 1 1 1
vc 1 1 1 1
vc 1 1 1 1
vc 1 1 1 1
vc 1 1 1 1
vc 1 1 1 1
vc 1 1 1 1
vc 1 1 1 1
vc 1 1 1 1
vc 1 1 1 1
vc 1 1 1 1
vc 1 1 1 1
vc 1 1 1 1
vc 1 1 1 1
vc 1 1 1 1
vc 1 1 1 1
vc 1 1 1 1
vc 1 1 1 1
vc 1 1 1 1
vc 1 1 1 1
vc 1 1 1 1
vc 1 1 1 1
vc 1 1 1 1
vc 1 1 1 1
vc 1 1 1 1
vc 1 1 1 1
vc 1 1 1 1
vc 1 1 1 1
vc 1 1 1 1
vc 1 1 1 1
vc 1 1 1 1
vc 1 1 1 1
vc 1 1 1 1
vc 1 1 1 1
vc 1 1 1 1
vc 1 1 1 1
vc 1 1 1 1
vc 1 1 1 1
vc 1 1 1 1
vc 1 1 1 1
vc 1 1 1 1
vc 1 1 1 1
vc 1 1 1 1
vc 1 1 1 1
vc 1 1 1 1
vc 1 1 1 1
vc 1 1 1 1
vc 1 1 1 1
vc 1 1 1 1
vc 1 1 1 1
vc 1 1 1 1
vc 1 1 1 1
vc 1 1 1 1
vc 1 1 1 1
vc 1 1 1 1
vc 1 1 1 1
vc 1 1 1 1
vc 1 1 1 1
vc 1 1 1 1
vc 1 1 1 1
vc 1 1 1 1
vc 1 1 1 1
vc 1 1 1 1
vc 1 1 1 1
vc 1 1 1 1
vc 1 1 1 1
vc 1 1 1 1
vc 1 1 1 1
vc 1 1 1 1
vc 1 1 1 1
vc 1 1 1 1
vc 1 1 1 1
vc 1 1 1 1
vc 1 1 1 1
vc 1 1 1 1
vc 1 1 1 1
vc 1 1 1 1
vc 1 1 1 1
vc 1 1 1 1
vc 1 1 1 1
vc 1 1 1 1
vc 1 1 1 1
vc 1 1 1 1
vc 1 1 1 1
vc 1 1 1 1
vc 1 1 1 1
vc 1 1 1 1
vc 1 1 1 1
vc 1 1 1 1
vc 1 1 1 1
vc 1 1 1 1
vc 1 1 1 1
vc 1 1 1 1
vc 1 1 1 1
vc 1 1 1 1
vc 1 1 1 1
vc 1 1 1 1
vc 1 1 1 1
vc 1 1 1 1
vc 1 1 1 1
vc 1 1 1 1
vc 1 1 1 1
vc 1 1 1 1
vc 1 1 1 1
vc 1 1 1 1
vc 1 1 1 1
vc 1 1 1 1
vc 1 1 1 1
vc 1 1 1 1
vc 1 1 1 1
vc 1 1 1 1
vc 1 1 1 1
vc 1 1 1 1
vc 1 1 1 1
vc 1 1 1 1
vc 1 1 1 1
vc 1 1 1 1
vc 1 1 1 1
vc 1 1 1 1
vc 1 1 1 1
vc 1 1 1 1
vc 1 1 1 1
vc 1 1 1 1
vc 1 1 1 1
vc 1 1 1 1
vc 1 1 1 1
vc 1 1 1 1
vc 1 1 1 1
vc 1 1 1 1
vc 1 1 1 1
vc 1 1 1 1
vc 1 1 1 1
vc 1 1 1 1
vc 1 1 1 1
vc 1 1 1 1
vc 1 1 1 1
vc 1 1 1 1
vc 1 1 1 1
vc 1 1 1 1
vc 1 1 1 1
vc 1 1 1 1
vc 1 1 1 1
vc 1 1 1 1
vc 1 1 1 1
vc 1 1 1 1
vc 1 1 1 1
vc 1 1 1 1
vc 1 1 1 1
vc 1 1 1 1
vc 1 1 1 1
vc 1 1 1 1
vc 1 1 1 1
vc 1 1 1 1
vc 1 1 1 1
vc 1 1 1 1
vc 1 1 1 1
vc 1 1 1 1
vc 1 1 1 1
vc 1 1 1 1
vc 1 1 1 1
vc 1 1 1 1
vc 1 1 1 1
vc 1 1 1 1
vc 1 1 1 1
vc 1 1 1 1
vc 1 1 1 1
vc 1 1 1 1
vc 1 1 1 1
vc 1 1 1 1
vc 1 1 1 1
vc 1 1 1 1
vc 1 1 1 1
vc 1 1 1 1
vc 1 1 1 1
vc 1 1 1 1
vc 1 1 1 1
vc 1 1 1 1
vc 1 1 1 1
vc 1 1 1 1
vc 1 1 1 1
vc 1 1 1 1
vc 1 1 1 1
vc 1 1 1 1
vc 1 1 1 1
vc 1 1 1 1
vc 1 1 1 1
vc 1 1 1 1
vc 1 1 1 1
vc 1 1 1 1
vc 1 1 1 1
vc 1 1 1 1
vc 1 1 1 1
vc 1 1 1 1
vc 1 1 1 1
vc 1 1 1 1
vc 1 1 1 1
vc 1 1 1 1
vc 1 1 1 1
vc 1 1 1 1
vc 1 1 1 1
vc 1 1 1 1
vc 1 1 1 1
vc 1 1 1 1
vc 1 1 1 1
vc 1 1 1 1
vc 1 1 1 1
vc 1 1 1 1
vc 1 1 1 1
vc 1 1 1 1
vc 1 1 1 1
vc 1 1 1 1
vc 1 1 1 1
vc 1 1 1 1
vc 1 1 1 1
vc 1 1 1 1
vc 1 1 1 1
vc 1 1 1 1
vc 1 1 1 1
vc 1 1 1 1
vc 1 1 1 1
vc 1 1 1 1
vc 1 1 1 1
vc 1 1 1 1
vc 1 1 1 1
vc 1 1 1 1
vc 1 1 1 1
vc 1 1 1 1
vc 1 1 1 1
vc 1 1 1 1
vc 1 1 1 1
vc 1 1 1 1
vc 1 1 1 1
vc 1 1 1 1
vc 1 1 1 1
vc 1 1 1 1
vc 1 1 1 1
vc 1 1 1 1
vc 1 1 1 1
vc 1 1 1 1
vc 1 1 1 1
vc 1 1 1 1
vc 1 1 1 1
vc 1 1 1 1
vc 1 1 1 1
vc 1 1 1 1
vc 1 1 1 1
vc 1 1 1 1
vc 1 1 1 1
vc 1 1 1 1
vc 1 1 1 1
vc 1 1 1 1
vc 1 1 1 1
vc 1 1 1 1
vc 1 1 1 1
vc 1 1 1 1
vc 1 1 1 1
vc 1 1 1 1
vc 1 1 1 1
vc 1 1 1 1
vc 1 1 1 1
vc 1 1 1 1
vc 1 1 1 1
vc 1 1 1 1
vc 1 1 1 1
vc 1 1 1 1
vc 1 1 1 1
vc 1 1 1 1
vc 1 1 1 1
vc 1 1 1 1
vc 1 1 1 1
vc 1 1 1 1
vc 1 1 1 1
vc 1 1 1 1
vc 1 1 1 1
vc 1 1 1 1
vc 1 1 1 1
vc 1 1 1 1
vc 1 1 1 1
vc 1 1 1 1
vc 1 1 1 1
vc 1 1 1 1
vc 1 1 1 1
vc 1 1 1 1
vc 1 1 1 1
vc 1 1 1 1
vc 1 1 1 1
vc 1 1 1 1
vc 1 1 1 1
vc 1 1 1 1
vc 1 1 1 1
vc 1 1 1 1
vc 1 1 1 1
vc 1 1 1 1
vc 1 1 1 1
vc 1 1 1 1
vc 1 1 1 1
vc 1 1 1 1
vc 1 1 1 1
vc 1 1 1 1
vc 1 1 1 1
vc 1 1 1 1
vc 1 1 1 1
vc 1 1 1 1
vc 1 1 1 1
vc 1 1 1 1
vc 1 1 1 1
vc 1 1 1 1
vc 1 1 1 1
vc 1 1 1 1
vc 1 1 1 1
vc 1 1 1 1
vc 1 1 1 1
vc 1 1 1 1
vc 1 1 1 1
vc 1 1 1 1
vc 1 1 1 1
vc 1 1 1 1
vc 1 1 1 1
vc 1 1 1 1
vc 1 1 1 1
vc 1 1 1 1
vc 1 1 1 1
vc 1 1 1 1
vc 1 1 1 1
vc 1 1 1 1
vc 1 1 1 1
vc 1 1 1 1
vc 1 1 1 1
vc 1 1 1 1
vc 1 1 1 1
vc 1 1 1 1
vc 1 1 1 1
vc 1 1 1 1
vc 1 1 1 1
vc 1 1 1 1
vc 1 1 1 1
vc 1 1 1 1
vc 1 1 1 1
vc 1 1 1 1
vc 1 1 1 1
vc 1 1 1 1
vc 1 1 1 1
vc 1 1 1 1
vc 1 1 1 1
vc 1 1 1 1
vc 1 1 1 1
vc 1 1 1 1
vc 1 1 1 1
vc 1 1 1 1
vc 1 1 1 1
vc 1 1 1 1
vc 1 1 1 1
vc 1 1 1 1
vc 1 1 1 1
vc 1 1 1 1
vc 1 1 1 1
vc 1 1 1 1
vc 1 1 1 1
vc 1 1 1 1
vc 1 1 1 1
vc 1 1 1 1
vc 1 1 1 1
vc 1 1 1 1
vc 1 1 1 1
vc 1 1 1 1
vc 1 1 1 1
vc 1 1 1 1
vc 1 1 1 1
vc 1 1 1 1
vc 1 1 1 1
vc 1 1 1 1
vc 1 1 1 1
vc 1 1 1 1
vc 1 1 1 1
vc 1 1 1 1
vc 1 1 1 1
vc 1 1 1 1
vc 1 1 1 1
vc 1 1 1 1
vc 1 1 1 1
vc 1 1 1 1
vc 1 1 1 1
vc 1 1 1 1
vc 1 1 1 1
vc 1 1 1 1
vc 1 1 1 1
vc 1 1 1 1
vc 1 1 1 1
vc 1 1 1 1
vc 1 1 1 1
vc 1 1 1 1
vc 1 1 1 1
vc 1 1 1 1
vc 1 1 1 1
vc 1 1 1 1
vc 1 1 1 1
vc 1 1 1 1
vc 1 1 1 1
vc 1 1 1 1
vc 1 1 1 1
vc 1 1 1 1
vc 1 1 1 1
vc 1 1 1 1
vc 1 1 1 1
vc 1 1 1 1
vc 1 1 1 1
vc 1 1 1 1
vc 1 1 1 1
vc 1 1 1 1
vc 1 1 1 1
vc 1 1 1 1
vc 1 1 1 1
vc 1 1 1 1
vc 1 1 1 1
vc 1 1 1 1
vc 1 1 1 1
vc 1 1 1 1
vc 1 1 1 1
vc 1 1 1 1
vc 1 1 1 1
vc 1 1 1 1
vc 1 1 1 1
vc 1 1 1 1
vc 1 1 1 1
vc 1 1 1 1
vc 1 1 1 1
vc 1 1 1 1
vc 1 1 1 1
vc 1 1 1 1
vc 1 1 1 1
vc 1 1 1 1
vc 1 1 1 1
vc 1 1 1 1
vc 1 1 1 1
vc 1 1 1 1
vc 1 1 1 1
vc 1 1 1 1
vc 1 1 1 1
vc 1 1 1 1
vc 1 1 1 1
vc 1 1 1 1
vc 1 1 1 1
vc 1 1 1 1
vc 1 1 1 1
vc 1 1 1 1
vc 1 1 1 1
vc 1 1 1 1
vc 1 1 1 1
vc 1 1 1 1
vc 1 1 1 1
vc 1 1 1 1
vc 1 1 1 1
vc 1 1 1 1
vc 1 1 1 1
vc 1 1 1 1
vc 1 1 1 1
vc 1 1 1 1
vc 1 1 1 1
vc 1 1 1 1
vc 1 1 1 1
vc 1 1 1 1
vc 1 1 1 1
vc 1 1 1 1
vc 1 1 1 1
vc 1 1 1 1
vc 1 1 1 1
vc 1 1 1 1
vc 1 1 1 1
vc 1 1 1 1
vc 1 1 1 1
vc 1 1 1 1
vc 1 1 1 1
vc 1 1 1 1
vc 1 1 1 1
vc 1 1 1 1
vc 1 1 1 1
vc 1 1 1 1
vc 1 1 1 1
vc 1 1 1 1
vc 1 1 1 1
vc 1 1 1 1
vc 1 1 1 1
vc 1 1 1 1
vc 1 1 1 1
vc 1 1 1 1
vc 1 1 1 1
vc 1 1 1 1
vc 1 1 1 1
vc 1 1 1 1
vc 1 1 1 1
vc 1 1 1 1
vc 1 1 1 1
vc 1 1 1 1
vc 1 1 1 1
vc 1 1 1 1
vc 1 1 1 1
vc 1 1 1 1
vc 1 1 1 1
vc 1 1 1 1
vc 1 1 1 1
vc 1 1 1 1
vc 1 1 1 1
vc 1 1 1 1
vc 1 1 1 1
vc 1 1 1 1
vc 1 1 1 1
vc 1 1 1 1
vc 1 1 1 1
vc 1 1 1 1
vc 1 1 1 1
vc 1 1 1 1
vc 1 1 1 1
vc 1 1 1 1
vc 1 1 1 1

usemtl Material.001
usemap Material.001
f 3/3/3 2/2/2 1/1/1
f 6/6/6 5/5/5 4/4/4
f 9/9/9 8/8/8 7/7/7
f 12/12/12 11/11/11 10/10/10
f 15/15/15 14/14/14 13/13/13
f 18/18/18 17/17/17 16/16/16
f 21/21/21 20/20/20 19/19/19
f 24/24/24 23/23/23 22/22/22
f 27/27/27 26/26/26 25/25/25
f 30/30/30 29/29/29 28/28/28
f 33/33/33 32/32/32 31/31/31
f 36/36/36 35/35/35 34/34/34
f 39/39/39 38/38/38 37/37/37
f 42/42/42 41/41/41 40/40/40
f 45/45/45 44/44/44 43/43/43
f 48/48/48 47/47/47 46/46/46
f 51/51/51 50/50/50 49/49/49
f 54/54/54 53/53/53 52/52/52
f 57/57/57 56/56/56 55/55/55
f 60/60/60 59/59/59 58/58/58
f 63/63/63 62/62/62 61/61/61
f 66/66/66 65/65/65 64/64/64
f 69/69/69 68/68/68 67/67/67
f 72/72/72 71/71/71 70/70/70
f 75/75/75 74/74/74 73/73/73
f 78/78/78 77/77/77 76/76/76
f 81/81/81 80/80/80 79/79/79
f 84/84/84 83/83/83 82/82/82
f 87/87/87 86/86/86 85/85/85
f 90/90/90 89/89/89 88/88/88
f 93/93/93 92/92/92 91/91/91
f 96/96/96 95/95/95 94/94/94
f 99/99/99 98/98/98 97/97/97
f 102/102/102 101/101/101 100/100/100
f 105/105/105 104/104/104 103/103/103
f 108/108/108 107/107/107 106/106/106
f 111/111/111 110/110/110 109/109/109
f 114/114/114 113/113/113 112/112/112
f 117/117/117 116/116/116 115/115/115
f 120/120/120 119/119/119 118/118/118
f 123/123/123 122/122/122 121/121/121
f 126/126/126 125/125/125 124/124/124
f 129/129/129 128/128/128 127/127/127
f 132/132/132 131/131/131 130/130/130
f 133/133/133 132/132/132 130/130/130
f 133/133/133 130/130/130 134/134/134
f 135/135/135 133/133/133 134/134/134
f 135/135/135 134/134/134 136/136/136
f 137/137/137 135/135/135 136/136/136
f 140/140/140 139/139/139 138/138/138
f 138/138/138 141/141/141 140/140/140
f 138/138/138 142/142/142 141/141/141
f 142/142/142 143/143/143 141/141/141
f 143/143/143 144/144/144 141/141/141
f 144/144/144 145/145/145 141/141/141
f 145/145/145 146/146/146 141/141/141
f 146/146/146 147/147/147 141/141/141
f 147/147/147 148/148/148 141/141/141
f 148/148/148 149/149/149 141/141/141
f 149/149/149 150/150/150 141/141/141
f 150/150/150 151/151/151 141/141/141
f 151/151/151 152/152/152 141/141/141
f 154/154/154 153/153/153 141/141/141
f 153/153/153 155/155/155 141/141/141
f 156/156/156 155/155/155 153/153/153
f 153/153/153 157/157/157 156/156/156
f 156/156/156 158/158/158 155/155/155
f 156/156/156 159/159/159 158/158/158
f 159/159/159 160/160/160 158/158/158
f 160/160/160 161/161/161 158/158/158
f 161/161/161 162/162/162 158/158/158
f 162/162/162 163/163/163 158/158/158
f 163/163/163 164/164/164 158/158/158
f 164/164/164 165/165/165 158/158/158
f 165/165/165 166/166/166 158/158/158
f 166/166/166 167/167/167 158/158/158
f 167/167/167 168/168/168 158/158/158
f 171/171/171 170/170/170 169/169/169
f 172/172/172 171/171/171 169/169/169
f 171/171/171 172/172/172 173/173/173
f 174/174/174 171/171/171 173/173/173
f 174/174/174 173/173/173 175/175/175
f 176/176/176 174/174/174 175/175/175
f 179/179/179 178/178/178 177/177/177
f 178/178/178 180/180/180 177/177/177
f 177/177/177 180/180/180 181/181/181
f 180/180/180 182/182/182 181/181/181
f 181/181/181 182/182/182 183/183/183
f 182/182/182 184/184/184 183/183/183
f 187/187/187 186/186/186 185/185/185
f 187/187/187 185/185/185 188/188/188
f 187/187/187 188/188/188 189/189/189
f 187/187/187 189/189/189 190/190/190
f 187/187/187 190/190/190 191/191/191
f 187/187/187 191/191/191 192/192/192
f 187/187/187 192/192/192 193/193/193
f 187/187/187 193/193/193 194/194/194
f 187/187/187 194/194/194 195/195/195
f 187/187/187 195/195/195 196/196/196
f 187/187/187 196/196/196 197/197/197
f 187/187/187 197/197/197 198/198/198
f 198/198/198 199/199/199 187/187/187
f 201/201/201 200/200/200 199/199/199
f 200/200/200 202/202/202 199/199/199
f 204/204/204 203/203/203 202/202/202
f 202/202/202 205/205/205 204/204/204
f 202/202/202 206/206/206 205/205/205
f 202/202/202 207/207/207 206/206/206
f 202/202/202 208/208/208 207/207/207
f 202/202/202 209/209/209 208/208/208
f 202/202/202 210/210/210 209/209/209
f 202/202/202 211/211/211 210/210/210
f 202/202/202 212/212/212 211/211/211
f 202/202/202 213/213/213 212/212/212
f 202/202/202 214/214/214 213/213/213
f 202/202/202 215/215/215 214/214/214
f 218/218/218 217/217/217 216/216/216
f 219/219/219 218/218/218 216/216/216
f 218/218/218 219/219/219 220/220/220
f 221/221/221 218/218/218 220/220/220
f 221/221/221 220/220/220 222/222/222
f 223/223/223 221/221/221 222/222/222
f 223/223/223 222/222/222 224/224/224
f 225/225/225 223/223/223 224/224/224
f 225/225/225 224/224/224 226/226/226
f 227/227/227 225/225/225 226/226/226
f 227/227/227 226/226/226 228/228/228
f 229/229/229 227/227/227 228/228/228
f 230/230/230 229/229/229 228/228/228
f 231/231/231 230/230/230 228/228/228
f 230/230/230 231/231/231 232/232/232
f 233/233/233 230/230/230 232/232/232
f 233/233/233 232/232/232 234/234/234
f 235/235/235 233/233/233 234/234/234
f 235/235/235 234/234/234 236/236/236
f 237/237/237 235/235/235 236/236/236
f 237/237/237 236/236/236 238/238/238
f 239/239/239 237/237/237 238/238/238
f 239/239/239 238/238/238 240/240/240
f 241/241/241 239/239/239 240/240/240
f 240/240/240 242/242/242 241/241/241
f 242/242/242 243/243/243 241/241/241
f 246/246/246 245/245/245 244/244/244
f 247/247/247 246/246/246 244/244/244
f 247/247/247 244/244/244 248/248/248
f 249/249/249 247/247/247 248/248/248
f 249/249/249 248/248/248 250/250/250
f 251/251/251 249/249/249 250/250/250
f 251/251/251 250/250/250 252/252/252
f 250/250/250 253/253/253 252/252/252
f 253/253/253 254/254/254 252/252/252
f 254/254/254 255/255/255 252/252/252
f 254/254/254 256/256/256 255/255/255
f 256/256/256 257/257/257 255/255/255
f 256/256/256 258/258/258 257/257/257
f 258/258/258 259/259/259 257/257/257
f 262/262/262 261/261/261 260/260/260
f 263/263/263 262/262/262 260/260/260
f 263/263/263 260/260/260 264/264/264
f 265/265/265 263/263/263 264/264/264
f 265/265/265 264/264/264 266/266/266
f 267/267/267 265/265/265 266/266/266
f 270/270/270 269/269/269 268/268/268
f 268/268/268 271/271/271 270/270/270
f 268/268/268 272/272/272 271/271/271
f 272/272/272 273/273/273 271/271/271
f 273/273/273 274/274/274 271/271/271
f 274/274/274 275/275/275 271/271/271
f 275/275/275 276/276/276 271/271/271
f 276/276/276 277/277/277 271/271/271
f 277/277/277 278/278/278 271/271/271
f 278/278/278 279/279/279 271/271/271
f 279/279/279 280/280/280 271/271/271
f 280/280/280 281/281/281 271/271/271
f 281/281/281 282/282/282 271/271/271
f 284/284/284 283/283/283 271/271/271
f 283/283/283 285/285/285 271/271/271
f 286/286/286 285/285/285 283/283/283
f 283/283/283 287/287/287 286/286/286
f 286/286/286 288/288/288 285/285/285
f 286/286/286 289/289/289 288/288/288
f 289/289/289 290/290/290 288/288/288
f 290/290/290 291/291/291 288/288/288
f 291/291/291 292/292/292 288/288/288
f 292/292/292 293/293/293 288/288/288
f 293/293/293 294/294/294 288/288/288
f 294/294/294 295/295/295 288/288/288
f 295/295/295 296/296/296 288/288/288
f 296/296/296 297/297/297 288/288/288
f 297/297/297 298/298/298 288/288/288
f 301/301/301 300/300/300 299/299/299
f 302/302/302 301/301/301 299/299/299
f 301/301/301 302/302/302 303/303/303
f 304/304/304 301/301/301 303/303/303
f 304/304/304 303/303/303 305/305/305
f 306/306/306 304/304/304 305/305/305
f 309/309/309 308/308/308 307/307/307
f 308/308/308 310/310/310 307/307/307
f 307/307/307 310/310/310 311/311/311
f 310/310/310 312/312/312 311/311/311
f 311/311/311 312/312/312 313/313/313
f 312/312/312 314/314/314 313/313/313
f 317/317/317 316/316/316 315/315/315
f 317/317/317 315/315/315 318/318/318
f 317/317/317 318/318/318 319/319/319
f 317/317/317 319/319/319 320/320/320
f 317/317/317 320/320/320 321/321/321
f 317/317/317 321/321/321 322/322/322
f 317/317/317 322/322/322 323/323/323
f 317/317/317 323/323/323 324/324/324
f 317/317/317 324/324/324 325/325/325
f 317/317/317 325/325/325 326/326/326
f 317/317/317 326/326/326 327/327/327
f 317/317/317 327/327/327 328/328/328
f 328/328/328 329/329/329 317/317/317
f 331/331/331 330/330/330 329/329/329
f 330/330/330 332/332/332 329/329/329
f 334/334/334 333/333/333 332/332/332
f 332/332/332 335/335/335 334/334/334
f 332/332/332 336/336/336 335/335/335
f 332/332/332 337/337/337 336/336/336
f 332/332/332 338/338/338 337/337/337
f 332/332/332 339/339/339 338/338/338
f 332/332/332 340/340/340 339/339/339
f 332/332/332 341/341/341 340/340/340
f 332/332/332 342/342/342 341/341/341
f 332/332/332 343/343/343 342/342/342
f 332/332/332 344/344/344 343/343/343
f 332/332/332 345/345/345 344/344/344
f 348/348/348 347/347/347 346/346/346
f 349/349/349 348/348/348 346/346/346
f 348/348/348 349/349/349 350/350/350
f 351/351/351 348/348/348 350/350/350
f 351/351/351 350/350/350 352/352/352
f 353/353/353 351/351/351 352/352/352
f 353/353/353 352/352/352 354/354/354
f 355/355/355 353/353/353 354/354/354
f 355/355/355 354/354/354 356/356/356
f 357/357/357 355/355/355 356/356/356
f 357/357/357 356/356/356 358/358/358
f 359/359/359 357/357/357 358/358/358
f 360/360/360 359/359/359 358/358/358
f 361/361/361 360/360/360 358/358/358
f 360/360/360 361/361/361 362/362/362
f 363/363/363 360/360/360 362/362/362
f 363/363/363 362/362/362 364/364/364
f 365/365/365 363/363/363 364/364/364
f 365/365/365 364/364/364 366/366/366
f 367/367/367 365/365/365 366/366/366
f 367/367/367 366/366/366 368/368/368
f 369/369/369 367/367/367 368/368/368
f 369/369/369 368/368/368 370/370/370
f 371/371/371 369/369/369 370/370/370
f 370/370/370 372/372/372 371/371/371
f 372/372/372 373/373/373 371/371/371
f 376/376/376 375/375/375 374/374/374
f 377/377/377 376/376/376 374/374/374
f 377/377/377 374/374/374 378/378/378
f 379/379/379 377/377/377 378/378/378
f 379/379/379 378/378/378 380/380/380
f 381/381/381 379/379/379 380/380/380
f 381/381/381 380/380/380 382/382/382
f 380/380/380 383/383/383 382/382/382
f 383/383/383 384/384/384 382/382/382
f 384/384/384 385/385/385 382/382/382
f 384/384/384 386/386/386 385/385/385
f 386/386/386 387/387/387 385/385/385
f 386/386/386 388/388/388 387/387/387
f 388/388/388 389/389/389 387/387/387
f 392/392/392 391/391/391 390/390/390
f 393/393/393 392/392/392 390/390/390
f 393/393/393 390/390/390 394/394/394
f 395/395/395 393/393/393 394/394/394
f 395/395/395 394/394/394 396/396/396
f 397/397/397 395/395/395 396/396/396
f 400/400/400 399/399/399 398/398/398
f 398/398/398 401/401/401 400/400/400
f 398/398/398 402/402/402 401/401/401
f 402/402/402 403/403/403 401/401/401
f 403/403/403 404/404/404 401/401/401
f 404/404/404 405/405/405 401/401/401
f 405/405/405 406/406/406 401/401/401
f 406/406/406 407/407/407 401/401/401
f 407/407/407 408/408/408 401/401/401
f 408/408/408 409/409/409 401/401/401
f 409/409/409 410/410/410 401/401/401
f 410/410/410 411/411/411 401/401/401
f 411/411/411 412/412/412 401/401/401
f 414/414/414 413/413/413 401/401/401
f 413/413/413 415/415/415 401/401/401
f 416/416/416 415/415/415 413/413/413
f 413/413/413 417/417/417 416/416/416
f 416/416/416 418/418/418 415/415/415
f 416/416/416 419/419/419 418/418/418
f 419/419/419 420/420/420 418/418/418
f 420/420/420 421/421/421 418/418/418
f 421/421/421 422/422/422 418/418/418
f 422/422/422 423/423/423 418/418/418
f 423/423/423 424/424/424 418/418/418
f 424/424/424 425/425/425 418/418/418
f 425/425/425 426/426/426 418/418/418
f 426/426/426 427/427/427 418/418/418
f 427/427/427 428/428/428 418/418/418
f 431/431/431 430/430/430 429/429/429
f 432/432/432 431/431/431 429/429/429
f 431/431/431 432/432/432 433/433/433
f 434/434/434 431/431/431 433/433/433
f 434/434/434 433/433/433 435/435/435
f 436/436/436 434/434/434 435/435/435
f 439/439/439 438/438/438 437/437/437
f 438/438/438 440/440/440 437/437/437
f 437/437/437 440/440/440 441/441/441
f 440/440/440 442/442/442 441/441/441
f 441/441/441 442/442/442 443/443/443
f 442/442/442 444/444/444 443/443/443
f 447/447/447 446/446/446 445/445/445
f 447/447/447 445/445/445 448/448/448
f 447/447/447 448/448/448 449/449/449
f 447/447/447 449/449/449 450/450/450
f 447/447/447 450/450/450 451/451/451
f 447/447/447 451/451/451 452/452/452
f 447/447/447 452/452/452 453/453/453
f 447/447/447 453/453/453 454/454/454
f 447/447/447 454/454/454 455/455/455
f 447/447/447 455/455/455 456/456/456
f 447/447/447 456/456/456 457/457/457
f 447/447/447 457/457/457 458/458/458
f 458/458/458 459/459/459 447/447/447
f 461/461/461 460/460/460 459/459/459
f 460/460/460 462/462/462 459/459/459
f 464/464/464 463/463/463 462/462/462
f 462/462/462 465/465/465 464/464/464
f 462/462/462 466/466/466 465/465/465
f 462/462/462 467/467/467 466/466/466
f 462/462/462 468/468/468 467/467/467
f 462/462/462 469/469/469 468/468/468
f 462/462/462 470/470/470 469/469/469
f 462/462/462 471/471/471 470/470/470
f 462/462/462 472/472/472 471/471/471
f 462/462/462 473/473/473 472/472/472
f 462/462/462 474/474/474 473/473/473
f 462/462/462 475/475/475 474/474/474
f 478/478/478 477/477/477 476/476/476
f 479/479/479 478/478/478 476/476/476
f 478/478/478 479/479/479 480/480/480
f 481/481/481 478/478/478 480/480/480
f 481/481/481 480/480/480 482/482/482
f 483/483/483 481/481/481 482/482/482
f 483/483/483 482/482/482 484/484/484
f 485/485/485 483/483/483 484/484/484
f 485/485/485 484/484/484 486/486/486
f 487/487/487 485/485/485 486/486/486
f 487/487/487 486/486/486 488/488/488
f 489/489/489 487/487/487 488/488/488
f 490/490/490 489/489/489 488/488/488
f 491/491/491 490/490/490 488/488/488
f 490/490/490 491/491/491 492/492/492
f 493/493/493 490/490/490 492/492/492
f 493/493/493 492/492/492 494/494/494
f 495/495/495 493/493/493 494/494/494
f 495/495/495 494/494/494 496/496/496
f 497/497/497 495/495/495 496/496/496
f 497/497/497 496/496/496 498/498/498
f 499/499/499 497/497/497 498/498/498
f 499/499/499 498/498/498 500/500/500
f 501/501/501 499/499/499 500/500/500
f 500/500/500 502/502/502 501/501/501
f 502/502/502 503/503/503 501/501/501
f 506/506/506 505/505/505 504/504/504
f 507/507/507 506/506/506 504/504/504
f 507/507/507 504/504/504 508/508/508
f 509/509/509 507/507/507 508/508/508
f 509/509/509 508/508/508 510/510/510
f 511/511/511 509/509/509 510/510/510
f 511/511/511 510/510/510 512/512/512
f 510/510/510 513/513/513 512/512/512
f 513/513/513 514/514/514 512/512/512
f 514/514/514 515/515/515 512/512/512
f 514/514/514 516/516/516 515/515/515
f 516/516/516 517/517/517 515/515/515
f 516/516/516 518/518/518 517/517/517
f 518/518/518 519/519/519 517/517/517
f 522/522/522 521/521/521 520/520/520
f 523/523/523 522/522/522 520/520/520
f 523/523/523 520/520/520 524/524/524
f 525/525/525 523/523/523 524/524/524
f 525/525/525 524/524/524 526/526/526
f 527/527/527 525/525/525 526/526/526
f 530/530/530 529/529/529 528/528/528
f 528/528/528 531/531/531 530/530/530
f 528/528/528 532/532/532 531/531/531
f 532/532/532 533/533/533 531/531/531
f 533/533/533 534/534/534 531/531/531
f 534/534/534 535/535/535 531/531/531
f 535/535/535 536/536/536 531/531/531
f 536/536/536 537/537/537 531/531/531
f 537/537/537 538/538/538 531/531/531
f 538/538/538 539/539/539 531/531/531
f 539/539/539 540/540/540 531/531/531
f 540/540/540 541/541/541 531/531/531
f 541/541/541 542/542/542 531/531/531
f 544/544/544 543/543/543 531/531/531
f 543/543/543 545/545/545 531/531/531
f 546/546/546 545/545/545 543/543/543
f 543/543/543 547/547/547 546/546/546
f 546/546/546 548/548/548 545/545/545
f 546/546/546 549/549/549 548/548/548
f 549/549/549 550/550/550 548/548/548
f 550/550/550 551/551/551 548/548/548
f 551/551/551 552/552/552 548/548/548
f 552/552/552 553/553/553 548/548/548
f 553/553/553 554/554/554 548/548/548
f 554/554/554 555/555/555 548/548/548
f 555/555/555 556/556/556 548/548/548
f 556/556/556 557/557/557 548/548/548
f 557/557/557 558/558/558 548/548/548
f 561/561/561 560/560/560 559/559/559
f 562/562/562 561/561/561 559/559/559
f 561/561/561 562/562/562 563/563/563
f 564/564/564 561/561/561 563/563/563
f 564/564/564 563/563/563 565/565/565
f 566/566/566 564/564/564 565/565/565
f 569/569/569 568/568/568 567/567/567
f 568/568/568 570/570/570 567/567/567
f 567/567/567 570/570/570 571/571/571
f 570/570/570 572/572/572 571/571/571
f 571/571/571 572/572/572 573/573/573
f 572/572/572 574/574/574 573/573/573
f 577/577/577 576/576/576 575/575/575
f 577/577/577 575/575/575 578/578/578
f 577/577/577 578/578/578 579/579/579
f 577/577/577 579/579/579 580/580/580
f 577/577/577 580/580/580 581/581/581
f 577/577/577 581/581/581 582/582/582
f 577/577/577 582/582/582 583/583/583
f 577/577/577 583/583/583 584/584/584
f 577/577/577 584/584/584 585/585/585
f 577/577/577 585/585/585 586/586/586
f 577/577/577 586/586/586 587/587/587
f 577/577/577 587/587/587 588/588/588
f 588/588/588 589/589/589 577/577/577
f 591/591/591 590/590/590 589/589/589
f 590/590/590 592/592/592 589/589/589
f 594/594/594 593/593/593 592/592/592
f 592/592/592 595/595/595 594/594/594
f 592/592/592 596/596/596 595/595/595
f 592/592/592 597/597/597 596/596/596
f 592/592/592 598/598/598 597/597/597
f 592/592/592 599/599/599 598/598/598
f 592/592/592 600/600/600 599/599/599
f 592/592/592 601/601/601 600/600/600
f 592/592/592 602/602/602 601/601/601
f 592/592/592 603/603/603 602/602/602
f 592/592/592 604/604/604 603/603/603
f 592/592/592 605/605/605 604/604/604
f 608/608/608 607/607/607 606/606/606
f 609/609/609 608/608/608 606/606/606
f 608/608/608 609/609/609 610/610/610
f 611/611/611 608/608/608 610/610/610
f 611/611/611 610/610/610 612/612/612
f 613/613/613 611/611/611 612/612/612
f 613/613/613 612/612/612 614/614/614
f 615/615/615 613/613/613 614/614/614
f 615/615/615 614/614/614 616/616/616
f 617/617/617 615/615/615 616/616/616
f 617/617/617 616/616/616 618/618/618
f 619/619/619 617/617/617 618/618/618
f 620/620/620 619/619/619 618/618/618
f 621/621/621 620/620/620 618/618/618
f 620/620/620 621/621/621 622/622/622
f 623/623/623 620/620/620 622/622/622
f 623/623/623 622/622/622 624/624/624
f 625/625/625 623/623/623 624/624/624
f 625/625/625 624/624/624 626/626/626
f 627/627/627 625/625/625 626/626/626
f 627/627/627 626/626/626 628/628/628
f 629/629/629 627/627/627 628/628/628
f 629/629/629 628/628/628 630/630/630
f 631/631/631 629/629/629 630/630/630
f 630/630/630 632/632/632 631/631/631
f 632/632/632 633/633/633 631/631/631
f 636/636/636 635/635/635 634/634/634
f 637/637/637 636/636/636 634/634/634
f 637/637/637 634/634/634 638/638/638
f 639/639/639 637/637/637 638/638/638
f 639/639/639 638/638/638 640/640/640
f 641/641/641 639/639/639 640/640/640
f 641/641/641 640/640/640 642/642/642
f 640/640/640 643/643/643 642/642/642
f 643/643/643 644/644/644 642/642/642
f 644/644/644 645/645/645 642/642/642
f 644/644/644 646/646/646 645/645/645
f 646/646/646 647/647/647 645/645/645
f 646/646/646 648/648/648 647/647/647
f 648/648/648 649/649/649 647/647/647
f 652/652/652 651/651/651 650/650/650
f 653/653/653 652/652/652 650/650/650
f 653/653/653 650/650/650 654/654/654
f 655/655/655 653/653/653 654/654/654
f 655/655/655 654/654/654 656/656/656
f 657/657/657 655/655/655 656/656/656
f 660/660/660 659/659/659 658/658/658
f 658/658/658 661/661/661 660/660/660
f 658/658/658 662/662/662 661/661/661
f 662/662/662 663/663/663 661/661/661
f 663/663/663 664/664/664 661/661/661
f 664/664/664 665/665/665 661/661/661
f 665/665/665 666/666/666 661/661/661
f 666/666/666 667/667/667 661/661/661
f 667/667/667 668/668/668 661/661/661
f 668/668/668 669/669/669 661/661/661
f 669/669/669 670/670/670 661/661/661
f 670/670/670 671/671/671 661/661/661
f 671/671/671 672/672/672 661/661/661
f 674/674/674 673/673/673 661/661/661
f 673/673/673 675/675/675 661/661/661
f 676/676/676 675/675/675 673/673/673
f 673/673/673 677/677/677 676/676/676
f 676/676/676 678/678/678 675/675/675
f 676/676/676 679/679/679 678/678/678
f 679/679/679 680/680/680 678/678/678
f 680/680/680 681/681/681 678/678/678
f 681/681/681 682/682/682 678/678/678
f 682/682/682 683/683/683 678/678/678
f 683/683/683 684/684/684 678/678/678
f 684/684/684 685/685/685 678/678/678
f 685/685/685 686/686/686 678/678/678
f 686/686/686 687/687/687 678/678/678
f 687/687/687 688/688/688 678/678/678
f 691/691/691 690/690/690 689/689/689
f 692/692/692 691/691/691 689/689/689
f 691/691/691 692/692/692 693/693/693
f 694/694/694 691/691/691 693/693/693
f 694/694/694 693/693/693 695/695/695
f 696/696/696 694/694/694 695/695/695
f 699/699/699 698/698/698 697/697/697
f 698/698/698 700/700/700 697/697/697
f 697/697/697 700/700/700 701/701/701
f 700/700/700 702/702/702 701/701/701
f 701/701/701 702/702/702 703/703/703
f 702/702/702 704/704/704 703/703/703
f 707/707/707 706/706/706 705/705/705
f 707/707/707 705/705/705 708/708/708
f 707/707/707 708/708/708 709/709/709
f 707/707/707 709/709/709 710/710/710
f 707/707/707 710/710/710 711/711/711
f 707/707/707 711/711/711 712/712/712
f 707/707/707 712/712/712 713/713/713
f 707/707/707 713/713/713 714/714/714
f 707/707/707 714/714/714 715/715/715
f 707/707/707 715/715/715 716/716/716
f 707/707/707 716/716/716 717/717/717
f 707/707/707 717/717/717 718/718/718
f 718/718/718 719/719/719 707/707/707
f 721/721/721 720/720/720 719/719/719
f 720/720/720 722/722/722 719/719/719
f 724/724/724 723/723/723 722/722/722
f 722/722/722 725/725/725 724/724/724
f 722/722/722 726/726/726 725/725/725
f 722/722/722 727/727/727 726/726/726
f 722/722/722 728/728/728 727/727/727
f 722/722/722 729/729/729 728/728/728
f 722/722/722 730/730/730 729/729/729
f 722/722/722 731/731/731 730/730/730
f 722/722/722 732/732/732 731/731/731
f 722/722/722 733/733/733 732/732/732
f 722/722/722 734/734/734 733/733/733
f 722/722/722 735/735/735 734/734/734
f 738/738/738 737/737/737 736/736/736
f 739/739/739 738/738/738 736/736/736
f 738/738/738 739/739/739 740/740/740
f 741/741/741 738/738/738 740/740/740
f 741/741/741 740/740/740 742/742/742
f 743/743/743 741/741/741 742/742/742
f 743/743/743 742/742/742 744/744/744
f 745/745/745 743/743/743 744/744/744
f 745/745/745 744/744/744 746/746/746
f 747/747/747 745/745/745 746/746/746
f 747/747/747 746/746/746 748/748/748
f 749/749/749 747/747/747 748/748/748
f 750/750/750 749/749/749 748/748/748
f 751/751/751 750/750/750 748/748/748
f 750/750/750 751/751/751 752/752/752
f 753/753/753 750/750/750 752/752/752
f 753/753/753 752/752/752 754/754/754
f 755/755/755 753/753/753 754/754/754
f 755/755/755 754/754/754 756/756/756
f 757/757/757 755/755/755 756/756/756
f 757/757/757 756/756/756 758/758/758
f 759/759/759 757/757/757 758/758/758
f 759/759/759 758/758/758 760/760/760
f 761/761/761 759/759/759 760/760/760
f 760/760/760 762/762/762 761/761/761
f 762/762/762 763/763/763 761/761/761
f 766/766/766 765/765/765 764/764/764
f 767/767/767 766/766/766 764/764/764
f 767/767/767 764/764/764 768/768/768
f 769/769/769 767/767/767 768/768/768
f 769/769/769 768/768/768 770/770/770
f 771/771/771 769/769/769 770/770/770
f 771/771/771 770/770/770 772/772/772
f 770/770/770 773/773/773 772/772/772
f 773/773/773 774/774/774 772/772/772
f 774/774/774 775/775/775 772/772/772
f 774/774/774 776/776/776 775/775/775
f 776/776/776 777/777/777 775/775/775
f 776/776/776 778/778/778 777/777/777
f 778/778/778 779/779/779 777/777/777
f 782/782/782 781/781/781 780/780/780
f 783/783/783 782/782/782 780/780/780
f 783/783/783 780/780/780 784/784/784
f 785/785/785 783/783/783 784/784/784
f 785/785/785 784/784/784 786/786/786
f 787/787/787 785/785/785 786/786/786
f 790/790/790 789/789/789 788/788/788
f 788/788/788 791/791/791 790/790/790
f 788/788/788 792/792/792 791/791/791
f 792/792/792 793/793/793 791/791/791
f 793/793/793 794/794/794 791/791/791
f 794/794/794 795/795/795 791/791/791
f 795/795/795 796/796/796 791/791/791
f 796/796/796 797/797/797 791/791/791
f 797/797/797 798/798/798 791/791/791
f 798/798/798 799/799/799 791/791/791
f 799/799/799 800/800/800 791/791/791
f 800/800/800 801/801/801 791/791/791
f 801/801/801 802/802/802 791/791/791
f 804/804/804 803/803/803 791/791/791
f 803/803/803 805/805/805 791/791/791
f 806/806/806 805/805/805 803/803/803
f 803/803/803 807/807/807 806/806/806
f 806/806/806 808/808/808 805/805/805
f 806/806/806 809/809/809 808/808/808
f 809/809/809 810/810/810 808/808/808
f 810/810/810 811/811/811 808/808/808
f 811/811/811 812/812/812 808/808/808
f 812/812/812 813/813/813 808/808/808
f 813/813/813 814/814/814 808/808/808
f 814/814/814 815/815/815 808/808/808
f 815/815/815 816/816/816 808/808/808
f 816/816/816 817/817/817 808/808/808
f 817/817/817 818/818/818 808/808/808
f 821/821/821 820/820/820 819/819/819
f 822/822/822 821/821/821 819/819/819
f 821/821/821 822/822/822 823/823/823
f 824/824/824 821/821/821 823/823/823
f 824/824/824 823/823/823 825/825/825
f 826/826/826 824/824/824 825/825/825
f 829/829/829 828/828/828 827/827/827
f 828/828/828 830/830/830 827/827/827
f 827/827/827 830/830/830 831/831/831
f 830/830/830 832/832/832 831/831/831
f 831/831/831 832/832/832 833/833/833
f 832/832/832 834/834/834 833/833/833
f 837/837/837 836/836/836 835/835/835
f 837/837/837 835/835/835 838/838/838
f 837/837/837 838/838/838 839/839/839
f 837/837/837 839/839/839 840/840/840
f 837/837/837 840/840/840 841/841/841
f 837/837/837 841/841/841 842/842/842
f 837/837/837 842/842/842 843/843/843
f 837/837/837 843/843/843 844/844/844
f 837/837/837 844/844/844 845/845/845
f 837/837/837 845/845/845 846/846/846
f 837/837/837 846/846/846 847/847/847
f 837/837/837 847/847/847 848/848/848
f 848/848/848 849/849/849 837/837/837
f 851/851/851 850/850/850 849/849/849
f 850/850/850 852/852/852 849/849/849
f 854/854/854 853/853/853 852/852/852
f 852/852/852 855/855/855 854/854/854
f 852/852/852 856/856/856 855/855/855
f 852/852/852 857/857/857 856/856/856
f 852/852/852 858/858/858 857/857/857
f 852/852/852 859/859/859 858/858/858
f 852/852/852 860/860/860 859/859/859
f 852/852/852 861/861/861 860/860/860
f 852/852/852 862/862/862 861/861/861
f 852/852/852 863/863/863 862/862/862
f 852/852/852 864/864/864 863/863/863
f 852/852/852 865/865/865 864/864/864
f 868/868/868 867/867/867 866/866/866
f 869/869/869 868/868/868 866/866/866
f 868/868/868 869/869/869 870/870/870
f 871/871/871 868/868/868 870/870/870
f 871/871/871 870/870/870 872/872/872
f 873/873/873 871/871/871 872/872/872
f 873/873/873 872/872/872 874/874/874
f 875/875/875 873/873/873 874/874/874
f 875/875/875 874/874/874 876/876/876
f 877/877/877 875/875/875 876/876/876
f 877/877/877 876/876/876 878/878/878
f 879/879/879 877/877/877 878/878/878
f 880/880/880 879/879/879 878/878/878
f 881/881/881 880/880/880 878/878/878
f 880/880/880 881/881/881 882/882/882
f 883/883/883 880/880/880 882/882/882
f 883/883/883 882/882/882 884/884/884
f 885/885/885 883/883/883 884/884/884
f 885/885/885 884/884/884 886/886/886
f 887/887/887 885/885/885 886/886/886
f 887/887/887 886/886/886 888/888/888
f 889/889/889 887/887/887 888/888/888
f 889/889/889 888/888/888 890/890/890
f 891/891/891 889/889/889 890/890/890
f 890/890/890 892/892/892 891/891/891
f 892/892/892 893/893/893 891/891/891
f 896/896/896 895/895/895 894/894/894
f 897/897/897 896/896/896 894/894/894
f 897/897/897 894/894/894 898/898/898
f 899/899/899 897/897/897 898/898/898
f 899/899/899 898/898/898 900/900/900
f 901/901/901 899/899/899 900/900/900
f 901/901/901 900/900/900 902/902/902
f 900/900/900 903/903/903 902/902/902
f 903/903/903 904/904/904 902/902/902
f 904/904/904 905/905/905 902/902/902
f 904/904/904 906/906/906 905/905/905
f 906/906/906 907/907/907 905/905/905
f 906/906/906 908/908/908 907/907/907
f 908/908/908 909/909/909 907/907/907
f 912/912/912 911/911/911 910/910/910
f 913/913/913 912/912/912 910/910/910
f 913/913/913 910/910/910 914/914/914
f 915/915/915 913/913/913 914/914/914
f 915/915/915 914/914/914 916/916/916
f 917/917/917 915/915/915 916/916/916
f 920/920/920 919/919/919 918/918/918
f 918/918/918 921/921/921 920/920/920
f 918/918/918 922/922/922 921/921/921
f 922/922/922 923/923/923 921/921/921
f 923/923/923 924/924/924 921/921/921
f 924/924/924 925/925/925 921/921/921
f 925/925/925 926/926/926 921/921/921
f 926/926/926 927/927/927 921/921/921
f 927/927/927 928/928/928 921/921/921
f 928/928/928 929/929/929 921/921/921
f 929/929/929 930/930/930 921/921/921
f 930/930/930 931/931/931 921/921/921
f 931/931/931 932/932/932 921/921/921
f 934/934/934 933/933/933 921/921/921
f 933/933/933 935/935/935 921/921/921
f 936/936/936 935/935/935 933/933/933
f 933/933/933 937/937/937 936/936/936
f 936/936/936 938/938/938 935/935/935
f 936/936/936 939/939/939 938/938/938
f 939/939/939 940/940/940 938/938/938
f 940/940/940 941/941/941 938/938/938
f 941/941/941 942/942/942 938/938/938
f 942/942/942 943/943/943 938/938/938
f 943/943/943 944/944/944 938/938/938
f 944/944/944 945/945/945 938/938/938
f 945/945/945 946/946/946 938/938/938
f 946/946/946 947/947/947 938/938/938
f 947/947/947 948/948/948 938/938/938
f 951/951/951 950/950/950 949/949/949
f 952/952/952 951/951/951 949/949/949
f 951/951/951 952/952/952 953/953/953
f 954/954/954 951/951/951 953/953/953
f 954/954/954 953/953/953 955/955/955
f 956/956/956 954/954/954 955/955/955
f 959/959/959 958/958/958 957/957/957
f 958/958/958 960/960/960 957/957/957
f 957/957/957 960/960/960 961/961/961
f 960/960/960 962/962/962 961/961/961
f 961/961/961 962/962/962 963/963/963
f 962/962/962 964/964/964 963/963/963
f 967/967/967 966/966/966 965/965/965
f 967/967/967 965/965/965 968/968/968
f 967/967/967 968/968/968 969/969/969
f 967/967/967 969/969/969 970/970/970
f 967/967/967 970/970/970 971/971/971
f 967/967/967 971/971/971 972/972/972
f 967/967/967 972/972/972 973/973/973
f 967/967/967 973/973/973 974/974/974
f 967/967/967 974/974/974 975/975/975
f 967/967/967 975/975/975 976/976/976
f 967/967/967 976/976/976 977/977/977
f 967/967/967 977/977/977 978/978/978
f 978/978/978 979/979/979 967/967/967
f 981/981/981 980/980/980 979/979/979
f 980/980/980 982/982/982 979/979/979
f 984/984/984 983/983/983 982/982/982
f 982/982/982 985/985/985 984/984/984
f 982/982/982 986/986/986 985/985/985
f 982/982/982 987/987/987 986/986/986
f 982/982/982 988/988/988 987/987/987
f 982/982/982 989/989/989 988/988/988
f 982/982/982 990/990/990 989/989/989
f 982/982/982 991/991/991 990/990/990
f 982/982/982 992/992/992 991/991/991
f 982/982/982 993/993/993 992/992/992
f 982/982/982 994/994/994 993/993/993
f 982/982/982 995/995/995 994/994/994
f 998/998/998 997/997/997 996/996/996
f 999/999/999 998/998/998 996/996/996
f 998/998/998 999/999/999 1000/1000/1000
f 1001/1001/1001 998/998/998 1000/1000/1000
f 1001/1001/1001 1000/1000/1000 1002/1002/1002
f 1003/1003/1003 1001/1001/1001 1002/1002/1002
f 1003/1003/1003 1002/1002/1002 1004/1004/1004
f 1005/1005/1005 1003/1003/1003 1004/1004/1004
f 1005/1005/1005 1004/1004/1004 1006/1006/1006
f 1007/1007/1007 1005/1005/1005 1006/1006/1006
f 1007/1007/1007 1006/1006/1006 1008/1008/1008
f 1009/1009/1009 1007/1007/1007 1008/1008/1008
f 1010/1010/1010 1009/1009/1009 1008/1008/1008
f 1011/1011/1011 1010/1010/1010 1008/1008/1008
f 1010/1010/1010 1011/1011/1011 1012/1012/1012
f 1013/1013/1013 1010/1010/1010 1012/1012/1012
f 1013/1013/1013 1012/1012/1012 1014/1014/1014
f 1015/1015/1015 1013/1013/1013 1014/1014/1014
f 1015/1015/1015 1014/1014/1014 1016/1016/1016
f 1017/1017/1017 1015/1015/1015 1016/1016/1016
f 1017/1017/1017 1016/1016/1016 1018/1018/1018
f 1019/1019/1019 1017/1017/1017 1018/1018/1018
f 1019/1019/1019 1018/1018/1018 1020/1020/1020
f 1021/1021/1021 1019/1019/1019 1020/1020/1020
f 1020/1020/1020 1022/1022/1022 1021/1021/1021
f 1022/1022/1022 1023/1023/1023 1021/1021/1021
f 1026/1026/1026 1025/1025/1025 1024/1024/1024
f 1027/1027/1027 1026/1026/1026 1024/1024/1024
f 1027/1027/1027 1024/1024/1024 1028/1028/1028
f 1029/1029/1029 1027/1027/1027 1028/1028/1028
f 1029/1029/1029 1028/1028/1028 1030/1030/1030
f 1031/1031/1031 1029/1029/1029 1030/1030/1030
f 1031/1031/1031 1030/1030/1030 1032/1032/1032
f 1030/1030/1030 1033/1033/1033 1032/1032/1032
f 1033/1033/1033 1034/1034/1034 1032/1032/1032
f 1034/1034/1034 1035/1035/1035 1032/1032/1032
f 1034/1034/1034 1036/1036/1036 1035/1035/1035
f 1036/1036/1036 1037/1037/1037 1035/1035/1035
f 1036/1036/1036 1038/1038/1038 1037/1037/1037
f 1038/1038/1038 1039/1039/1039 1037/1037/1037
f 1042/1042/1042 1041/1041/1041 1040/1040/1040
f 1043/1043/1043 1042/1042/1042 1040/1040/1040
f 1043/1043/1043 1040/1040/1040 1044/1044/1044
f 1045/1045/1045 1043/1043/1043 1044/1044/1044
f 1045/1045/1045 1044/1044/1044 1046/1046/1046
f 1047/1047/1047 1045/1045/1045 1046/1046/1046
f 1050/1050/1050 1049/1049/1049 1048/1048/1048
f 1048/1048/1048 1051/1051/1051 1050/1050/1050
f 1048/1048/1048 1052/1052/1052 1051/1051/1051
f 1052/1052/1052 1053/1053/1053 1051/1051/1051
f 1053/1053/1053 1054/1054/1054 1051/1051/1051
f 1054/1054/1054 1055/1055/1055 1051/1051/1051
f 1055/1055/1055 1056/1056/1056 1051/1051/1051
f 1056/1056/1056 1057/1057/1057 1051/1051/1051
f 1057/1057/1057 1058/1058/1058 1051/1051/1051
f 1058/1058/1058 1059/1059/1059 1051/1051/1051
f 1059/1059/1059 1060/1060/1060 1051/1051/1051
f 1060/1060/1060 1061/1061/1061 1051/1051/1051
f 1061/1061/1061 1062/1062/1062 1051/1051/1051
f 1064/1064/1064 1063/1063/1063 1051/1051/1051
f 1063/1063/1063 1065/1065/1065 1051/1051/1051
f 1066/1066/1066 1065/1065/1065 1063/1063/1063
f 1063/1063/1063 1067/1067/1067 1066/1066/1066
f 1066/1066/1066 1068/1068/1068 1065/1065/1065
f 1066/1066/1066 1069/1069/1069 1068/1068/1068
f 1069/1069/1069 1070/1070/1070 1068/1068/1068
f 1070/1070/1070 1071/1071/1071 1068/1068/1068
f 1071/1071/1071 1072/1072/1072 1068/1068/1068
f 1072/1072/1072 1073/1073/1073 1068/1068/1068
f 1073/1073/1073 1074/1074/1074 1068/1068/1068
f 1074/1074/1074 1075/1075/1075 1068/1068/1068
f 1075/1075/1075 1076/1076/1076 1068/1068/1068
f 1076/1076/1076 1077/1077/1077 1068/1068/1068
f 1077/1077/1077 1078/1078/1078 1068/1068/1068
f 1081/1081/1081 1080/1080/1080 1079/1079/1079
f 1082/1082/1082 1081/1081/1081 1079/1079/1079
f 1081/1081/1081 1082/1082/1082 1083/1083/1083
f 1084/1084/1084 1081/1081/1081 1083/1083/1083
f 1084/1084/1084 1083/1083/1083 1085/1085/1085
f 1086/1086/1086 1084/1084/1084 1085/1085/1085
f 1089/1089/1089 1088/1088/1088 1087/1087/1087
f 1088/1088/1088 1090/1090/1090 1087/1087/1087
f 1087/1087/1087 1090/1090/1090 1091/1091/1091
f 1090/1090/1090 1092/1092/1092 1091/1091/1091
f 1091/1091/1091 1092/1092/1092 1093/1093/1093
f 1092/1092/1092 1094/1094/1094 1093/1093/1093
f 1097/1097/1097 1096/1096/1096 1095/1095/1095
f 1097/1097/1097 1095/1095/1095 1098/1098/1098
f 1097/1097/1097 1098/1098/1098 1099/1099/1099
f 1097/1097/1097 1099/1099/1099 1100/1100/1100
f 1097/1097/1097 1100/1100/1100 1101/1101/1101
f 1097/1097/1097 1101/1101/1101 1102/1102/1102
f 1097/1097/1097 1102/1102/1102 1103/1103/1103
f 1097/1097/1097 1103/1103/1103 1104/1104/1104
f 1097/1097/1097 1104/1104/1104 1105/1105/1105
f 1097/1097/1097 1105/1105/1105 1106/1106/1106
f 1097/1097/1097 1106/1106/1106 1107/1107/1107
f 1097/1097/1097 1107/1107/1107 1108/1108/1108
f 1108/1108/1108 1109/1109/1109 1097/1097/1097
f 1111/1111/1111 1110/1110/1110 1109/1109/1109
f 1110/1110/1110 1112/1112/1112 1109/1109/1109
f 1114/1114/1114 1113/1113/1113 1112/1112/1112
f 1112/1112/1112 1115/1115/1115 1114/1114/1114
f 1112/1112/1112 1116/1116/1116 1115/1115/1115
f 1112/1112/1112 1117/1117/1117 1116/1116/1116
f 1112/1112/1112 1118/1118/1118 1117/1117/1117
f 1112/1112/1112 1119/1119/1119 1118/1118/1118
f 1112/1112/1112 1120/1120/1120 1119/1119/1119
f 1112/1112/1112 1121/1121/1121 1120/1120/1120
f 1112/1112/1112 1122/1122/1122 1121/1121/1121
f 1112/1112/1112 1123/1123/1123 1122/1122/1122
f 1112/1112/1112 1124/1124/1124 1123/1123/1123
f 1112/1112/1112 1125/1125/1125 1124/1124/1124
f 1128/1128/1128 1127/1127/1127 1126/1126/1126
f 1129/1129/1129 1128/1128/1128 1126/1126/1126
f 1128/1128/1128 1129/1129/1129 1130/1130/1130
f 1131/1131/1131 1128/1128/1128 1130/1130/1130
f 1131/1131/1131 1130/1130/1130 1132/1132/1132
f 1133/1133/1133 1131/1131/1131 1132/1132/1132
f 1133/1133/1133 1132/1132/1132 1134/1134/1134
f 1135/1135/1135 1133/1133/1133 1134/1134/1134
f 1135/1135/1135 1134/1134/1134 1136/1136/1136
f 1137/1137/1137 1135/1135/1135 1136/1136/1136
f 1137/1137/1137 1136/1136/1136 1138/1138/1138
f 1139/1139/1139 1137/1137/1137 1138/1138/1138
f 1140/1140/1140 1139/1139/1139 1138/1138/1138
f 1141/1141/1141 1140/1140/1140 1138/1138/1138
f 1140/1140/1140 1141/1141/1141 1142/1142/1142
f 1143/1143/1143 1140/1140/1140 1142/1142/1142
f 1143/1143/1143 1142/1142/1142 1144/1144/1144
f 1145/1145/1145 1143/1143/1143 1144/1144/1144
f 1145/1145/1145 1144/1144/1144 1146/1146/1146
f 1147/1147/1147 1145/1145/1145 1146/1146/1146
f 1147/1147/1147 1146/1146/1146 1148/1148/1148
f 1149/1149/1149 1147/1147/1147 1148/1148/1148
f 1149/1149/1149 1148/1148/1148 1150/1150/1150
f 1151/1151/1151 1149/1149/1149 1150/1150/1150
f 1150/1150/1150 1152/1152/1152 1151/1151/1151
f 1152/1152/1152 1153/1153/1153 1151/1151/1151
f 1156/1156/1156 1155/1155/1155 1154/1154/1154
f 1157/1157/1157 1156/1156/1156 1154/1154/1154
f 1157/1157/1157 1154/1154/1154 1158/1158/1158
f 1159/1159/1159 1157/1157/1157 1158/1158/1158
f 1159/1159/1159 1158/1158/1158 1160/1160/1160
f 1161/1161/1161 1159/1159/1159 1160/1160/1160
f 1161/1161/1161 1160/1160/1160 1162/1162/1162
f 1160/1160/1160 1163/1163/1163 1162/1162/1162
f 1163/1163/1163 1164/1164/1164 1162/1162/1162
f 1164/1164/1164 1165/1165/1165 1162/1162/1162
f 1164/1164/1164 1166/1166/1166 1165/1165/1165
f 1166/1166/1166 1167/1167/1167 1165/1165/1165
f 1166/1166/1166 1168/1168/1168 1167/1167/1167
f 1168/1168/1168 1169/1169/1169 1167/1167/1167
f 1172/1172/1172 1171/1171/1171 1170/1170/1170
f 1173/1173/1173 1172/1172/1172 1170/1170/1170
f 1173/1173/1173 1170/1170/1170 1174/1174/1174
f 1175/1175/1175 1173/1173/1173 1174/1174/1174
f 1175/1175/1175 1174/1174/1174 1176/1176/1176
f 1177/1177/1177 1175/1175/1175 1176/1176/1176
f 1180/1180/1180 1179/1179/1179 1178/1178/1178
f 1178/1178/1178 1181/1181/1181 1180/1180/1180
f 1178/1178/1178 1182/1182/1182 1181/1181/1181
f 1182/1182/1182 1183/1183/1183 1181/1181/1181
f 1183/1183/1183 1184/1184/1184 1181/1181/1181
f 1184/1184/1184 1185/1185/1185 1181/1181/1181
f 1185/1185/1185 1186/1186/1186 1181/1181/1181
f 1186/1186/1186 1187/1187/1187 1181/1181/1181
f 1187/1187/1187 1188/1188/1188 1181/1181/1181
f 1188/1188/1188 1189/1189/1189 1181/1181/1181
f 1189/1189/1189 1190/1190/1190 1181/1181/1181
f 1190/1190/1190 1191/1191/1191 1181/1181/1181
f 1191/1191/1191 1192/1192/1192 1181/1181/1181
f 1194/1194/1194 1193/1193/1193 1181/1181/1181
f 1193/1193/1193 1195/1195/1195 1181/1181/1181
f 1196/1196/1196 1195/1195/1195 1193/1193/1193
f 1193/1193/1193 1197/1197/1197 1196/1196/1196
f 1196/1196/1196 1198/1198/1198 1195/1195/1195
f 1196/1196/1196 1199/1199/1199 1198/1198/1198
f 1199/1199/1199 1200/1200/1200 1198/1198/1198
f 1200/1200/1200 1201/1201/1201 1198/1198/1198
f 1201/1201/1201 1202/1202/1202 1198/1198/1198
f 1202/1202/1202 1203/1203/1203 1198/1198/1198
f 1203/1203/1203 1204/1204/1204 1198/1198/1198
f 1204/1204/1204 1205/1205/1205 1198/1198/1198
f 1205/1205/1205 1206/1206/1206 1198/1198/1198
f 1206/1206/1206 1207/1207/1207 1198/1198/1198
f 1207/1207/1207 1208/1208/1208 1198/1198/1198
f 1211/1211/1211 1210/1210/1210 1209/1209/1209
f 1212/1212/1212 1211/1211/1211 1209/1209/1209
f 1211/1211/1211 1212/1212/1212 1213/1213/1213
f 1214/1214/1214 1211/1211/1211 1213/1213/1213
f 1214/1214/1214 1213/1213/1213 1215/1215/1215
f 1216/1216/1216 1214/1214/1214 1215/1215/1215
f 1219/1219/1219 1218/1218/1218 1217/1217/1217
f 1218/1218/1218 1220/1220/1220 1217/1217/1217
f 1217/1217/1217 1220/1220/1220 1221/1221/1221
f 1220/1220/1220 1222/1222/1222 1221/1221/1221
f 1221/1221/1221 1222/1222/1222 1223/1223/1223
f 1222/1222/1222 1224/1224/1224 1223/1223/1223
f 1227/1227/1227 1226/1226/1226 1225/1225/1225
f 1227/1227/1227 1225/1225/1225 1228/1228/1228
f 1227/1227/1227 1228/1228/1228 1229/1229/1229
f 1227/1227/1227 1229/1229/1229 1230/1230/1230
f 1227/1227/1227 1230/1230/1230 1231/1231/1231
f 1227/1227/1227 1231/1231/1231 1232/1232/1232
f 1227/1227/1227 1232/1232/1232 1233/1233/1233
f 1227/1227/1227 1233/1233/1233 1234/1234/1234
f 1227/1227/1227 1234/1234/1234 1235/1235/1235
f 1227/1227/1227 1235/1235/1235 1236/1236/1236
f 1227/1227/1227 1236/1236/1236 1237/1237/1237
f 1227/1227/1227 1237/1237/1237 1238/1238/1238
f 1238/1238/1238 1239/1239/1239 1227/1227/1227
f 1241/1241/1241 1240/1240/1240 1239/1239/1239
f 1240/1240/1240 1242/1242/1242 1239/1239/1239
f 1244/1244/1244 1243/1243/1243 1242/1242/1242
f 1242/1242/1242 1245/1245/1245 1244/1244/1244
f 1242/1242/1242 1246/1246/1246 1245/1245/1245
f 1242/1242/1242 1247/1247/1247 1246/1246/1246
f 1242/1242/1242 1248/1248/1248 1247/1247/1247
f 1242/1242/1242 1249/1249/1249 1248/1248/1248
f 1242/1242/1242 1250/1250/1250 1249/1249/1249
f 1242/1242/1242 1251/1251/1251 1250/1250/1250
f 1242/1242/1242 1252/1252/1252 1251/1251/1251
f 1242/1242/1242 1253/1253/1253 1252/1252/1252
f 1242/1242/1242 1254/1254/1254 1253/1253/1253
f 1242/1242/1242 1255/1255/1255 1254/1254/1254
f 1258/1258/1258 1257/1257/1257 1256/1256/1256
f 1259/1259/1259 1258/1258/1258 1256/1256/1256
f 1258/1258/1258 1259/1259/1259 1260/1260/1260
f 1261/1261/1261 1258/1258/1258 1260/1260/1260
f 1261/1261/1261 1260/1260/1260 1262/1262/1262
f 1263/1263/1263 1261/1261/1261 1262/1262/1262
f 1263/1263/1263 1262/1262/1262 1264/1264/1264
f 1265/1265/1265 1263/1263/1263 1264/1264/1264
f 1265/1265/1265 1264/1264/1264 1266/1266/1266
f 1267/1267/1267 1265/1265/1265 1266/1266/1266
f 1267/1267/1267 1266/1266/1266 1268/1268/1268
f 1269/1269/1269 1267/1267/1267 1268/1268/1268
f 1270/1270/1270 1269/1269/1269 1268/1268/1268
f 1271/1271/1271 1270/1270/1270 1268/1268/1268
f 1270/1270/1270 1271/1271/1271 1272/1272/1272
f 1273/1273/1273 1270/1270/1270 1272/1272/1272
f 1273/1273/1273 1272/1272/1272 1274/1274/1274
f 1275/1275/1275 1273/1273/1273 1274/1274/1274
f 1275/1275/1275 1274/1274/1274 1276/1276/1276
f 1277/1277/1277 1275/1275/1275 1276/1276/1276
f 1277/1277/1277 1276/1276/1276 1278/1278/1278
f 1279/1279/1279 1277/1277/1277 1278/1278/1278
f 1279/1279/1279 1278/1278/1278 1280/1280/1280
f 1281/1281/1281 1279/1279/1279 1280/1280/1280
f 1280/1280/1280 1282/1282/1282 1281/1281/1281
f 1282/1282/1282 1283/1283/1283 1281/1281/1281
f 1286/1286/1286 1285/1285/1285 1284/1284/1284
f 1287/1287/1287 1286/1286/1286 1284/1284/1284
f 1287/1287/1287 1284/1284/1284 1288/1288/1288
f 1289/1289/1289 1287/1287/1287 1288/1288/1288
f 1289/1289/1289 1288/1288/1288 1290/1290/1290
f 1291/1291/1291 1289/1289/1289 1290/1290/1290
f 1291/1291/1291 1290/1290/1290 1292/1292/1292
f 1290/1290/1290 1293/1293/1293 1292/1292/1292
f 1293/1293/1293 1294/1294/1294 1292/1292/1292
f 1294/1294/1294 1295/1295/1295 1292/1292/1292
f 1294/1294/1294 1296/1296/1296 1295/1295/1295
f 1296/1296/1296 1297/1297/1297 1295/1295/1295
f 1296/1296/1296 1298/1298/1298 1297/1297/1297
f 1298/1298/1298 1299/1299/1299 1297/1297/1297
f 1302/1302/1302 1301/1301/1301 1300/1300/1300
f 1303/1303/1303 1302/1302/1302 1300/1300/1300
f 1303/1303/1303 1300/1300/1300 1304/1304/1304
f 1305/1305/1305 1303/1303/1303 1304/1304/1304
f 1305/1305/1305 1304/1304/1304 1306/1306/1306
f 1307/1307/1307 1305/1305/1305 1306/1306/1306
f 1310/1310/1310 1309/1309/1309 1308/1308/1308
f 1308/1308/1308 1311/1311/1311 1310/1310/1310
f 1308/1308/1308 1312/1312/1312 1311/1311/1311
f 1312/1312/1312 1313/1313/1313 1311/1311/1311
f 1313/1313/1313 1314/1314/1314 1311/1311/1311
f 1314/1314/1314 1315/1315/1315 1311/1311/1311
f 1315/1315/1315 1316/1316/1316 1311/1311/1311
f 1316/1316/1316 1317/1317/1317 1311/1311/1311
f 1317/1317/1317 1318/1318/1318 1311/1311/1311
f 1318/1318/1318 1319/1319/1319 1311/1311/1311
f 1319/1319/1319 1320/1320/1320 1311/1311/1311
f 1320/1320/1320 1321/1321/1321 1311/1311/1311
f 1321/1321/1321 1322/1322/1322 1311/1311/1311
f 1324/1324/1324 1323/1323/1323 1311/1311/1311
f 1323/1323/1323 1325/1325/1325 1311/1311/1311
f 1326/1326/1326 1325/1325/1325 1323/1323/1323
f 1323/1323/1323 1327/1327/1327 1326/1326/1326
f 1326/1326/1326 1328/1328/1328 1325/1325/1325
f 1326/1326/1326 1329/1329/1329 1328/1328/1328
f 1329/1329/1329 1330/1330/1330 1328/1328/1328
f 1330/1330/1330 1331/1331/1331 1328/1328/1328
f 1331/1331/1331 1332/1332/1332 1328/1328/1328
f 1332/1332/1332 1333/1333/1333 1328/1328/1328
f 1333/1333/1333 1334/1334/1334 1328/1328/1328
f 1334/1334/1334 1335/1335/1335 1328/1328/1328
f 1335/1335/1335 1336/1336/1336 1328/1328/1328
f 1336/1336/1336 1337/1337/1337 1328/1328/1328
f 1337/1337/1337 1338/1338/1338 1328/1328/1328
f 1341/1341/1341 1340/1340/1340 1339/1339/1339
f 1342/1342/1342 1341/1341/1341 1339/1339/1339
f 1341/1341/1341 1342/1342/1342 1343/1343/1343
f 1344/1344/1344 1341/1341/1341 1343/1343/1343
f 1344/1344/1344 1343/1343/1343 1345/1345/1345
f 1346/1346/1346 1344/1344/1344 1345/1345/1345
f 1349/1349/1349 1348/1348/1348 1347/1347/1347
f 1348/1348/1348 1350/1350/1350 1347/1347/1347
f 1347/1347/1347 1350/1350/1350 1351/1351/1351
f 1350/1350/1350 1352/1352/1352 1351/1351/1351
f 1351/1351/1351 1352/1352/1352 1353/1353/1353
f 1352/1352/1352 1354/1354/1354 1353/1353/1353
f 1357/1357/1357 1356/1356/1356 1355/1355/1355
f 1357/1357/1357 1355/1355/1355 1358/1358/1358
f 1357/1357/1357 1358/1358/1358 1359/1359/1359
f 1357/1357/1357 1359/1359/1359 1360/1360/1360
f 1357/1357/1357 1360/1360/1360 1361/1361/1361
f 1357/1357/1357 1361/1361/1361 1362/1362/1362
f 1357/1357/1357 1362/1362/1362 1363/1363/1363
f 1357/1357/1357 1363/1363/1363 1364/1364/1364
f 1357/1357/1357 1364/1364/1364 1365/1365/1365
f 1357/1357/1357 1365/1365/1365 1366/1366/1366
f 1357/1357/1357 1366/1366/1366 1367/1367/1367
f 1357/1357/1357 1367/1367/1367 1368/1368/1368
f 1368/1368/1368 1369/1369/1369 1357/1357/1357
f 1371/1371/1371 1370/1370/1370 1369/1369/1369
f 1370/1370/1370 1372/1372/1372 1369/1369/1369
f 1374/1374/1374 1373/1373/1373 1372/1372/1372
f 1372/1372/1372 1375/1375/1375 1374/1374/1374
f 1372/1372/1372 1376/1376/1376 1375/1375/1375
f 1372/1372/1372 1377/1377/1377 1376/1376/1376
f 1372/1372/1372 1378/1378/1378 1377/1377/1377
f 1372/1372/1372 1379/1379/1379 1378/1378/1378
f 1372/1372/1372 1380/1380/1380 1379/1379/1379
f 1372/1372/1372 1381/1381/1381 1380/1380/1380
f 1372/1372/1372 1382/1382/1382 1381/1381/1381
f 1372/1372/1372 1383/1383/1383 1382/1382/1382
f 1372/1372/1372 1384/1384/1384 1383/1383/1383
f 1372/1372/1372 1385/1385/1385 1384/1384/1384
f 1388/1388/1388 1387/1387/1387 1386/1386/1386
f 1389/1389/1389 1388/1388/1388 1386/1386/1386
f 1388/1388/1388 1389/1389/1389 1390/1390/1390
f 1391/1391/1391 1388/1388/1388 1390/1390/1390
f 1391/1391/1391 1390/1390/1390 1392/1392/1392
f 1393/1393/1393 1391/1391/1391 1392/1392/1392
f 1393/1393/1393 1392/1392/1392 1394/1394/1394
f 1395/1395/1395 1393/1393/1393 1394/1394/1394
f 1395/1395/1395 1394/1394/1394 1396/1396/1396
f 1397/1397/1397 1395/1395/1395 1396/1396/1396
f 1397/1397/1397 1396/1396/1396 1398/1398/1398
f 1399/1399/1399 1397/1397/1397 1398/1398/1398
f 1400/1400/1400 1399/1399/1399 1398/1398/1398
f 1401/1401/1401 1400/1400/1400 1398/1398/1398
f 1400/1400/1400 1401/1401/1401 1402/1402/1402
f 1403/1403/1403 1400/1400/1400 1402/1402/1402
f 1403/1403/1403 1402/1402/1402 1404/1404/1404
f 1405/1405/1405 1403/1403/1403 1404/1404/1404
f 1405/1405/1405 1404/1404/1404 1406/1406/1406
f 1407/1407/1407 1405/1405/1405 1406/1406/1406
f 1407/1407/1407 1406/1406/1406 1408/1408/1408
f 1409/1409/1409 1407/1407/1407 1408/1408/1408
f 1409/1409/1409 1408/1408/1408 1410/1410/1410
f 1411/1411/1411 1409/1409/1409 1410/1410/1410
f 1410/1410/1410 1412/1412/1412 1411/1411/1411
f 1412/1412/1412 1413/1413/1413 1411/1411/1411
f 1416/1416/1416 1415/1415/1415 1414/1414/1414
f 1417/1417/1417 1416/1416/1416 1414/1414/1414
f 1417/1417/1417 1414/1414/1414 1418/1418/1418
f 1419/1419/1419 1417/1417/1417 1418/1418/1418
f 1419/1419/1419 1418/1418/1418 1420/1420/1420
f 1421/1421/1421 1419/1419/1419 1420/1420/1420
f 1421/1421/1421 1420/1420/1420 1422/1422/1422
f 1420/1420/1420 1423/1423/1423 1422/1422/1422
f 1423/1423/1423 1424/1424/1424 1422/1422/1422
f 1424/1424/1424 1425/1425/1425 1422/1422/1422
f 1424/1424/1424 1426/1426/1426 1425/1425/1425
f 1426/1426/1426 1427/1427/1427 1425/1425/1425
f 1426/1426/1426 1428/1428/1428 1427/1427/1427
f 1428/1428/1428 1429/1429/1429 1427/1427/1427
f 1432/1432/1432 1431/1431/1431 1430/1430/1430
f 1433/1433/1433 1432/1432/1432 1430/1430/1430
f 1433/1433/1433 1430/1430/1430 1434/1434/1434
f 1435/1435/1435 1433/1433/1433 1434/1434/1434
f 1435/1435/1435 1434/1434/1434 1436/1436/1436
f 1437/1437/1437 1435/1435/1435 1436/1436/1436
f 1440/1440/1440 1439/1439/1439 1438/1438/1438
f 1438/1438/1438 1441/1441/1441 1440/1440/1440
f 1438/1438/1438 1442/1442/1442 1441/1441/1441
f 1442/1442/1442 1443/1443/1443 1441/1441/1441
f 1443/1443/1443 1444/1444/1444 1441/1441/1441
f 1444/1444/1444 1445/1445/1445 1441/1441/1441
f 1445/1445/1445 1446/1446/1446 1441/1441/1441
f 1446/1446/1446 1447/1447/1447 1441/1441/1441
f 1447/1447/1447 1448/1448/1448 1441/1441/1441
f 1448/1448/1448 1449/1449/1449 1441/1441/1441
f 1449/1449/1449 1450/1450/1450 1441/1441/1441
f 1450/1450/1450 1451/1451/1451 1441/1441/1441
f 1451/1451/1451 1452/1452/1452 1441/1441/1441
f 1454/1454/1454 1453/1453/1453 1441/1441/1441
f 1453/1453/1453 1455/1455/1455 1441/1441/1441
f 1456/1456/1456 1455/1455/1455 1453/1453/1453
f 1453/1453/1453 1457/1457/1457 1456/1456/1456
f 1456/1456/1456 1458/1458/1458 1455/1455/1455
f 1456/1456/1456 1459/1459/1459 1458/1458/1458
f 1459/1459/1459 1460/1460/1460 1458/1458/1458
f 1460/1460/1460 1461/1461/1461 1458/1458/1458
f 1461/1461/1461 1462/1462/1462 1458/1458/1458
f 1462/1462/1462 1463/1463/1463 1458/1458/1458
f 1463/1463/1463 1464/1464/1464 1458/1458/1458
f 1464/1464/1464 1465/1465/1465 1458/1458/1458
f 1465/1465/1465 1466/1466/1466 1458/1458/1458
f 1466/1466/1466 1467/1467/1467 1458/1458/1458
f 1467/1467/1467 1468/1468/1468 1458/1458/1458
f 1471/1471/1471 1470/1470/1470 1469/1469/1469
f 1472/1472/1472 1471/1471/1471 1469/1469/1469
f 1471/1471/1471 1472/1472/1472 1473/1473/1473
f 1474/1474/1474 1471/1471/1471 1473/1473/1473
f 1474/1474/1474 1473/1473/1473 1475/1475/1475
f 1476/1476/1476 1474/1474/1474 1475/1475/1475
f 1479/1479/1479 1478/1478/1478 1477/1477/1477
f 1478/1478/1478 1480/1480/1480 1477/1477/1477
f 1477/1477/1477 1480/1480/1480 1481/1481/1481
f 1480/1480/1480 1482/1482/1482 1481/1481/1481
f 1481/1481/1481 1482/1482/1482 1483/1483/1483
f 1482/1482/1482 1484/1484/1484 1483/1483/1483
f 1487/1487/1487 1486/1486/1486 1485/1485/1485
f 1487/1487/1487 1485/1485/1485 1488/1488/1488
f 1487/1487/1487 1488/1488/1488 1489/1489/1489
f 1487/1487/1487 1489/1489/1489 1490/1490/1490
f 1487/1487/1487 1490/1490/1490 1491/1491/1491
f 1487/1487/1487 1491/1491/1491 1492/1492/1492
f 1487/1487/1487 1492/1492/1492 1493/1493/1493
f 1487/1487/1487 1493/1493/1493 1494/1494/1494
f 1487/1487/1487 1494/1494/1494 1495/1495/1495
f 1487/1487/1487 1495/1495/1495 1496/1496/1496
f 1487/1487/1487 1496/1496/1496 1497/1497/1497
f 1487/1487/1487 1497/1497/1497 1498/1498/1498
f 1498/1498/1498 1499/1499/1499 1487/1487/1487
f 1501/1501/1501 1500/1500/1500 1499/1499/1499
f 1500/1500/1500 1502/1502/1502 1499/1499/1499
f 1504/1504/1504 1503/1503/1503 1502/1502/1502
f 1502/1502/1502 1505/1505/1505 1504/1504/1504
f 1502/1502/1502 1506/1506/1506 1505/1505/1505
f 1502/1502/1502 1507/1507/1507 1506/1506/1506
f 1502/1502/1502 1508/1508/1508 1507/1507/1507
f 1502/1502/1502 1509/1509/1509 1508/1508/1508
f 1502/1502/1502 1510/1510/1510 1509/1509/1509
f 1502/1502/1502 1511/1511/1511 1510/1510/1510
f 1502/1502/1502 1512/1512/1512 1511/1511/1511
f 1502/1502/1502 1513/1513/1513 1512/1512/1512
f 1502/1502/1502 1514/1514/1514 1513/1513/1513
f 1502/1502/1502 1515/1515/1515 1514/1514/1514
f 1518/1518/1518 1517/1517/1517 1516/1516/1516
f 1519/1519/1519 1518/1518/1518 1516/1516/1516
f 1518/1518/1518 1519/1519/1519 1520/1520/1520
f 1521/1521/1521 1518/1518/1518 1520/1520/1520
f 1521/1521/1521 1520/1520/1520 1522/1522/1522
f 1523/1523/1523 1521/1521/1521 1522/1522/1522
f 1523/1523/1523 1522/1522/1522 1524/1524/1524
f 1525/1525/1525 1523/1523/1523 1524/1524/1524
f 1525/1525/1525 1524/1524/1524 1526/1526/1526
f 1527/1527/1527 1525/1525/1525 1526/1526/1526
f 1527/1527/1527 1526/1526/1526 1528/1528/1528
f 1529/1529/1529 1527/1527/1527 1528/1528/1528
f 1530/1530/1530 1529/1529/1529 1528/1528/1528
f 1531/1531/1531 1530/1530/1530 1528/1528/1528
f 1530/1530/1530 1531/1531/1531 1532/1532/1532
f 1533/1533/1533 1530/1530/1530 1532/1532/1532
f 1533/1533/1533 1532/1532/1532 1534/1534/1534
f 1535/1535/1535 1533/1533/1533 1534/1534/1534
f 1535/1535/1535 1534/1534/1534 1536/1536/1536
f 1537/1537/1537 1535/1535/1535 1536/1536/1536
f 1537/1537/1537 1536/1536/1536 1538/1538/1538
f 1539/1539/1539 1537/1537/1537 1538/1538/1538
f 1539/1539/1539 1538/1538/1538 1540/1540/1540
f 1541/1541/1541 1539/1539/1539 1540/1540/1540
f 1540/1540/1540 1542/1542/1542 1541/1541/1541
f 1542/1542/1542 1543/1543/1543 1541/1541/1541
f 1546/1546/1546 1545/1545/1545 1544/1544/1544
f 1547/1547/1547 1546/1546/1546 1544/1544/1544
f 1547/1547/1547 1544/1544/1544 1548/1548/1548
f 1549/1549/1549 1547/1547/1547 1548/1548/1548
f 1549/1549/1549 1548/1548/1548 1550/1550/1550
f 1551/1551/1551 1549/1549/1549 1550/1550/1550
f 1551/1551/1551 1550/1550/1550 1552/1552/1552
f 1550/1550/1550 1553/1553/1553 1552/1552/1552
f 1553/1553/1553 1554/1554/1554 1552/1552/1552
f 1554/1554/1554 1555/1555/1555 1552/1552/1552
f 1554/1554/1554 1556/1556/1556 1555/1555/1555
f 1556/1556/1556 1557/1557/1557 1555/1555/1555
f 1556/1556/1556 1558/1558/1558 1557/1557/1557
f 1558/1558/1558 1559/1559/1559 1557/1557/1557
f 1562/1562/1562 1561/1561/1561 1560/1560/1560
f 1563/1563/1563 1562/1562/1562 1560/1560/1560
f 1563/1563/1563 1560/1560/1560 1564/1564/1564
f 1565/1565/1565 1563/1563/1563 1564/1564/1564
f 1565/1565/1565 1564/1564/1564 1566/1566/1566
f 1567/1567/1567 1565/1565/1565 1566/1566/1566
f 1570/1570/1570 1569/1569/1569 1568/1568/1568
f 1568/1568/1568 1571/1571/1571 1570/1570/1570
f 1568/1568/1568 1572/1572/1572 1571/1571/1571
f 1572/1572/1572 1573/1573/1573 1571/1571/1571
f 1573/1573/1573 1574/1574/1574 1571/1571/1571
f 1574/1574/1574 1575/1575/1575 1571/1571/1571
f 1575/1575/1575 1576/1576/1576 1571/1571/1571
f 1576/1576/1576 1577/1577/1577 1571/1571/1571
f 1577/1577/1577 1578/1578/1578 1571/1571/1571
f 1578/1578/1578 1579/1579/1579 1571/1571/1571
f 1579/1579/1579 1580/1580/1580 1571/1571/1571
f 1580/1580/1580 1581/1581/1581 1571/1571/1571
f 1581/1581/1581 1582/1582/1582 1571/1571/1571
f 1584/1584/1584 1583/1583/1583 1571/1571/1571
f 1583/1583/1583 1585/1585/1585 1571/1571/1571
f 1586/1586/1586 1585/1585/1585 1583/1583/1583
f 1583/1583/1583 1587/1587/1587 1586/1586/1586
f 1586/1586/1586 1588/1588/1588 1585/1585/1585
f 1586/1586/1586 1589/1589/1589 1588/1588/1588
f 1589/1589/1589 1590/1590/1590 1588/1588/1588
f 1590/1590/1590 1591/1591/1591 1588/1588/1588
f 1591/1591/1591 1592/1592/1592 1588/1588/1588
f 1592/1592/1592 1593/1593/1593 1588/1588/1588
f 1593/1593/1593 1594/1594/1594 1588/1588/1588
f 1594/1594/1594 1595/1595/1595 1588/1588/1588
f 1595/1595/1595 1596/1596/1596 1588/1588/1588
f 1596/1596/1596 1597/1597/1597 1588/1588/1588
f 1597/1597/1597 1598/1598/1598 1588/1588/1588
f 1601/1601/1601 1600/1600/1600 1599/1599/1599
f 1602/1602/1602 1601/1601/1601 1599/1599/1599
f 1601/1601/1601 1602/1602/1602 1603/1603/1603
f 1604/1604/1604 1601/1601/1601 1603/1603/1603
f 1604/1604/1604 1603/1603/1603 1605/1605/1605
f 1606/1606/1606 1604/1604/1604 1605/1605/1605
f 1609/1609/1609 1608/1608/1608 1607/1607/1607
f 1608/1608/1608 1610/1610/1610 1607/1607/1607
f 1607/1607/1607 1610/1610/1610 1611/1611/1611
f 1610/1610/1610 1612/1612/1612 1611/1611/1611
f 1611/1611/1611 1612/1612/1612 1613/1613/1613
f 1612/1612/1612 1614/1614/1614 1613/1613/1613
f 1617/1617/1617 1616/1616/1616 1615/1615/1615
f 1617/1617/1617 1615/1615/1615 1618/1618/1618
f 1617/1617/1617 1618/1618/1618 1619/1619/1619
f 1617/1617/1617 1619/1619/1619 1620/1620/1620
f 1617/1617/1617 1620/1620/1620 1621/1621/1621
f 1617/1617/1617 1621/1621/1621 1622/1622/1622
f 1617/1617/1617 1622/1622/1622 1623/1623/1623
f 1617/1617/1617 1623/1623/1623 1624/1624/1624
f 1617/1617/1617 1624/1624/1624 1625/1625/1625
f 1617/1617/1617 1625/1625/1625 1626/1626/1626
f 1617/1617/1617 1626/1626/1626 1627/1627/1627
f 1617/1617/1617 1627/1627/1627 1628/1628/1628
f 1628/1628/1628 1629/1629/1629 1617/1617/1617
f 1631/1631/1631 1630/1630/1630 1629/1629/1629
f 1630/1630/1630 1632/1632/1632 1629/1629/1629
f 1634/1634/1634 1633/1633/1633 1632/1632/1632
f 1632/1632/1632 1635/1635/1635 1634/1634/1634
f 1632/1632/1632 1636/1636/1636 1635/1635/1635
f 1632/1632/1632 1637/1637/1637 1636/1636/1636
f 1632/1632/1632 1638/1638/1638 1637/1637/1637
f 1632/1632/1632 1639/1639/1639 1638/1638/1638
f 1632/1632/1632 1640/1640/1640 1639/1639/1639
f 1632/1632/1632 1641/1641/1641 1640/1640/1640
f 1632/1632/1632 1642/1642/1642 1641/1641/1641
f 1632/1632/1632 1643/1643/1643 1642/1642/1642
f 1632/1632/1632 1644/1644/1644 1643/1643/1643
f 1632/1632/1632 1645/1645/1645 1644/1644/1644
f 1648/1648/1648 1647/1647/1647 1646/1646/1646
f 1649/1649/1649 1648/1648/1648 1646/1646/1646
f 1648/1648/1648 1649/1649/1649 1650/1650/1650
f 1651/1651/1651 1648/1648/1648 1650/1650/1650
f 1651/1651/1651 1650/1650/1650 1652/1652/1652
f 1653/1653/1653 1651/1651/1651 1652/1652/1652
f 1653/1653/1653 1652/1652/1652 1654/1654/1654
f 1655/1655/1655 1653/1653/1653 1654/1654/1654
f 1655/1655/1655 1654/1654/1654 1656/1656/1656
f 1657/1657/1657 1655/1655/1655 1656/1656/1656
f 1657/1657/1657 1656/1656/1656 1658/1658/1658
f 1659/1659/1659 1657/1657/1657 1658/1658/1658
f 1660/1660/1660 1659/1659/1659 1658/1658/1658
f 1661/1661/1661 1660/1660/1660 1658/1658/1658
f 1660/1660/1660 1661/1661/1661 1662/1662/1662
f 1663/1663/1663 1660/1660/1660 1662/1662/1662
f 1663/1663/1663 1662/1662/1662 1664/1664/1664
f 1665/1665/1665 1663/1663/1663 1664/1664/1664
f 1665/1665/1665 1664/1664/1664 1666/1666/1666
f 1667/1667/1667 1665/1665/1665 1666/1666/1666
f 1667/1667/1667 1666/1666/1666 1668/1668/1668
f 1669/1669/1669 1667/1667/1667 1668/1668/1668
f 1669/1669/1669 1668/1668/1668 1670/1670/1670
f 1671/1671/1671 1669/1669/1669 1670/1670/1670
f 1670/1670/1670 1672/1672/1672 1671/1671/1671
f 1672/1672/1672 1673/1673/1673 1671/1671/1671
f 1676/1676/1676 1675/1675/1675 1674/1674/1674
f 1677/1677/1677 1676/1676/1676 1674/1674/1674
f 1677/1677/1677 1674/1674/1674 1678/1678/1678
f 1679/1679/1679 1677/1677/1677 1678/1678/1678
f 1679/1679/1679 1678/1678/1678 1680/1680/1680
f 1681/1681/1681 1679/1679/1679 1680/1680/1680
f 1681/1681/1681 1680/1680/1680 1682/1682/1682
f 1680/1680/1680 1683/1683/1683 1682/1682/1682
f 1683/1683/1683 1684/1684/1684 1682/1682/1682
f 1684/1684/1684 1685/1685/1685 1682/1682/1682
f 1684/1684/1684 1686/1686/1686 1685/1685/1685
f 1686/1686/1686 1687/1687/1687 1685/1685/1685
f 1686/1686/1686 1688/1688/1688 1687/1687/1687
f 1688/1688/1688 1689/1689/1689 1687/1687/1687
f 1692/1692/1692 1691/1691/1691 1690/1690/1690
f 1693/1693/1693 1692/1692/1692 1690/1690/1690
f 1693/1693/1693 1690/1690/1690 1694/1694/1694
f 1695/1695/1695 1693/1693/1693 1694/1694/1694
f 1695/1695/1695 1694/1694/1694 1696/1696/1696
f 1697/1697/1697 1695/1695/1695 1696/1696/1696
f 1700/1700/1700 1699/1699/1699 1698/1698/1698
f 1698/1698/1698 1701/1701/1701 1700/1700/1700
f 1698/1698/1698 1702/1702/1702 1701/1701/1701
f 1702/1702/1702 1703/1703/1703 1701/1701/1701
f 1703/1703/1703 1704/1704/1704 1701/1701/1701
f 1704/1704/1704 1705/1705/1705 1701/1701/1701
f 1705/1705/1705 1706/1706/1706 1701/1701/1701
f 1706/1706/1706 1707/1707/1707 1701/1701/1701
f 1707/1707/1707 1708/1708/1708 1701/1701/1701
f 1708/1708/1708 1709/1709/1709 1701/1701/1701
f 1709/1709/1709 1710/1710/1710 1701/1701/1701
f 1710/1710/1710 1711/1711/1711 1701/1701/1701
f 1711/1711/1711 1712/1712/1712 1701/1701/1701
f 1714/1714/1714 1713/1713/1713 1701/1701/1701
f 1713/1713/1713 1715/1715/1715 1701/1701/1701
f 1716/1716/1716 1715/1715/1715 1713/1713/1713
f 1713/1713/1713 1717/1717/1717 1716/1716/1716
f 1716/1716/1716 1718/1718/1718 1715/1715/1715
f 1716/1716/1716 1719/1719/1719 1718/1718/1718
f 1719/1719/1719 1720/1720/1720 1718/1718/1718
f 1720/1720/1720 1721/1721/1721 1718/1718/1718
f 1721/1721/1721 1722/1722/1722 1718/1718/1718
f 1722/1722/1722 1723/1723/1723 1718/1718/1718
f 1723/1723/1723 1724/1724/1724 1718/1718/1718
f 1724/1724/1724 1725/1725/1725 1718/1718/1718
f 1725/1725/1725 1726/1726/1726 1718/1718/1718
f 1726/1726/1726 1727/1727/1727 1718/1718/1718
f 1727/1727/1727 1728/1728/1728 1718/1718/1718
f 1731/1731/1731 1730/1730/1730 1729/1729/1729
f 1732/1732/1732 1731/1731/1731 1729/1729/1729
f 1731/1731/1731 1732/1732/1732 1733/1733/1733
f 1734/1734/1734 1731/1731/1731 1733/1733/1733
f 1734/1734/1734 1733/1733/1733 1735/1735/1735
f 1736/1736/1736 1734/1734/1734 1735/1735/1735
f 1739/1739/1739 1738/1738/1738 1737/1737/1737
f 1738/1738/1738 1740/1740/1740 1737/1737/1737
f 1737/1737/1737 1740/1740/1740 1741/1741/1741
f 1740/1740/1740 1742/1742/1742 1741/1741/1741
f 1741/1741/1741 1742/1742/1742 1743/1743/1743
f 1742/1742/1742 1744/1744/1744 1743/1743/1743
f 1747/1747/1747 1746/1746/1746 1745/1745/1745
f 1747/1747/1747 1745/1745/1745 1748/1748/1748
f 1747/1747/1747 1748/1748/1748 1749/1749/1749
f 1747/1747/1747 1749/1749/1749 1750/1750/1750
f 1747/1747/1747 1750/1750/1750 1751/1751/1751
f 1747/1747/1747 1751/1751/1751 1752/1752/1752
f 1747/1747/1747 1752/1752/1752 1753/1753/1753
f 1747/1747/1747 1753/1753/1753 1754/1754/1754
f 1747/1747/1747 1754/1754/1754 1755/1755/1755
f 1747/1747/1747 1755/1755/1755 1756/1756/1756
f 1747/1747/1747 1756/1756/1756 1757/1757/1757
f 1747/1747/1747 1757/1757/1757 1758/1758/1758
f 1758/1758/1758 1759/1759/1759 1747/1747/1747
f 1761/1761/1761 1760/1760/1760 1759/1759/1759
f 1760/1760/1760 1762/1762/1762 1759/1759/1759
f 1764/1764/1764 1763/1763/1763 1762/1762/1762
f 1762/1762/1762 1765/1765/1765 1764/1764/1764
f 1762/1762/1762 1766/1766/1766 1765/1765/1765
f 1762/1762/1762 1767/1767/1767 1766/1766/1766
f 1762/1762/1762 1768/1768/1768 1767/1767/1767
f 1762/1762/1762 1769/1769/1769 1768/1768/1768
f 1762/1762/1762 1770/1770/1770 1769/1769/1769
f 1762/1762/1762 1771/1771/1771 1770/1770/1770
f 1762/1762/1762 1772/1772/1772 1771/1771/1771
f 1762/1762/1762 1773/1773/1773 1772/1772/1772
f 1762/1762/1762 1774/1774/1774 1773/1773/1773
f 1762/1762/1762 1775/1775/1775 1774/1774/1774
f 1778/1778/1778 1777/1777/1777 1776/1776/1776
f 1779/1779/1779 1778/1778/1778 1776/1776/1776
f 1778/1778/1778 1779/1779/1779 1780/1780/1780
f 1781/1781/1781 1778/1778/1778 1780/1780/1780
f 1781/1781/1781 1780/1780/1780 1782/1782/1782
f 1783/1783/1783 1781/1781/1781 1782/1782/1782
f 1783/1783/1783 1782/1782/1782 1784/1784/1784
f 1785/1785/1785 1783/1783/1783 1784/1784/1784
f 1785/1785/1785 1784/1784/1784 1786/1786/1786
f 1787/1787/1787 1785/1785/1785 1786/1786/1786
f 1787/1787/1787 1786/1786/1786 1788/1788/1788
f 1789/1789/1789 1787/1787/1787 1788/1788/1788
f 1790/1790/1790 1789/1789/1789 1788/1788/1788
f 1791/1791/1791 1790/1790/1790 1788/1788/1788
f 1790/1790/1790 1791/1791/1791 1792/1792/1792
f 1793/1793/1793 1790/1790/1790 1792/1792/1792
f 1793/1793/1793 1792/1792/1792 1794/1794/1794
f 1795/1795/1795 1793/1793/1793 1794/1794/1794
f 1795/1795/1795 1794/1794/1794 1796/1796/1796
f 1797/1797/1797 1795/1795/1795 1796/1796/1796
f 1797/1797/1797 1796/1796/1796 1798/1798/1798
f 1799/1799/1799 1797/1797/1797 1798/1798/1798
f 1799/1799/1799 1798/1798/1798 1800/1800/1800
f 1801/1801/1801 1799/1799/1799 1800/1800/1800
f 1800/1800/1800 1802/1802/1802 1801/1801/1801
f 1802/1802/1802 1803/1803/1803 1801/1801/1801
f 1806/1806/1806 1805/1805/1805 1804/1804/1804
f 1807/1807/1807 1806/1806/1806 1804/1804/1804
f 1807/1807/1807 1804/1804/1804 1808/1808/1808
f 1809/1809/1809 1807/1807/1807 1808/1808/1808
f 1809/1809/1809 1808/1808/1808 1810/1810/1810
f 1811/1811/1811 1809/1809/1809 1810/1810/1810
f 1811/1811/1811 1810/1810/1810 1812/1812/1812
f 1810/1810/1810 1813/1813/1813 1812/1812/1812
f 1813/1813/1813 1814/1814/1814 1812/1812/1812
f 1814/1814/1814 1815/1815/1815 1812/1812/1812
f 1814/1814/1814 1816/1816/1816 1815/1815/1815
f 1816/1816/1816 1817/1817/1817 1815/1815/1815
f 1816/1816/1816 1818/1818/1818 1817/1817/1817
f 1818/1818/1818 1819/1819/1819 1817/1817/1817
f 1822/1822/1822 1821/1821/1821 1820/1820/1820
f 1823/1823/1823 1822/1822/1822 1820/1820/1820
f 1823/1823/1823 1820/1820/1820 1824/1824/1824
f 1825/1825/1825 1823/1823/1823 1824/1824/1824
f 1825/1825/1825 1824/1824/1824 1826/1826/1826
f 1827/1827/1827 1825/1825/1825 1826/1826/1826
f 1830/1830/1830 1829/1829/1829 1828/1828/1828
f 1828/1828/1828 1831/1831/1831 1830/1830/1830
f 1828/1828/1828 1832/1832/1832 1831/1831/1831
f 1832/1832/1832 1833/1833/1833 1831/1831/1831
f 1833/1833/1833 1834/1834/1834 1831/1831/1831
f 1834/1834/1834 1835/1835/1835 1831/1831/1831
f 1835/1835/1835 1836/1836/1836 1831/1831/1831
f 1836/1836/1836 1837/1837/1837 1831/1831/1831
f 1837/1837/1837 1838/1838/1838 1831/1831/1831
f 1838/1838/1838 1839/1839/1839 1831/1831/1831
f 1839/1839/1839 1840/1840/1840 1831/1831/1831
f 1840/1840/1840 1841/1841/1841 1831/1831/1831
f 1841/1841/1841 1842/1842/1842 1831/1831/1831
f 1844/1844/1844 1843/1843/1843 1831/1831/1831
f 1843/1843/1843 1845/1845/1845 1831/1831/1831
f 1846/1846/1846 1845/1845/1845 1843/1843/1843
f 1843/1843/1843 1847/1847/1847 1846/1846/1846
f 1846/1846/1846 1848/1848/1848 1845/1845/1845
f 1846/1846/1846 1849/1849/1849 1848/1848/1848
f 1849/1849/1849 1850/1850/1850 1848/1848/1848
f 1850/1850/1850 1851/1851/1851 1848/1848/1848
f 1851/1851/1851 1852/1852/1852 1848/1848/1848
f 1852/1852/1852 1853/1853/1853 1848/1848/1848
f 1853/1853/1853 1854/1854/1854 1848/1848/1848
f 1854/1854/1854 1855/1855/1855 1848/1848/1848
f 1855/1855/1855 1856/1856/1856 1848/1848/1848
f 1856/1856/1856 1857/1857/1857 1848/1848/1848
f 1857/1857/1857 1858/1858/1858 1848/1848/1848
f 1861/1861/1861 1860/1860/1860 1859/1859/1859
f 1862/1862/1862 1861/1861/1861 1859/1859/1859
f 1861/1861/1861 1862/1862/1862 1863/1863/1863
f 1864/1864/1864 1861/1861/1861 1863/1863/1863
f 1864/1864/1864 1863/1863/1863 1865/1865/1865
f 1866/1866/1866 1864/1864/1864 1865/1865/1865
f 1869/1869/1869 1868/1868/1868 1867/1867/1867
f 1868/1868/1868 1870/1870/1870 1867/1867/1867
f 1867/1867/1867 1870/1870/1870 1871/1871/1871
f 1870/1870/1870 1872/1872/1872 1871/1871/1871
f 1871/1871/1871 1872/1872/1872 1873/1873/1873
f 1872/1872/1872 1874/1874/1874 1873/1873/1873
f 1877/1877/1877 1876/1876/1876 1875/1875/1875
f 1877/1877/1877 1875/1875/1875 1878/1878/1878
f 1877/1877/1877 1878/1878/1878 1879/1879/1879
f 1877/1877/1877 1879/1879/1879 1880/1880/1880
f 1877/1877/1877 1880/1880/1880 1881/1881/1881
f 1877/1877/1877 1881/1881/1881 1882/1882/1882
f 1877/1877/1877 1882/1882/1882 1883/1883/1883
f 1877/1877/1877 1883/1883/1883 1884/1884/1884
f 1877/1877/1877 1884/1884/1884 1885/1885/1885
f 1877/1877/1877 1885/1885/1885 1886/1886/1886
f 1877/1877/1877 1886/1886/1886 1887/1887/1887
f 1877/1877/1877 1887/1887/1887 1888/1888/1888
f 1888/1888/1888 1889/1889/1889 1877/1877/1877
f 1891/1891/1891 1890/1890/1890 1889/1889/1889
f 1890/1890/1890 1892/1892/1892 1889/1889/1889
f 1894/1894/1894 1893/1893/1893 1892/1892/1892
f 1892/1892/1892 1895/1895/1895 1894/1894/1894
f 1892/1892/1892 1896/1896/1896 1895/1895/1895
f 1892/1892/1892 1897/1897/1897 1896/1896/1896
f 1892/1892/1892 1898/1898/1898 1897/1897/1897
f 1892/1892/1892 1899/1899/1899 1898/1898/1898
f 1892/1892/1892 1900/1900/1900 1899/1899/1899
f 1892/1892/1892 1901/1901/1901 1900/1900/1900
f 1892/1892/1892 1902/1902/1902 1901/1901/1901
f 1892/1892/1892 1903/1903/1903 1902/1902/1902
f 1892/1892/1892 1904/1904/1904 1903/1903/1903
f 1892/1892/1892 1905/1905/1905 1904/1904/1904
f 1908/1908/1908 1907/1907/1907 1906/1906/1906
f 1909/1909/1909 1908/1908/1908 1906/1906/1906
f 1908/1908/1908 1909/1909/1909 1910/1910/1910
f 1911/1911/1911 1908/1908/1908 1910/1910/1910
f 1911/1911/1911 1910/1910/1910 1912/1912/1912
f 1913/1913/1913 1911/1911/1911 1912/1912/1912
f 1913/1913/1913 1912/1912/1912 1914/1914/1914
f 1915/1915/1915 1913/1913/1913 1914/1914/1914
f 1915/1915/1915 1914/1914/1914 1916/1916/1916
f 1917/1917/1917 1915/1915/1915 1916/1916/1916
f 1917/1917/1917 1916/1916/1916 1918/1918/1918
f 1919/1919/1919 1917/1917/1917 1918/1918/1918
f 1920/1920/1920 1919/1919/1919 1918/1918/1918
f 1921/1921/1921 1920/1920/1920 1918/1918/1918
f 1920/1920/1920 1921/1921/1921 1922/1922/1922
f 1923/1923/1923 1920/1920/1920 1922/1922/1922
f 1923/1923/1923 1922/1922/1922 1924/1924/1924
f 1925/1925/1925 1923/1923/1923 1924/1924/1924
f 1925/1925/1925 1924/1924/1924 1926/1926/1926
f 1927/1927/1927 1925/1925/1925 1926/1926/1926
f 1927/1927/1927 1926/1926/1926 1928/1928/1928
f 1929/1929/1929 1927/1927/1927 1928/1928/1928
f 1929/1929/1929 1928/1928/1928 1930/1930/1930
f 1931/1931/1931 1929/1929/1929 1930/1930/1930
f 1930/1930/1930 1932/1932/1932 1931/1931/1931
f 1932/1932/1932 1933/1933/1933 1931/1931/1931
f 1936/1936/1936 1935/1935/1935 1934/1934/1934
f 1937/1937/1937 1936/1936/1936 1934/1934/1934
f 1937/1937/1937 1934/1934/1934 1938/1938/1938
f 1939/1939/1939 1937/1937/1937 1938/1938/1938
f 1939/1939/1939 1938/1938/1938 1940/1940/1940
f 1941/1941/1941 1939/1939/1939 1940/1940/1940
f 1941/1941/1941 1940/1940/1940 1942/1942/1942
f 1940/1940/1940 1943/1943/1943 1942/1942/1942
f 1943/1943/1943 1944/1944/1944 1942/1942/1942
f 1944/1944/1944 1945/1945/1945 1942/1942/1942
f 1944/1944/1944 1946/1946/1946 1945/1945/1945
f 1946/1946/1946 1947/1947/1947 1945/1945/1945
f 1946/1946/1946 1948/1948/1948 1947/1947/1947
f 1948/1948/1948 1949/1949/1949 1947/1947/1947
f 1952/1952/1952 1951/1951/1951 1950/1950/1950
f 1953/1953/1953 1952/1952/1952 1950/1950/1950
f 1953/1953/1953 1950/1950/1950 1954/1954/1954
f 1955/1955/1955 1953/1953/1953 1954/1954/1954
f 1955/1955/1955 1954/1954/1954 1956/1956/1956
f 1957/1957/1957 1955/1955/1955 1956/1956/1956
f 1960/1960/1960 1959/1959/1959 1958/1958/1958
f 1958/1958/1958 1961/1961/1961 1960/1960/1960
f 1958/1958/1958 1962/1962/1962 1961/1961/1961
f 1962/1962/1962 1963/1963/1963 1961/1961/1961
f 1963/1963/1963 1964/1964/1964 1961/1961/1961
f 1964/1964/1964 1965/1965/1965 1961/1961/1961
f 1965/1965/1965 1966/1966/1966 1961/1961/1961
f 1966/1966/1966 1967/1967/1967 1961/1961/1961
f 1967/1967/1967 1968/1968/1968 1961/1961/1961
f 1968/1968/1968 1969/1969/1969 1961/1961/1961
f 1969/1969/1969 1970/1970/1970 1961/1961/1961
f 1970/1970/1970 1971/1971/1971 1961/1961/1961
f 1971/1971/1971 1972/1972/1972 1961/1961/1961
f 1974/1974/1974 1973/1973/1973 1961/1961/1961
f 1973/1973/1973 1975/1975/1975 1961/1961/1961
f 1976/1976/1976 1975/1975/1975 1973/1973/1973
f 1973/1973/1973 1977/1977/1977 1976/1976/1976
f 1976/1976/1976 1978/1978/1978 1975/1975/1975
f 1976/1976/1976 1979/1979/1979 1978/1978/1978
f 1979/1979/1979 1980/1980/1980 1978/1978/1978
f 1980/1980/1980 1981/1981/1981 1978/1978/1978
f 1981/1981/1981 1982/1982/1982 1978/1978/1978
f 1982/1982/1982 1983/1983/1983 1978/1978/1978
f 1983/1983/1983 1984/1984/1984 1978/1978/1978
f 1984/1984/1984 1985/1985/1985 1978/1978/1978
f 1985/1985/1985 1986/1986/1986 1978/1978/1978
f 1986/1986/1986 1987/1987/1987 1978/1978/1978
f 1987/1987/1987 1988/1988/1988 1978/1978/1978
f 1991/1991/1991 1990/1990/1990 1989/1989/1989
f 1992/1992/1992 1991/1991/1991 1989/1989/1989
f 1991/1991/1991 1992/1992/1992 1993/1993/1993
f 1994/1994/1994 1991/1991/1991 1993/1993/1993
f 1994/1994/1994 1993/1993/1993 1995/1995/1995
f 1996/1996/1996 1994/1994/1994 1995/1995/1995
f 1999/1999/1999 1998/1998/1998 1997/1997/1997
f 1998/1998/1998 2000/2000/2000 1997/1997/1997
f 1997/1997/1997 2000/2000/2000 2001/2001/2001
f 2000/2000/2000 2002/2002/2002 2001/2001/2001
f 2001/2001/2001 2002/2002/2002 2003/2003/2003
f 2002/2002/2002 2004/2004/2004 2003/2003/2003
f 2007/2007/2007 2006/2006/2006 2005/2005/2005
f 2007/2007/2007 2005/2005/2005 2008/2008/2008
f 2007/2007/2007 2008/2008/2008 2009/2009/2009
f 2007/2007/2007 2009/2009/2009 2010/2010/2010
f 2007/2007/2007 2010/2010/2010 2011/2011/2011
f 2007/2007/2007 2011/2011/2011 2012/2012/2012
f 2007/2007/2007 2012/2012/2012 2013/2013/2013
f 2007/2007/2007 2013/2013/2013 2014/2014/2014
f 2007/2007/2007 2014/2014/2014 2015/2015/2015
f 2007/2007/2007 2015/2015/2015 2016/2016/2016
f 2007/2007/2007 2016/2016/2016 2017/2017/2017
f 2007/2007/2007 2017/2017/2017 2018/2018/2018
f 2018/2018/2018 2019/2019/2019 2007/2007/2007
f 2021/2021/2021 2020/2020/2020 2019/2019/2019
f 2020/2020/2020 2022/2022/2022 2019/2019/2019
f 2024/2024/2024 2023/2023/2023 2022/2022/2022
f 2022/2022/2022 2025/2025/2025 2024/2024/2024
f 2022/2022/2022 2026/2026/2026 2025/2025/2025
f 2022/2022/2022 2027/2027/2027 2026/2026/2026
f 2022/2022/2022 2028/2028/2028 2027/2027/2027
f 2022/2022/2022 2029/2029/2029 2028/2028/2028
f 2022/2022/2022 2030/2030/2030 2029/2029/2029
f 2022/2022/2022 2031/2031/2031 2030/2030/2030
f 2022/2022/2022 2032/2032/2032 2031/2031/2031
f 2022/2022/2022 2033/2033/2033 2032/2032/2032
f 2022/2022/2022 2034/2034/2034 2033/2033/2033
f 2022/2022/2022 2035/2035/2035 2034/2034/2034
f 2038/2038/2038 2037/2037/2037 2036/2036/2036
f 2039/2039/2039 2038/2038/2038 2036/2036/2036
f 2038/2038/2038 2039/2039/2039 2040/2040/2040
f 2041/2041/2041 2038/2038/2038 2040/2040/2040
f 2041/2041/2041 2040/2040/2040 2042/2042/2042
f 2043/2043/2043 2041/2041/2041 2042/2042/2042
f 2043/2043/2043 2042/2042/2042 2044/2044/2044
f 2045/2045/2045 2043/2043/2043 2044/2044/2044
f 2045/2045/2045 2044/2044/2044 2046/2046/2046
f 2047/2047/2047 2045/2045/2045 2046/2046/2046
f 2047/2047/2047 2046/2046/2046 2048/2048/2048
f 2049/2049/2049 2047/2047/2047 2048/2048/2048
f 2050/2050/2050 2049/2049/2049 2048/2048/2048
f 2051/2051/2051 2050/2050/2050 2048/2048/2048
f 2050/2050/2050 2051/2051/2051 2052/2052/2052
f 2053/2053/2053 2050/2050/2050 2052/2052/2052
f 2053/2053/2053 2052/2052/2052 2054/2054/2054
f 2055/2055/2055 2053/2053/2053 2054/2054/2054
f 2055/2055/2055 2054/2054/2054 2056/2056/2056
f 2057/2057/2057 2055/2055/2055 2056/2056/2056
f 2057/2057/2057 2056/2056/2056 2058/2058/2058
f 2059/2059/2059 2057/2057/2057 2058/2058/2058
f 2059/2059/2059 2058/2058/2058 2060/2060/2060
f 2061/2061/2061 2059/2059/2059 2060/2060/2060
f 2060/2060/2060 2062/2062/2062 2061/2061/2061
f 2062/2062/2062 2063/2063/2063 2061/2061/2061
f 2066/2066/2066 2065/2065/2065 2064/2064/2064
f 2067/2067/2067 2066/2066/2066 2064/2064/2064
f 2067/2067/2067 2064/2064/2064 2068/2068/2068
f 2069/2069/2069 2067/2067/2067 2068/2068/2068
f 2069/2069/2069 2068/2068/2068 2070/2070/2070
f 2071/2071/2071 2069/2069/2069 2070/2070/2070
f 2071/2071/2071 2070/2070/2070 2072/2072/2072
f 2070/2070/2070 2073/2073/2073 2072/2072/2072
f 2073/2073/2073 2074/2074/2074 2072/2072/2072
f 2074/2074/2074 2075/2075/2075 2072/2072/2072
f 2074/2074/2074 2076/2076/2076 2075/2075/2075
f 2076/2076/2076 2077/2077/2077 2075/2075/2075
f 2076/2076/2076 2078/2078/2078 2077/2077/2077
f 2078/2078/2078 2079/2079/2079 2077/2077/2077
f 2082/2082/2082 2081/2081/2081 2080/2080/2080
f 2083/2083/2083 2082/2082/2082 2080/2080/2080
f 2083/2083/2083 2080/2080/2080 2084/2084/2084
f 2085/2085/2085 2083/2083/2083 2084/2084/2084
f 2085/2085/2085 2084/2084/2084 2086/2086/2086
f 2087/2087/2087 2085/2085/2085 2086/2086/2086
f 2090/2090/2090 2089/2089/2089 2088/2088/2088
f 2088/2088/2088 2091/2091/2091 2090/2090/2090
f 2088/2088/2088 2092/2092/2092 2091/2091/2091
f 2092/2092/2092 2093/2093/2093 2091/2091/2091
f 2093/2093/2093 2094/2094/2094 2091/2091/2091
f 2094/2094/2094 2095/2095/2095 2091/2091/2091
f 2095/2095/2095 2096/2096/2096 2091/2091/2091
f 2096/2096/2096 2097/2097/2097 2091/2091/2091
f 2097/2097/2097 2098/2098/2098 2091/2091/2091
f 2098/2098/2098 2099/2099/2099 2091/2091/2091
f 2099/2099/2099 2100/2100/2100 2091/2091/2091
f 2100/2100/2100 2101/2101/2101 2091/2091/2091
f 2101/2101/2101 2102/2102/2102 2091/2091/2091
f 2104/2104/2104 2103/2103/2103 2091/2091/2091
f 2103/2103/2103 2105/2105/2105 2091/2091/2091
f 2106/2106/2106 2105/2105/2105 2103/2103/2103
f 2103/2103/2103 2107/2107/2107 2106/2106/2106
f 2106/2106/2106 2108/2108/2108 2105/2105/2105
f 2106/2106/2106 2109/2109/2109 2108/2108/2108
f 2109/2109/2109 2110/2110/2110 2108/2108/2108
f 2110/2110/2110 2111/2111/2111 2108/2108/2108
f 2111/2111/2111 2112/2112/2112 2108/2108/2108
f 2112/2112/2112 2113/2113/2113 2108/2108/2108
f 2113/2113/2113 2114/2114/2114 2108/2108/2108
f 2114/2114/2114 2115/2115/2115 2108/2108/2108
f 2115/2115/2115 2116/2116/2116 2108/2108/2108
f 2116/2116/2116 2117/2117/2117 2108/2108/2108
f 2117/2117/2117 2118/2118/2118 2108/2108/2108
f 2121/2121/2121 2120/2120/2120 2119/2119/2119
f 2122/2122/2122 2121/2121/2121 2119/2119/2119
f 2121/2121/2121 2122/2122/2122 2123/2123/2123
f 2124/2124/2124 2121/2121/2121 2123/2123/2123
f 2124/2124/2124 2123/2123/2123 2125/2125/2125
f 2126/2126/2126 2124/2124/2124 2125/2125/2125
f 2129/2129/2129 2128/2128/2128 2127/2127/2127
f 2128/2128/2128 2130/2130/2130 2127/2127/2127
f 2127/2127/2127 2130/2130/2130 2131/2131/2131
f 2130/2130/2130 2132/2132/2132 2131/2131/2131
f 2131/2131/2131 2132/2132/2132 2133/2133/2133
f 2132/2132/2132 2134/2134/2134 2133/2133/2133
f 2137/2137/2137 2136/2136/2136 2135/2135/2135
f 2137/2137/2137 2135/2135/2135 2138/2138/2138
f 2137/2137/2137 2138/2138/2138 2139/2139/2139
f 2137/2137/2137 2139/2139/2139 2140/2140/2140
f 2137/2137/2137 2140/2140/2140 2141/2141/2141
f 2137/2137/2137 2141/2141/2141 2142/2142/2142
f 2137/2137/2137 2142/2142/2142 2143/2143/2143
f 2137/2137/2137 2143/2143/2143 2144/2144/2144
f 2137/2137/2137 2144/2144/2144 2145/2145/2145
f 2137/2137/2137 2145/2145/2145 2146/2146/2146
f 2137/2137/2137 2146/2146/2146 2147/2147/2147
f 2137/2137/2137 2147/2147/2147 2148/2148/2148
f 2148/2148/2148 2149/2149/2149 2137/2137/2137
f 2151/2151/2151 2150/2150/2150 2149/2149/2149
f 2150/2150/2150 2152/2152/2152 2149/2149/2149
f 2154/2154/2154 2153/2153/2153 2152/2152/2152
f 2152/2152/2152 2155/2155/2155 2154/2154/2154
f 2152/2152/2152 2156/2156/2156 2155/2155/2155
f 2152/2152/2152 2157/2157/2157 2156/2156/2156
f 2152/2152/2152 2158/2158/2158 2157/2157/2157
f 2152/2152/2152 2159/2159/2159 2158/2158/2158
f 2152/2152/2152 2160/2160/2160 2159/2159/2159
f 2152/2152/2152 2161/2161/2161 2160/2160/2160
f 2152/2152/2152 2162/2162/2162 2161/2161/2161
f 2152/2152/2152 2163/2163/2163 2162/2162/2162
f 2152/2152/2152 2164/2164/2164 2163/2163/2163
f 2152/2152/2152 2165/2165/2165 2164/2164/2164
f 2168/2168/2168 2167/2167/2167 2166/2166/2166
f 2169/2169/2169 2168/2168/2168 2166/2166/2166
f 2168/2168/2168 2169/2169/2169 2170/2170/2170
f 2171/2171/2171 2168/2168/2168 2170/2170/2170
f 2171/2171/2171 2170/2170/2170 2172/2172/2172
f 2173/2173/2173 2171/2171/2171 2172/2172/2172
f 2173/2173/2173 2172/2172/2172 2174/2174/2174
f 2175/2175/2175 2173/2173/2173 2174/2174/2174
f 2175/2175/2175 2174/2174/2174 2176/2176/2176
f 2177/2177/2177 2175/2175/2175 2176/2176/2176
f 2177/2177/2177 2176/2176/2176 2178/2178/2178
f 2179/2179/2179 2177/2177/2177 2178/2178/2178
f 2180/2180/2180 2179/2179/2179 2178/2178/2178
f 2181/2181/2181 2180/2180/2180 2178/2178/2178
f 2180/2180/2180 2181/2181/2181 2182/2182/2182
f 2183/2183/2183 2180/2180/2180 2182/2182/2182
f 2183/2183/2183 2182/2182/2182 2184/2184/2184
f 2185/2185/2185 2183/2183/2183 2184/2184/2184
f 2185/2185/2185 2184/2184/2184 2186/2186/2186
f 2187/2187/2187 2185/2185/2185 2186/2186/2186
f 2187/2187/2187 2186/2186/2186 2188/2188/2188
f 2189/2189/2189 2187/2187/2187 2188/2188/2188
f 2189/2189/2189 2188/2188/2188 2190/2190/2190
f 2191/2191/2191 2189/2189/2189 2190/2190/2190
f 2190/2190/2190 2192/2192/2192 2191/2191/2191
f 2192/2192/2192 2193/2193/2193 2191/2191/2191
f 2196/2196/2196 2195/2195/2195 2194/2194/2194
f 2197/2197/2197 2196/2196/2196 2194/2194/2194
f 2197/2197/2197 2194/2194/2194 2198/2198/2198
f 2199/2199/2199 2197/2197/2197 2198/2198/2198
f 2199/2199/2199 2198/2198/2198 2200/2200/2200
f 2201/2201/2201 2199/2199/2199 2200/2200/2200
f 2201/2201/2201 2200/2200/2200 2202/2202/2202
f 2200/2200/2200 2203/2203/2203 2202/2202/2202
f 2203/2203/2203 2204/2204/2204 2202/2202/2202
f 2204/2204/2204 2205/2205/2205 2202/2202/2202
f 2204/2204/2204 2206/2206/2206 2205/2205/2205
f 2206/2206/2206 2207/2207/2207 2205/2205/2205
f 2206/2206/2206 2208/2208/2208 2207/2207/2207
f 2208/2208/2208 2209/2209/2209 2207/2207/2207
f 2212/2212/2212 2211/2211/2211 2210/2210/2210
f 2213/2213/2213 2212/2212/2212 2210/2210/2210
f 2213/2213/2213 2210/2210/2210 2214/2214/2214
f 2215/2215/2215 2213/2213/2213 2214/2214/2214
f 2215/2215/2215 2214/2214/2214 2216/2216/2216
f 2217/2217/2217 2215/2215/2215 2216/2216/2216
f 2220/2220/2220 2219/2219/2219 2218/2218/2218
f 2218/2218/2218 2221/2221/2221 2220/2220/2220
f 2218/2218/2218 2222/2222/2222 2221/2221/2221
f 2222/2222/2222 2223/2223/2223 2221/2221/2221
f 2223/2223/2223 2224/2224/2224 2221/2221/2221
f 2224/2224/2224 2225/2225/2225 2221/2221/2221
f 2225/2225/2225 2226/2226/2226 2221/2221/2221
f 2226/2226/2226 2227/2227/2227 2221/2221/2221
f 2227/2227/2227 2228/2228/2228 2221/2221/2221
f 2228/2228/2228 2229/2229/2229 2221/2221/2221
f 2229/2229/2229 2230/2230/2230 2221/2221/2221
f 2230/2230/2230 2231/2231/2231 2221/2221/2221
f 2231/2231/2231 2232/2232/2232 2221/2221/2221
f 2234/2234/2234 2233/2233/2233 2221/2221/2221
f 2233/2233/2233 2235/2235/2235 2221/2221/2221
f 2236/2236/2236 2235/2235/2235 2233/2233/2233
f 2233/2233/2233 2237/2237/2237 2236/2236/2236
f 2236/2236/2236 2238/2238/2238 2235/2235/2235
f 2236/2236/2236 2239/2239/2239 2238/2238/2238
f 2239/2239/2239 2240/2240/2240 2238/2238/2238
f 2240/2240/2240 2241/2241/2241 2238/2238/2238
f 2241/2241/2241 2242/2242/2242 2238/2238/2238
f 2242/2242/2242 2243/2243/2243 2238/2238/2238
f 2243/2243/2243 2244/2244/2244 2238/2238/2238
f 2244/2244/2244 2245/2245/2245 2238/2238/2238
f 2245/2245/2245 2246/2246/2246 2238/2238/2238
f 2246/2246/2246 2247/2247/2247 2238/2238/2238
f 2247/2247/2247 2248/2248/2248 2238/2238/2238
f 2251/2251/2251 2250/2250/2250 2249/2249/2249
f 2252/2252/2252 2251/2251/2251 2249/2249/2249
f 2251/2251/2251 2252/2252/2252 2253/2253/2253
f 2254/2254/2254 2251/2251/2251 2253/2253/2253
f 2254/2254/2254 2253/2253/2253 2255/2255/2255
f 2256/2256/2256 2254/2254/2254 2255/2255/2255
f 2259/2259/2259 2258/2258/2258 2257/2257/2257
f 2258/2258/2258 2260/2260/2260 2257/2257/2257
f 2257/2257/2257 2260/2260/2260 2261/2261/2261
f 2260/2260/2260 2262/2262/2262 2261/2261/2261
f 2261/2261/2261 2262/2262/2262 2263/2263/2263
f 2262/2262/2262 2264/2264/2264 2263/2263/2263
f 2267/2267/2267 2266/2266/2266 2265/2265/2265
f 2267/2267/2267 2265/2265/2265 2268/2268/2268
f 2267/2267/2267 2268/2268/2268 2269/2269/2269
f 2267/2267/2267 2269/2269/2269 2270/2270/2270
f 2267/2267/2267 2270/2270/2270 2271/2271/2271
f 2267/2267/2267 2271/2271/2271 2272/2272/2272
f 2267/2267/2267 2272/2272/2272 2273/2273/2273
f 2267/2267/2267 2273/2273/2273 2274/2274/2274
f 2267/2267/2267 2274/2274/2274 2275/2275/2275
f 2267/2267/2267 2275/2275/2275 2276/2276/2276
f 2267/2267/2267 2276/2276/2276 2277/2277/2277
f 2267/2267/2267 2277/2277/2277 2278/2278/2278
f 2278/2278/2278 2279/2279/2279 2267/2267/2267
f 2281/2281/2281 2280/2280/2280 2279/2279/2279
f 2280/2280/2280 2282/2282/2282 2279/2279/2279
f 2284/2284/2284 2283/2283/2283 2282/2282/2282
f 2282/2282/2282 2285/2285/2285 2284/2284/2284
f 2282/2282/2282 2286/2286/2286 2285/2285/2285
f 2282/2282/2282 2287/2287/2287 2286/2286/2286
f 2282/2282/2282 2288/2288/2288 2287/2287/2287
f 2282/2282/2282 2289/2289/2289 2288/2288/2288
f 2282/2282/2282 2290/2290/2290 2289/2289/2289
f 2282/2282/2282 2291/2291/2291 2290/2290/2290
f 2282/2282/2282 2292/2292/2292 2291/2291/2291
f 2282/2282/2282 2293/2293/2293 2292/2292/2292
f 2282/2282/2282 2294/2294/2294 2293/2293/2293
f 2282/2282/2282 2295/2295/2295 2294/2294/2294
f 2298/2298/2298 2297/2297/2297 2296/2296/2296
f 2299/2299/2299 2298/2298/2298 2296/2296/2296
f 2298/2298/2298 2299/2299/2299 2300/2300/2300
f 2301/2301/2301 2298/2298/2298 2300/2300/2300
f 2301/2301/2301 2300/2300/2300 2302/2302/2302
f 2303/2303/2303 2301/2301/2301 2302/2302/2302
f 2303/2303/2303 2302/2302/2302 2304/2304/2304
f 2305/2305/2305 2303/2303/2303 2304/2304/2304
f 2305/2305/2305 2304/2304/2304 2306/2306/2306
f 2307/2307/2307 2305/2305/2305 2306/2306/2306
f 2307/2307/2307 2306/2306/2306 2308/2308/2308
f 2309/2309/2309 2307/2307/2307 2308/2308/2308
f 2310/2310/2310 2309/2309/2309 2308/2308/2308
f 2311/2311/2311 2310/2310/2310 2308/2308/2308
f 2310/2310/2310 2311/2311/2311 2312/2312/2312
f 2313/2313/2313 2310/2310/2310 2312/2312/2312
f 2313/2313/2313 2312/2312/2312 2314/2314/2314
f 2315/2315/2315 2313/2313/2313 2314/2314/2314
f 2315/2315/2315 2314/2314/2314 2316/2316/2316
f 2317/2317/2317 2315/2315/2315 2316/2316/2316
f 2317/2317/2317 2316/2316/2316 2318/2318/2318
f 2319/2319/2319 2317/2317/2317 2318/2318/2318
f 2319/2319/2319 2318/2318/2318 2320/2320/2320
f 2321/2321/2321 2319/2319/2319 2320/2320/2320
f 2320/2320/2320 2322/2322/2322 2321/2321/2321
f 2322/2322/2322 2323/2323/2323 2321/2321/2321
f 2326/2326/2326 2325/2325/2325 2324/2324/2324
f 2327/2327/2327 2326/2326/2326 2324/2324/2324
f 2327/2327/2327 2324/2324/2324 2328/2328/2328
f 2329/2329/2329 2327/2327/2327 2328/2328/2328
f 2329/2329/2329 2328/2328/2328 2330/2330/2330
f 2331/2331/2331 2329/2329/2329 2330/2330/2330
f 2331/2331/2331 2330/2330/2330 2332/2332/2332
f 2330/2330/2330 2333/2333/2333 2332/2332/2332
f 2333/2333/2333 2334/2334/2334 2332/2332/2332
f 2334/2334/2334 2335/2335/2335 2332/2332/2332
f 2334/2334/2334 2336/2336/2336 2335/2335/2335
f 2336/2336/2336 2337/2337/2337 2335/2335/2335
f 2336/2336/2336 2338/2338/2338 2337/2337/2337
f 2338/2338/2338 2339/2339/2339 2337/2337/2337
f 2342/2342/2342 2341/2341/2341 2340/2340/2340
f 2343/2343/2343 2342/2342/2342 2340/2340/2340
f 2343/2343/2343 2340/2340/2340 2344/2344/2344
f 2345/2345/2345 2343/2343/2343 2344/2344/2344
f 2345/2345/2345 2344/2344/2344 2346/2346/2346
f 2347/2347/2347 2345/2345/2345 2346/2346/2346
f 2350/2350/2350 2349/2349/2349 2348/2348/2348
f 2348/2348/2348 2351/2351/2351 2350/2350/2350
f 2348/2348/2348 2352/2352/2352 2351/2351/2351
f 2352/2352/2352 2353/2353/2353 2351/2351/2351
f 2353/2353/2353 2354/2354/2354 2351/2351/2351
f 2354/2354/2354 2355/2355/2355 2351/2351/2351
f 2355/2355/2355 2356/2356/2356 2351/2351/2351
f 2356/2356/2356 2357/2357/2357 2351/2351/2351
f 2357/2357/2357 2358/2358/2358 2351/2351/2351
f 2358/2358/2358 2359/2359/2359 2351/2351/2351
f 2359/2359/2359 2360/2360/2360 2351/2351/2351
f 2360/2360/2360 2361/2361/2361 2351/2351/2351
f 2361/2361/2361 2362/2362/2362 2351/2351/2351
f 2364/2364/2364 2363/2363/2363 2351/2351/2351
f 2363/2363/2363 2365/2365/2365 2351/2351/2351
f 2366/2366/2366 2365/2365/2365 2363/2363/2363
f 2363/2363/2363 2367/2367/2367 2366/2366/2366
f 2366/2366/2366 2368/2368/2368 2365/2365/2365
f 2366/2366/2366 2369/2369/2369 2368/2368/2368
f 2369/2369/2369 2370/2370/2370 2368/2368/2368
f 2370/2370/2370 2371/2371/2371 2368/2368/2368
f 2371/2371/2371 2372/2372/2372 2368/2368/2368
f 2372/2372/2372 2373/2373/2373 2368/2368/2368
f 2373/2373/2373 2374/2374/2374 2368/2368/2368
f 2374/2374/2374 2375/2375/2375 2368/2368/2368
f 2375/2375/2375 2376/2376/2376 2368/2368/2368
f 2376/2376/2376 2377/2377/2377 2368/2368/2368
f 2377/2377/2377 2378/2378/2378 2368/2368/2368
f 2381/2381/2381 2380/2380/2380 2379/2379/2379
f 2382/2382/2382 2381/2381/2381 2379/2379/2379
f 2381/2381/2381 2382/2382/2382 2383/2383/2383
f 2384/2384/2384 2381/2381/2381 2383/2383/2383
f 2384/2384/2384 2383/2383/2383 2385/2385/2385
f 2386/2386/2386 2384/2384/2384 2385/2385/2385
f 2389/2389/2389 2388/2388/2388 2387/2387/2387
f 2388/2388/2388 2390/2390/2390 2387/2387/2387
f 2387/2387/2387 2390/2390/2390 2391/2391/2391
f 2390/2390/2390 2392/2392/2392 2391/2391/2391
f 2391/2391/2391 2392/2392/2392 2393/2393/2393
f 2392/2392/2392 2394/2394/2394 2393/2393/2393
f 2397/2397/2397 2396/2396/2396 2395/2395/2395
f 2397/2397/2397 2395/2395/2395 2398/2398/2398
f 2397/2397/2397 2398/2398/2398 2399/2399/2399
f 2397/2397/2397 2399/2399/2399 2400/2400/2400
f 2397/2397/2397 2400/2400/2400 2401/2401/2401
f 2397/2397/2397 2401/2401/2401 2402/2402/2402
f 2397/2397/2397 2402/2402/2402 2403/2403/2403
f 2397/2397/2397 2403/2403/2403 2404/2404/2404
f 2397/2397/2397 2404/2404/2404 2405/2405/2405
f 2397/2397/2397 2405/2405/2405 2406/2406/2406
f 2397/2397/2397 2406/2406/2406 2407/2407/2407
f 2397/2397/2397 2407/2407/2407 2408/2408/2408
f 2408/2408/2408 2409/2409/2409 2397/2397/2397
f 2411/2411/2411 2410/2410/2410 2409/2409/2409
f 2410/2410/2410 2412/2412/2412 2409/2409/2409
f 2414/2414/2414 2413/2413/2413 2412/2412/2412
f 2412/2412/2412 2415/2415/2415 2414/2414/2414
f 2412/2412/2412 2416/2416/2416 2415/2415/2415
f 2412/2412/2412 2417/2417/2417 2416/2416/2416
f 2412/2412/2412 2418/2418/2418 2417/2417/2417
f 2412/2412/2412 2419/2419/2419 2418/2418/2418
f 2412/2412/2412 2420/2420/2420 2419/2419/2419
f 2412/2412/2412 2421/2421/2421 2420/2420/2420
f 2412/2412/2412 2422/2422/2422 2421/2421/2421
f 2412/2412/2412 2423/2423/2423 2422/2422/2422
f 2412/2412/2412 2424/2424/2424 2423/2423/2423
f 2412/2412/2412 2425/2425/2425 2424/2424/2424
f 2428/2428/2428 2427/2427/2427 2426/2426/2426
f 2429/2429/2429 2428/2428/2428 2426/2426/2426
f 2428/2428/2428 2429/2429/2429 2430/2430/2430
f 2431/2431/2431 2428/2428/2428 2430/2430/2430
f 2431/2431/2431 2430/2430/2430 2432/2432/2432
f 2433/2433/2433 2431/2431/2431 2432/2432/2432
f 2433/2433/2433 2432/2432/2432 2434/2434/2434
f 2435/2435/2435 2433/2433/2433 2434/2434/2434
f 2435/2435/2435 2434/2434/2434 2436/2436/2436
f 2437/2437/2437 2435/2435/2435 2436/2436/2436
f 2437/2437/2437 2436/2436/2436 2438/2438/2438
f 2439/2439/2439 2437/2437/2437 2438/2438/2438
f 2440/2440/2440 2439/2439/2439 2438/2438/2438
f 2441/2441/2441 2440/2440/2440 2438/2438/2438
f 2440/2440/2440 2441/2441/2441 2442/2442/2442
f 2443/2443/2443 2440/2440/2440 2442/2442/2442
f 2443/2443/2443 2442/2442/2442 2444/2444/2444
f 2445/2445/2445 2443/2443/2443 2444/2444/2444
f 2445/2445/2445 2444/2444/2444 2446/2446/2446
f 2447/2447/2447 2445/2445/2445 2446/2446/2446
f 2447/2447/2447 2446/2446/2446 2448/2448/2448
f 2449/2449/2449 2447/2447/2447 2448/2448/2448
f 2449/2449/2449 2448/2448/2448 2450/2450/2450
f 2451/2451/2451 2449/2449/2449 2450/2450/2450
f 2450/2450/2450 2452/2452/2452 2451/2451/2451
f 2452/2452/2452 2453/2453/2453 2451/2451/2451
f 2456/2456/2456 2455/2455/2455 2454/2454/2454
f 2457/2457/2457 2456/2456/2456 2454/2454/2454
f 2457/2457/2457 2454/2454/2454 2458/2458/2458
f 2459/2459/2459 2457/2457/2457 2458/2458/2458
f 2459/2459/2459 2458/2458/2458 2460/2460/2460
f 2461/2461/2461 2459/2459/2459 2460/2460/2460
f 2461/2461/2461 2460/2460/2460 2462/2462/2462
f 2460/2460/2460 2463/2463/2463 2462/2462/2462
f 2463/2463/2463 2464/2464/2464 2462/2462/2462
f 2464/2464/2464 2465/2465/2465 2462/2462/2462
f 2464/2464/2464 2466/2466/2466 2465/2465/2465
f 2466/2466/2466 2467/2467/2467 2465/2465/2465
f 2466/2466/2466 2468/2468/2468 2467/2467/2467
f 2468/2468/2468 2469/2469/2469 2467/2467/2467
f 2472/2472/2472 2471/2471/2471 2470/2470/2470
f 2473/2473/2473 2472/2472/2472 2470/2470/2470
f 2473/2473/2473 2470/2470/2470 2474/2474/2474
f 2475/2475/2475 2473/2473/2473 2474/2474/2474
f 2475/2475/2475 2474/2474/2474 2476/2476/2476
f 2477/2477/2477 2475/2475/2475 2476/2476/2476
f 2480/2480/2480 2479/2479/2479 2478/2478/2478
f 2478/2478/2478 2481/2481/2481 2480/2480/2480
f 2478/2478/2478 2482/2482/2482 2481/2481/2481
f 2482/2482/2482 2483/2483/2483 2481/2481/2481
f 2483/2483/2483 2484/2484/2484 2481/2481/2481
f 2484/2484/2484 2485/2485/2485 2481/2481/2481
f 2485/2485/2485 2486/2486/2486 2481/2481/2481
f 2486/2486/2486 2487/2487/2487 2481/2481/2481
f 2487/2487/2487 2488/2488/2488 2481/2481/2481
f 2488/2488/2488 2489/2489/2489 2481/2481/2481
f 2489/2489/2489 2490/2490/2490 2481/2481/2481
f 2490/2490/2490 2491/2491/2491 2481/2481/2481
f 2491/2491/2491 2492/2492/2492 2481/2481/2481
f 2494/2494/2494 2493/2493/2493 2481/2481/2481
f 2493/2493/2493 2495/2495/2495 2481/2481/2481
f 2496/2496/2496 2495/2495/2495 2493/2493/2493
f 2493/2493/2493 2497/2497/2497 2496/2496/2496
f 2496/2496/2496 2498/2498/2498 2495/2495/2495
f 2496/2496/2496 2499/2499/2499 2498/2498/2498
f 2499/2499/2499 2500/2500/2500 2498/2498/2498
f 2500/2500/2500 2501/2501/2501 2498/2498/2498
f 2501/2501/2501 2502/2502/2502 2498/2498/2498
f 2502/2502/2502 2503/2503/2503 2498/2498/2498
f 2503/2503/2503 2504/2504/2504 2498/2498/2498
f 2504/2504/2504 2505/2505/2505 2498/2498/2498
f 2505/2505/2505 2506/2506/2506 2498/2498/2498
f 2506/2506/2506 2507/2507/2507 2498/2498/2498
f 2507/2507/2507 2508/2508/2508 2498/2498/2498
f 2511/2511/2511 2510/2510/2510 2509/2509/2509
f 2512/2512/2512 2511/2511/2511 2509/2509/2509
f 2511/2511/2511 2512/2512/2512 2513/2513/2513
f 2514/2514/2514 2511/2511/2511 2513/2513/2513
f 2514/2514/2514 2513/2513/2513 2515/2515/2515
f 2516/2516/2516 2514/2514/2514 2515/2515/2515
f 2519/2519/2519 2518/2518/2518 2517/2517/2517
f 2518/2518/2518 2520/2520/2520 2517/2517/2517
f 2517/2517/2517 2520/2520/2520 2521/2521/2521
f 2520/2520/2520 2522/2522/2522 2521/2521/2521
f 2521/2521/2521 2522/2522/2522 2523/2523/2523
f 2522/2522/2522 2524/2524/2524 2523/2523/2523
f 2527/2527/2527 2526/2526/2526 2525/2525/2525
f 2527/2527/2527 2525/2525/2525 2528/2528/2528
f 2527/2527/2527 2528/2528/2528 2529/2529/2529
f 2527/2527/2527 2529/2529/2529 2530/2530/2530
f 2527/2527/2527 2530/2530/2530 2531/2531/2531
f 2527/2527/2527 2531/2531/2531 2532/2532/2532
f 2527/2527/2527 2532/2532/2532 2533/2533/2533
f 2527/2527/2527 2533/2533/2533 2534/2534/2534
f 2527/2527/2527 2534/2534/2534 2535/2535/2535
f 2527/2527/2527 2535/2535/2535 2536/2536/2536
f 2527/2527/2527 2536/2536/2536 2537/2537/2537
f 2527/2527/2527 2537/2537/2537 2538/2538/2538
f 2538/2538/2538 2539/2539/2539 2527/2527/2527
f 2541/2541/2541 2540/2540/2540 2539/2539/2539
f 2540/2540/2540 2542/2542/2542 2539/2539/2539
f 2544/2544/2544 2543/2543/2543 2542/2542/2542
f 2542/2542/2542 2545/2545/2545 2544/2544/2544
f 2542/2542/2542 2546/2546/2546 2545/2545/2545
f 2542/2542/2542 2547/2547/2547 2546/2546/2546
f 2542/2542/2542 2548/2548/2548 2547/2547/2547
f 2542/2542/2542 2549/2549/2549 2548/2548/2548
f 2542/2542/2542 2550/2550/2550 2549/2549/2549
f 2542/2542/2542 2551/2551/2551 2550/2550/2550
f 2542/2542/2542 2552/2552/2552 2551/2551/2551
f 2542/2542/2542 2553/2553/2553 2552/2552/2552
f 2542/2542/2542 2554/2554/2554 2553/2553/2553
f 2542/2542/2542 2555/2555/2555 2554/2554/2554
f 2558/2558/2558 2557/2557/2557 2556/2556/2556
f 2559/2559/2559 2558/2558/2558 2556/2556/2556
f 2558/2558/2558 2559/2559/2559 2560/2560/2560
f 2561/2561/2561 2558/2558/2558 2560/2560/2560
f 2561/2561/2561 2560/2560/2560 2562/2562/2562
f 2563/2563/2563 2561/2561/2561 2562/2562/2562
f 2563/2563/2563 2562/2562/2562 2564/2564/2564
f 2565/2565/2565 2563/2563/2563 2564/2564/2564
f 2565/2565/2565 2564/2564/2564 2566/2566/2566
f 2567/2567/2567 2565/2565/2565 2566/2566/2566
f 2567/2567/2567 2566/2566/2566 2568/2568/2568
f 2569/2569/2569 2567/2567/2567 2568/2568/2568
f 2570/2570/2570 2569/2569/2569 2568/2568/2568
f 2571/2571/2571 2570/2570/2570 2568/2568/2568
f 2570/2570/2570 2571/2571/2571 2572/2572/2572
f 2573/2573/2573 2570/2570/2570 2572/2572/2572
f 2573/2573/2573 2572/2572/2572 2574/2574/2574
f 2575/2575/2575 2573/2573/2573 2574/2574/2574
f 2575/2575/2575 2574/2574/2574 2576/2576/2576
f 2577/2577/2577 2575/2575/2575 2576/2576/2576
f 2577/2577/2577 2576/2576/2576 2578/2578/2578
f 2579/2579/2579 2577/2577/2577 2578/2578/2578
f 2579/2579/2579 2578/2578/2578 2580/2580/2580
f 2581/2581/2581 2579/2579/2579 2580/2580/2580
f 2580/2580/2580 2582/2582/2582 2581/2581/2581
f 2582/2582/2582 2583/2583/2583 2581/2581/2581
f 2586/2586/2586 2585/2585/2585 2584/2584/2584
f 2587/2587/2587 2586/2586/2586 2584/2584/2584
f 2587/2587/2587 2584/2584/2584 2588/2588/2588
f 2589/2589/2589 2587/2587/2587 2588/2588/2588
f 2589/2589/2589 2588/2588/2588 2590/2590/2590
f 2591/2591/2591 2589/2589/2589 2590/2590/2590
f 2591/2591/2591 2590/2590/2590 2592/2592/2592
f 2590/2590/2590 2593/2593/2593 2592/2592/2592
f 2593/2593/2593 2594/2594/2594 2592/2592/2592
f 2594/2594/2594 2595/2595/2595 2592/2592/2592
f 2594/2594/2594 2596/2596/2596 2595/2595/2595
f 2596/2596/2596 2597/2597/2597 2595/2595/2595
f 2596/2596/2596 2598/2598/2598 2597/2597/2597
f 2598/2598/2598 2599/2599/2599 2597/2597/2597
f 2602/2602/2602 2601/2601/2601 2600/2600/2600
f 2603/2603/2603 2602/2602/2602 2600/2600/2600
f 2603/2603/2603 2600/2600/2600 2604/2604/2604
f 2605/2605/2605 2603/2603/2603 2604/2604/2604
f 2605/2605/2605 2604/2604/2604 2606/2606/2606
f 2607/2607/2607 2605/2605/2605 2606/2606/2606
f 2610/2610/2610 2609/2609/2609 2608/2608/2608
f 2608/2608/2608 2611/2611/2611 2610/2610/2610
f 2608/2608/2608 2612/2612/2612 2611/2611/2611
f 2612/2612/2612 2613/2613/2613 2611/2611/2611
f 2613/2613/2613 2614/2614/2614 2611/2611/2611
f 2614/2614/2614 2615/2615/2615 2611/2611/2611
f 2615/2615/2615 2616/2616/2616 2611/2611/2611
f 2616/2616/2616 2617/2617/2617 2611/2611/2611
f 2617/2617/2617 2618/2618/2618 2611/2611/2611
f 2618/2618/2618 2619/2619/2619 2611/2611/2611
f 2619/2619/2619 2620/2620/2620 2611/2611/2611
f 2620/2620/2620 2621/2621/2621 2611/2611/2611
f 2621/2621/2621 2622/2622/2622 2611/2611/2611
f 2624/2624/2624 2623/2623/2623 2611/2611/2611
f 2623/2623/2623 2625/2625/2625 2611/2611/2611
f 2626/2626/2626 2625/2625/2625 2623/2623/2623
f 2623/2623/2623 2627/2627/2627 2626/2626/2626
f 2626/2626/2626 2628/2628/2628 2625/2625/2625
f 2626/2626/2626 2629/2629/2629 2628/2628/2628
f 2629/2629/2629 2630/2630/2630 2628/2628/2628
f 2630/2630/2630 2631/2631/2631 2628/2628/2628
f 2631/2631/2631 2632/2632/2632 2628/2628/2628
f 2632/2632/2632 2633/2633/2633 2628/2628/2628
f 2633/2633/2633 2634/2634/2634 2628/2628/2628
f 2634/2634/2634 2635/2635/2635 2628/2628/2628
f 2635/2635/2635 2636/2636/2636 2628/2628/2628
f 2636/2636/2636 2637/2637/2637 2628/2628/2628
f 2637/2637/2637 2638/2638/2638 2628/2628/2628
f 2641/2641/2641 2640/2640/2640 2639/2639/2639
f 2642/2642/2642 2641/2641/2641 2639/2639/2639
f 2641/2641/2641 2642/2642/2642 2643/2643/2643
f 2644/2644/2644 2641/2641/2641 2643/2643/2643
f 2644/2644/2644 2643/2643/2643 2645/2645/2645
f 2646/2646/2646 2644/2644/2644 2645/2645/2645
f 2649/2649/2649 2648/2648/2648 2647/2647/2647
f 2648/2648/2648 2650/2650/2650 2647/2647/2647
f 2647/2647/2647 2650/2650/2650 2651/2651/2651
f 2650/2650/2650 2652/2652/2652 2651/2651/2651
f 2651/2651/2651 2652/2652/2652 2653/2653/2653
f 2652/2652/2652 2654/2654/2654 2653/2653/2653
f 2657/2657/2657 2656/2656/2656 2655/2655/2655
f 2657/2657/2657 2655/2655/2655 2658/2658/2658
f 2657/2657/2657 2658/2658/2658 2659/2659/2659
f 2657/2657/2657 2659/2659/2659 2660/2660/2660
f 2657/2657/2657 2660/2660/2660 2661/2661/2661
f 2657/2657/2657 2661/2661/2661 2662/2662/2662
f 2657/2657/2657 2662/2662/2662 2663/2663/2663
f 2657/2657/2657 2663/2663/2663 2664/2664/2664
f 2657/2657/2657 2664/2664/2664 2665/2665/2665
f 2657/2657/2657 2665/2665/2665 2666/2666/2666
f 2657/2657/2657 2666/2666/2666 2667/2667/2667
f 2657/2657/2657 2667/2667/2667 2668/2668/2668
f 2668/2668/2668 2669/2669/2669 2657/2657/2657
f 2671/2671/2671 2670/2670/2670 2669/2669/2669
f 2670/2670/2670 2672/2672/2672 2669/2669/2669
f 2674/2674/2674 2673/2673/2673 2672/2672/2672
f 2672/2672/2672 2675/2675/2675 2674/2674/2674
f 2672/2672/2672 2676/2676/2676 2675/2675/2675
f 2672/2672/2672 2677/2677/2677 2676/2676/2676
f 2672/2672/2672 2678/2678/2678 2677/2677/2677
f 2672/2672/2672 2679/2679/2679 2678/2678/2678
f 2672/2672/2672 2680/2680/2680 2679/2679/2679
f 2672/2672/2672 2681/2681/2681 2680/2680/2680
f 2672/2672/2672 2682/2682/2682 2681/2681/2681
f 2672/2672/2672 2683/2683/2683 2682/2682/2682
f 2672/2672/2672 2684/2684/2684 2683/2683/2683
f 2672/2672/2672 2685/2685/2685 2684/2684/2684
f 2688/2688/2688 2687/2687/2687 2686/2686/2686
f 2689/2689/2689 2688/2688/2688 2686/2686/2686
f 2688/2688/2688 2689/2689/2689 2690/2690/2690
f 2691/2691/2691 2688/2688/2688 2690/2690/2690
f 2691/2691/2691 2690/2690/2690 2692/2692/2692
f 2693/2693/2693 2691/2691/2691 2692/2692/2692
f 2693/2693/2693 2692/2692/2692 2694/2694/2694
f 2695/2695/2695 2693/2693/2693 2694/2694/2694
f 2695/2695/2695 2694/2694/2694 2696/2696/2696
f 2697/2697/2697 2695/2695/2695 2696/2696/2696
f 2697/2697/2697 2696/2696/2696 2698/2698/2698
f 2699/2699/2699 2697/2697/2697 2698/2698/2698
f 2700/2700/2700 2699/2699/2699 2698/2698/2698
f 2701/2701/2701 2700/2700/2700 2698/2698/2698
f 2700/2700/2700 2701/2701/2701 2702/2702/2702
f 2703/2703/2703 2700/2700/2700 2702/2702/2702
f 2703/2703/2703 2702/2702/2702 2704/2704/2704
f 2705/2705/2705 2703/2703/2703 2704/2704/2704
f 2705/2705/2705 2704/2704/2704 2706/2706/2706
f 2707/2707/2707 2705/2705/2705 2706/2706/2706
f 2707/2707/2707 2706/2706/2706 2708/2708/2708
f 2709/2709/2709 2707/2707/2707 2708/2708/2708
f 2709/2709/2709 2708/2708/2708 2710/2710/2710
f 2711/2711/2711 2709/2709/2709 2710/2710/2710
f 2710/2710/2710 2712/2712/2712 2711/2711/2711
f 2712/2712/2712 2713/2713/2713 2711/2711/2711
f 2716/2716/2716 2715/2715/2715 2714/2714/2714
f 2717/2717/2717 2716/2716/2716 2714/2714/2714
f 2717/2717/2717 2714/2714/2714 2718/2718/2718
f 2719/2719/2719 2717/2717/2717 2718/2718/2718
f 2719/2719/2719 2718/2718/2718 2720/2720/2720
f 2721/2721/2721 2719/2719/2719 2720/2720/2720
f 2721/2721/2721 2720/2720/2720 2722/2722/2722
f 2720/2720/2720 2723/2723/2723 2722/2722/2722
f 2723/2723/2723 2724/2724/2724 2722/2722/2722
f 2724/2724/2724 2725/2725/2725 2722/2722/2722
f 2724/2724/2724 2726/2726/2726 2725/2725/2725
f 2726/2726/2726 2727/2727/2727 2725/2725/2725
f 2726/2726/2726 2728/2728/2728 2727/2727/2727
f 2728/2728/2728 2729/2729/2729 2727/2727/2727
f 2732/2732/2732 2731/2731/2731 2730/2730/2730
f 2733/2733/2733 2732/2732/2732 2730/2730/2730
f 2733/2733/2733 2730/2730/2730 2734/2734/2734
f 2735/2735/2735 2733/2733/2733 2734/2734/2734
f 2735/2735/2735 2734/2734/2734 2736/2736/2736
f 2737/2737/2737 2735/2735/2735 2736/2736/2736
f 2740/2740/2740 2739/2739/2739 2738/2738/2738
f 2738/2738/2738 2741/2741/2741 2740/2740/2740
f 2738/2738/2738 2742/2742/2742 2741/2741/2741
f 2742/2742/2742 2743/2743/2743 2741/2741/2741
f 2743/2743/2743 2744/2744/2744 2741/2741/2741
f 2744/2744/2744 2745/2745/2745 2741/2741/2741
f 2745/2745/2745 2746/2746/2746 2741/2741/2741
f 2746/2746/2746 2747/2747/2747 2741/2741/2741
f 2747/2747/2747 2748/2748/2748 2741/2741/2741
f 2748/2748/2748 2749/2749/2749 2741/2741/2741
f 2749/2749/2749 2750/2750/2750 2741/2741/2741
f 2750/2750/2750 2751/2751/2751 2741/2741/2741
f 2751/2751/2751 2752/2752/2752 2741/2741/2741
f 2754/2754/2754 2753/2753/2753 2741/2741/2741
f 2753/2753/2753 2755/2755/2755 2741/2741/2741
f 2756/2756/2756 2755/2755/2755 2753/2753/2753
f 2753/2753/2753 2757/2757/2757 2756/2756/2756
f 2756/2756/2756 2758/2758/2758 2755/2755/2755
f 2756/2756/2756 2759/2759/2759 2758/2758/2758
f 2759/2759/2759 2760/2760/2760 2758/2758/2758
f 2760/2760/2760 2761/2761/2761 2758/2758/2758
f 2761/2761/2761 2762/2762/2762 2758/2758/2758
f 2762/2762/2762 2763/2763/2763 2758/2758/2758
f 2763/2763/2763 2764/2764/2764 2758/2758/2758
f 2764/2764/2764 2765/2765/2765 2758/2758/2758
f 2765/2765/2765 2766/2766/2766 2758/2758/2758
f 2766/2766/2766 2767/2767/2767 2758/2758/2758
f 2767/2767/2767 2768/2768/2768 2758/2758/2758
f 2771/2771/2771 2770/2770/2770 2769/2769/2769
f 2772/2772/2772 2771/2771/2771 2769/2769/2769
f 2771/2771/2771 2772/2772/2772 2773/2773/2773
f 2774/2774/2774 2771/2771/2771 2773/2773/2773
f 2774/2774/2774 2773/2773/2773 2775/2775/2775
f 2776/2776/2776 2774/2774/2774 2775/2775/2775
f 2779/2779/2779 2778/2778/2778 2777/2777/2777
f 2778/2778/2778 2780/2780/2780 2777/2777/2777
f 2777/2777/2777 2780/2780/2780 2781/2781/2781
f 2780/2780/2780 2782/2782/2782 2781/2781/2781
f 2781/2781/2781 2782/2782/2782 2783/2783/2783
f 2782/2782/2782 2784/2784/2784 2783/2783/2783
f 2787/2787/2787 2786/2786/2786 2785/2785/2785
f 2787/2787/2787 2785/2785/2785 2788/2788/2788
f 2787/2787/2787 2788/2788/2788 2789/2789/2789
f 2787/2787/2787 2789/2789/2789 2790/2790/2790
f 2787/2787/2787 2790/2790/2790 2791/2791/2791
f 2787/2787/2787 2791/2791/2791 2792/2792/2792
f 2787/2787/2787 2792/2792/2792 2793/2793/2793
f 2787/2787/2787 2793/2793/2793 2794/2794/2794
f 2787/2787/2787 2794/2794/2794 2795/2795/2795
f 2787/2787/2787 2795/2795/2795 2796/2796/2796
f 2787/2787/2787 2796/2796/2796 2797/2797/2797
f 2787/2787/2787 2797/2797/2797 2798/2798/2798
f 2798/2798/2798 2799/2799/2799 2787/2787/2787
f 2801/2801/2801 2800/2800/2800 2799/2799/2799
f 2800/2800/2800 2802/2802/2802 2799/2799/2799
f 2804/2804/2804 2803/2803/2803 2802/2802/2802
f 2802/2802/2802 2805/2805/2805 2804/2804/2804
f 2802/2802/2802 2806/2806/2806 2805/2805/2805
f 2802/2802/2802 2807/2807/2807 2806/2806/2806
f 2802/2802/2802 2808/2808/2808 2807/2807/2807
f 2802/2802/2802 2809/2809/2809 2808/2808/2808
f 2802/2802/2802 2810/2810/2810 2809/2809/2809
f 2802/2802/2802 2811/2811/2811 2810/2810/2810
f 2802/2802/2802 2812/2812/2812 2811/2811/2811
f 2802/2802/2802 2813/2813/2813 2812/2812/2812
f 2802/2802/2802 2814/2814/2814 2813/2813/2813
f 2802/2802/2802 2815/2815/2815 2814/2814/2814
f 2818/2818/2818 2817/2817/2817 2816/2816/2816
f 2819/2819/2819 2818/2818/2818 2816/2816/2816
f 2818/2818/2818 2819/2819/2819 2820/2820/2820
f 2821/2821/2821 2818/2818/2818 2820/2820/2820
f 2821/2821/2821 2820/2820/2820 2822/2822/2822
f 2823/2823/2823 2821/2821/2821 2822/2822/2822
f 2823/2823/2823 2822/2822/2822 2824/2824/2824
f 2825/2825/2825 2823/2823/2823 2824/2824/2824
f 2825/2825/2825 2824/2824/2824 2826/2826/2826
f 2827/2827/2827 2825/2825/2825 2826/2826/2826
f 2827/2827/2827 2826/2826/2826 2828/2828/2828
f 2829/2829/2829 2827/2827/2827 2828/2828/2828
f 2830/2830/2830 2829/2829/2829 2828/2828/2828
f 2831/2831/2831 2830/2830/2830 2828/2828/2828
f 2830/2830/2830 2831/2831/2831 2832/2832/2832
f 2833/2833/2833 2830/2830/2830 2832/2832/2832
f 2833/2833/2833 2832/2832/2832 2834/2834/2834
f 2835/2835/2835 2833/2833/2833 2834/2834/2834
f 2835/2835/2835 2834/2834/2834 2836/2836/2836
f 2837/2837/2837 2835/2835/2835 2836/2836/2836
f 2837/2837/2837 2836/2836/2836 2838/2838/2838
f 2839/2839/2839 2837/2837/2837 2838/2838/2838
f 2839/2839/2839 2838/2838/2838 2840/2840/2840
f 2841/2841/2841 2839/2839/2839 2840/2840/2840
f 2840/2840/2840 2842/2842/2842 2841/2841/2841
f 2842/2842/2842 2843/2843/2843 2841/2841/2841
f 2846/2846/2846 2845/2845/2845 2844/2844/2844
f 2847/2847/2847 2846/2846/2846 2844/2844/2844
f 2847/2847/2847 2844/2844/2844 2848/2848/2848
f 2849/2849/2849 2847/2847/2847 2848/2848/2848
f 2849/2849/2849 2848/2848/2848 2850/2850/2850
f 2851/2851/2851 2849/2849/2849 2850/2850/2850
f 2851/2851/2851 2850/2850/2850 2852/2852/2852
f 2850/2850/2850 2853/2853/2853 2852/2852/2852
f 2853/2853/2853 2854/2854/2854 2852/2852/2852
f 2854/2854/2854 2855/2855/2855 2852/2852/2852
f 2854/2854/2854 2856/2856/2856 2855/2855/2855
f 2856/2856/2856 2857/2857/2857 2855/2855/2855
f 2856/2856/2856 2858/2858/2858 2857/2857/2857
f 2858/2858/2858 2859/2859/2859 2857/2857/2857
f 2862/2862/2862 2861/2861/2861 2860/2860/2860
f 2863/2863/2863 2862/2862/2862 2860/2860/2860
f 2863/2863/2863 2860/2860/2860 2864/2864/2864
f 2865/2865/2865 2863/2863/2863 2864/2864/2864
f 2865/2865/2865 2864/2864/2864 2866/2866/2866
f 2867/2867/2867 2865/2865/2865 2866/2866/2866
f 2870/2870/2870 2869/2869/2869 2868/2868/2868
f 2868/2868/2868 2871/2871/2871 2870/2870/2870
f 2868/2868/2868 2872/2872/2872 2871/2871/2871
f 2872/2872/2872 2873/2873/2873 2871/2871/2871
f 2873/2873/2873 2874/2874/2874 2871/2871/2871
f 2874/2874/2874 2875/2875/2875 2871/2871/2871
f 2875/2875/2875 2876/2876/2876 2871/2871/2871
f 2876/2876/2876 2877/2877/2877 2871/2871/2871
f 2877/2877/2877 2878/2878/2878 2871/2871/2871
f 2878/2878/2878 2879/2879/2879 2871/2871/2871
f 2879/2879/2879 2880/2880/2880 2871/2871/2871
f 2880/2880/2880 2881/2881/2881 2871/2871/2871
f 2881/2881/2881 2882/2882/2882 2871/2871/2871
f 2884/2884/2884 2883/2883/2883 2871/2871/2871
f 2883/2883/2883 2885/2885/2885 2871/2871/2871
f 2886/2886/2886 2885/2885/2885 2883/2883/2883
f 2883/2883/2883 2887/2887/2887 2886/2886/2886
f 2886/2886/2886 2888/2888/2888 2885/2885/2885
f 2886/2886/2886 2889/2889/2889 2888/2888/2888
f 2889/2889/2889 2890/2890/2890 2888/2888/2888
f 2890/2890/2890 2891/2891/2891 2888/2888/2888
f 2891/2891/2891 2892/2892/2892 2888/2888/2888
f 2892/2892/2892 2893/2893/2893 2888/2888/2888
f 2893/2893/2893 2894/2894/2894 2888/2888/2888
f 2894/2894/2894 2895/2895/2895 2888/2888/2888
f 2895/2895/2895 2896/2896/2896 2888/2888/2888
f 2896/2896/2896 2897/2897/2897 2888/2888/2888
f 2897/2897/2897 2898/2898/2898 2888/2888/2888
f 2901/2901/2901 2900/2900/2900 2899/2899/2899
f 2902/2902/2902 2901/2901/2901 2899/2899/2899
f 2901/2901/2901 2902/2902/2902 2903/2903/2903
f 2904/2904/2904 2901/2901/2901 2903/2903/2903
f 2904/2904/2904 2903/2903/2903 2905/2905/2905
f 2906/2906/2906 2904/2904/2904 2905/2905/2905
f 2909/2909/2909 2908/2908/2908 2907/2907/2907
f 2908/2908/2908 2910/2910/2910 2907/2907/2907
f 2907/2907/2907 2910/2910/2910 2911/2911/2911
f 2910/2910/2910 2912/2912/2912 2911/2911/2911
f 2911/2911/2911 2912/2912/2912 2913/2913/2913
f 2912/2912/2912 2914/2914/2914 2913/2913/2913
f 2917/2917/2917 2916/2916/2916 2915/2915/2915
f 2917/2917/2917 2915/2915/2915 2918/2918/2918
f 2917/2917/2917 2918/2918/2918 2919/2919/2919
f 2917/2917/2917 2919/2919/2919 2920/2920/2920
f 2917/2917/2917 2920/2920/2920 2921/2921/2921
f 2917/2917/2917 2921/2921/2921 2922/2922/2922
f 2917/2917/2917 2922/2922/2922 2923/2923/2923
f 2917/2917/2917 2923/2923/2923 2924/2924/2924
f 2917/2917/2917 2924/2924/2924 2925/2925/2925
f 2917/2917/2917 2925/2925/2925 2926/2926/2926
f 2917/2917/2917 2926/2926/2926 2927/2927/2927
f 2917/2917/2917 2927/2927/2927 2928/2928/2928
f 2928/2928/2928 2929/2929/2929 2917/2917/2917
f 2931/2931/2931 2930/2930/2930 2929/2929/2929
f 2930/2930/2930 2932/2932/2932 2929/2929/2929
f 2934/2934/2934 2933/2933/2933 2932/2932/2932
f 2932/2932/2932 2935/2935/2935 2934/2934/2934
f 2932/2932/2932 2936/2936/2936 2935/2935/2935
f 2932/2932/2932 2937/2937/2937 2936/2936/2936
f 2932/2932/2932 2938/2938/2938 2937/2937/2937
f 2932/2932/2932 2939/2939/2939 2938/2938/2938
f 2932/2932/2932 2940/2940/2940 2939/2939/2939
f 2932/2932/2932 2941/2941/2941 2940/2940/2940
f 2932/2932/2932 2942/2942/2942 2941/2941/2941
f 2932/2932/2932 2943/2943/2943 2942/2942/2942
f 2932/2932/2932 2944/2944/2944 2943/2943/2943
f 2932/2932/2932 2945/2945/2945 2944/2944/2944
f 2948/2948/2948 2947/2947/2947 2946/2946/2946
f 2949/2949/2949 2948/2948/2948 2946/2946/2946
f 2948/2948/2948 2949/2949/2949 2950/2950/2950
f 2951/2951/2951 2948/2948/2948 2950/2950/2950
f 2951/2951/2951 2950/2950/2950 2952/2952/2952
f 2953/2953/2953 2951/2951/2951 2952/2952/2952
f 2953/2953/2953 2952/2952/2952 2954/2954/2954
f 2955/2955/2955 2953/2953/2953 2954/2954/2954
f 2955/2955/2955 2954/2954/2954 2956/2956/2956
f 2957/2957/2957 2955/2955/2955 2956/2956/2956
f 2957/2957/2957 2956/2956/2956 2958/2958/2958
f 2959/2959/2959 2957/2957/2957 2958/2958/2958
f 2960/2960/2960 2959/2959/2959 2958/2958/2958
f 2961/2961/2961 2960/2960/2960 2958/2958/2958
f 2960/2960/2960 2961/2961/2961 2962/2962/2962
f 2963/2963/2963 2960/2960/2960 2962/2962/2962
f 2963/2963/2963 2962/2962/2962 2964/2964/2964
f 2965/2965/2965 2963/2963/2963 2964/2964/2964
f 2965/2965/2965 2964/2964/2964 2966/2966/2966
f 2967/2967/2967 2965/2965/2965 2966/2966/2966
f 2967/2967/2967 2966/2966/2966 2968/2968/2968
f 2969/2969/2969 2967/2967/2967 2968/2968/2968
f 2969/2969/2969 2968/2968/2968 2970/2970/2970
f 2971/2971/2971 2969/2969/2969 2970/2970/2970
f 2970/2970/2970 2972/2972/2972 2971/2971/2971
f 2972/2972/2972 2973/2973/2973 2971/2971/2971
f 2976/2976/2976 2975/2975/2975 2974/2974/2974
f 2977/2977/2977 2976/2976/2976 2974/2974/2974
f 2977/2977/2977 2974/2974/2974 2978/2978/2978
f 2979/2979/2979 2977/2977/2977 2978/2978/2978
f 2979/2979/2979 2978/2978/2978 2980/2980/2980
f 2981/2981/2981 2979/2979/2979 2980/2980/2980
f 2981/2981/2981 2980/2980/2980 2982/2982/2982
f 2980/2980/2980 2983/2983/2983 2982/2982/2982
f 2983/2983/2983 2984/2984/2984 2982/2982/2982
f 2984/2984/2984 2985/2985/2985 2982/2982/2982
f 2984/2984/2984 2986/2986/2986 2985/2985/2985
f 2986/2986/2986 2987/2987/2987 2985/2985/2985
f 2986/2986/2986 2988/2988/2988 2987/2987/2987
f 2988/2988/2988 2989/2989/2989 2987/2987/2987
f 2992/2992/2992 2991/2991/2991 2990/2990/2990
f 2993/2993/2993 2992/2992/2992 2990/2990/2990
f 2993/2993/2993 2990/2990/2990 2994/2994/2994
f 2995/2995/2995 2993/2993/2993 2994/2994/2994
f 2995/2995/2995 2994/2994/2994 2996/2996/2996
f 2997/2997/2997 2995/2995/2995 2996/2996/2996
f 3000/3000/3000 2999/2999/2999 2998/2998/2998
f 2998/2998/2998 3001/3001/3001 3000/3000/3000
f 2998/2998/2998 3002/3002/3002 3001/3001/3001
f 3002/3002/3002 3003/3003/3003 3001/3001/3001
f 3003/3003/3003 3004/3004/3004 3001/3001/3001
f 3004/3004/3004 3005/3005/3005 3001/3001/3001
f 3005/3005/3005 3006/3006/3006 3001/3001/3001
f 3006/3006/3006 3007/3007/3007 3001/3001/3001
f 3007/3007/3007 3008/3008/3008 3001/3001/3001
f 3008/3008/3008 3009/3009/3009 3001/3001/3001
f 3009/3009/3009 3010/3010/3010 3001/3001/3001
f 3010/3010/3010 3011/3011/3011 3001/3001/3001
f 3011/3011/3011 3012/3012/3012 3001/3001/3001
f 3014/3014/3014 3013/3013/3013 3001/3001/3001
f 3013/3013/3013 3015/3015/3015 3001/3001/3001
f 3016/3016/3016 3015/3015/3015 3013/3013/3013
f 3013/3013/3013 3017/3017/3017 3016/3016/3016
f 3016/3016/3016 3018/3018/3018 3015/3015/3015
f 3016/3016/3016 3019/3019/3019 3018/3018/3018
f 3019/3019/3019 3020/3020/3020 3018/3018/3018
f 3020/3020/3020 3021/3021/3021 3018/3018/3018
f 3021/3021/3021 3022/3022/3022 3018/3018/3018
f 3022/3022/3022 3023/3023/3023 3018/3018/3018
f 3023/3023/3023 3024/3024/3024 3018/3018/3018
f 3024/3024/3024 3025/3025/3025 3018/3018/3018
f 3025/3025/3025 3026/3026/3026 3018/3018/3018
f 3026/3026/3026 3027/3027/3027 3018/3018/3018
f 3027/3027/3027 3028/3028/3028 3018/3018/3018
f 3031/3031/3031 3030/3030/3030 3029/3029/3029
f 3032/3032/3032 3031/3031/3031 3029/3029/3029
f 3031/3031/3031 3032/3032/3032 3033/3033/3033
f 3034/3034/3034 3031/3031/3031 3033/3033/3033
f 3034/3034/3034 3033/3033/3033 3035/3035/3035
f 3036/3036/3036 3034/3034/3034 3035/3035/3035
f 3039/3039/3039 3038/3038/3038 3037/3037/3037
f 3038/3038/3038 3040/3040/3040 3037/3037/3037
f 3037/3037/3037 3040/3040/3040 3041/3041/3041
f 3040/3040/3040 3042/3042/3042 3041/3041/3041
f 3041/3041/3041 3042/3042/3042 3043/3043/3043
f 3042/3042/3042 3044/3044/3044 3043/3043/3043
f 3047/3047/3047 3046/3046/3046 3045/3045/3045
f 3047/3047/3047 3045/3045/3045 3048/3048/3048
f 3047/3047/3047 3048/3048/3048 3049/3049/3049
f 3047/3047/3047 3049/3049/3049 3050/3050/3050
f 3047/3047/3047 3050/3050/3050 3051/3051/3051
f 3047/3047/3047 3051/3051/3051 3052/3052/3052
f 3047/3047/3047 3052/3052/3052 3053/3053/3053
f 3047/3047/3047 3053/3053/3053 3054/3054/3054
f 3047/3047/3047 3054/3054/3054 3055/3055/3055
f 3047/3047/3047 3055/3055/3055 3056/3056/3056
f 3047/3047/3047 3056/3056/3056 3057/3057/3057
f 3047/3047/3047 3057/3057/3057 3058/3058/3058
f 3058/3058/3058 3059/3059/3059 3047/3047/3047
f 3061/3061/3061 3060/3060/3060 3059/3059/3059
f 3060/3060/3060 3062/3062/3062 3059/3059/3059
f 3064/3064/3064 3063/3063/3063 3062/3062/3062
f 3062/3062/3062 3065/3065/3065 3064/3064/3064
f 3062/3062/3062 3066/3066/3066 3065/3065/3065
f 3062/3062/3062 3067/3067/3067 3066/3066/3066
f 3062/3062/3062 3068/3068/3068 3067/3067/3067
f 3062/3062/3062 3069/3069/3069 3068/3068/3068
f 3062/3062/3062 3070/3070/3070 3069/3069/3069
f 3062/3062/3062 3071/3071/3071 3070/3070/3070
f 3062/3062/3062 3072/3072/3072 3071/3071/3071
f 3062/3062/3062 3073/3073/3073 3072/3072/3072
f 3062/3062/3062 3074/3074/3074 3073/3073/3073
f 3062/3062/3062 3075/3075/3075 3074/3074/3074
f 3078/3078/3078 3077/3077/3077 3076/3076/3076
f 3079/3079/3079 3078/3078/3078 3076/3076/3076
f 3078/3078/3078 3079/3079/3079 3080/3080/3080
f 3081/3081/3081 3078/3078/3078 3080/3080/3080
f 3081/3081/3081 3080/3080/3080 3082/3082/3082
f 3083/3083/3083 3081/3081/3081 3082/3082/3082
f 3083/3083/3083 3082/3082/3082 3084/3084/3084
f 3085/3085/3085 3083/3083/3083 3084/3084/3084
f 3085/3085/3085 3084/3084/3084 3086/3086/3086
f 3087/3087/3087 3085/3085/3085 3086/3086/3086
f 3087/3087/3087 3086/3086/3086 3088/3088/3088
f 3089/3089/3089 3087/3087/3087 3088/3088/3088
f 3090/3090/3090 3089/3089/3089 3088/3088/3088
f 3091/3091/3091 3090/3090/3090 3088/3088/3088
f 3090/3090/3090 3091/3091/3091 3092/3092/3092
f 3093/3093/3093 3090/3090/3090 3092/3092/3092
f 3093/3093/3093 3092/3092/3092 3094/3094/3094
f 3095/3095/3095 3093/3093/3093 3094/3094/3094
f 3095/3095/3095 3094/3094/3094 3096/3096/3096
f 3097/3097/3097 3095/3095/3095 3096/3096/3096
f 3097/3097/3097 3096/3096/3096 3098/3098/3098
f 3099/3099/3099 3097/3097/3097 3098/3098/3098
f 3099/3099/3099 3098/3098/3098 3100/3100/3100
f 3101/3101/3101 3099/3099/3099 3100/3100/3100
f 3100/3100/3100 3102/3102/3102 3101/3101/3101
f 3102/3102/3102 3103/3103/3103 3101/3101/3101
f 3106/3106/3106 3105/3105/3105 3104/3104/3104
f 3107/3107/3107 3106/3106/3106 3104/3104/3104
f 3107/3107/3107 3104/3104/3104 3108/3108/3108
f 3109/3109/3109 3107/3107/3107 3108/3108/3108
f 3109/3109/3109 3108/3108/3108 3110/3110/3110
f 3111/3111/3111 3109/3109/3109 3110/3110/3110
f 3111/3111/3111 3110/3110/3110 3112/3112/3112
f 3110/3110/3110 3113/3113/3113 3112/3112/3112
f 3113/3113/3113 3114/3114/3114 3112/3112/3112
f 3114/3114/3114 3115/3115/3115 3112/3112/3112
f 3114/3114/3114 3116/3116/3116 3115/3115/3115
f 3116/3116/3116 3117/3117/3117 3115/3115/3115
f 3116/3116/3116 3118/3118/3118 3117/3117/3117
f 3118/3118/3118 3119/3119/3119 3117/3117/3117
f 3122/3122/3122 3121/3121/3121 3120/3120/3120
f 3123/3123/3123 3122/3122/3122 3120/3120/3120
f 3123/3123/3123 3120/3120/3120 3124/3124/3124
f 3125/3125/3125 3123/3123/3123 3124/3124/3124
f 3125/3125/3125 3124/3124/3124 3126/3126/3126
f 3127/3127/3127 3125/3125/3125 3126/3126/3126
f 3130/3130/3130 3129/3129/3129 3128/3128/3128
f 3128/3128/3128 3131/3131/3131 3130/3130/3130
f 3128/3128/3128 3132/3132/3132 3131/3131/3131
f 3132/3132/3132 3133/3133/3133 3131/3131/3131
f 3133/3133/3133 3134/3134/3134 3131/3131/3131
f 3134/3134/3134 3135/3135/3135 3131/3131/3131
f 3135/3135/3135 3136/3136/3136 3131/3131/3131
f 3136/3136/3136 3137/3137/3137 3131/3131/3131
f 3137/3137/3137 3138/3138/3138 3131/3131/3131
f 3138/3138/3138 3139/3139/3139 3131/3131/3131
f 3139/3139/3139 3140/3140/3140 3131/3131/3131
f 3140/3140/3140 3141/3141/3141 3131/3131/3131
f 3141/3141/3141 3142/3142/3142 3131/3131/3131
f 3144/3144/3144 3143/3143/3143 3131/3131/3131
f 3143/3143/3143 3145/3145/3145 3131/3131/3131
f 3146/3146/3146 3145/3145/3145 3143/3143/3143
f 3143/3143/3143 3147/3147/3147 3146/3146/3146
f 3146/3146/3146 3148/3148/3148 3145/3145/3145
f 3146/3146/3146 3149/3149/3149 3148/3148/3148
f 3149/3149/3149 3150/3150/3150 3148/3148/3148
f 3150/3150/3150 3151/3151/3151 3148/3148/3148
f 3151/3151/3151 3152/3152/3152 3148/3148/3148
f 3152/3152/3152 3153/3153/3153 3148/3148/3148
f 3153/3153/3153 3154/3154/3154 3148/3148/3148
f 3154/3154/3154 3155/3155/3155 3148/3148/3148
f 3155/3155/3155 3156/3156/3156 3148/3148/3148
f 3156/3156/3156 3157/3157/3157 3148/3148/3148
f 3157/3157/3157 3158/3158/3158 3148/3148/3148
f 3161/3161/3161 3160/3160/3160 3159/3159/3159
f 3162/3162/3162 3161/3161/3161 3159/3159/3159
f 3161/3161/3161 3162/3162/3162 3163/3163/3163
f 3164/3164/3164 3161/3161/3161 3163/3163/3163
f 3164/3164/3164 3163/3163/3163 3165/3165/3165
f 3166/3166/3166 3164/3164/3164 3165/3165/3165
f 3169/3169/3169 3168/3168/3168 3167/3167/3167
f 3168/3168/3168 3170/3170/3170 3167/3167/3167
f 3167/3167/3167 3170/3170/3170 3171/3171/3171
f 3170/3170/3170 3172/3172/3172 3171/3171/3171
f 3171/3171/3171 3172/3172/3172 3173/3173/3173
f 3172/3172/3172 3174/3174/3174 3173/3173/3173
f 3177/3177/3177 3176/3176/3176 3175/3175/3175
f 3177/3177/3177 3175/3175/3175 3178/3178/3178
f 3177/3177/3177 3178/3178/3178 3179/3179/3179
f 3177/3177/3177 3179/3179/3179 3180/3180/3180
f 3177/3177/3177 3180/3180/3180 3181/3181/3181
f 3177/3177/3177 3181/3181/3181 3182/3182/3182
f 3177/3177/3177 3182/3182/3182 3183/3183/3183
f 3177/3177/3177 3183/3183/3183 3184/3184/3184
f 3177/3177/3177 3184/3184/3184 3185/3185/3185
f 3177/3177/3177 3185/3185/3185 3186/3186/3186
f 3177/3177/3177 3186/3186/3186 3187/3187/3187
f 3177/3177/3177 3187/3187/3187 3188/3188/3188
f 3188/3188/3188 3189/3189/3189 3177/3177/3177
f 3191/3191/3191 3190/3190/3190 3189/3189/3189
f 3190/3190/3190 3192/3192/3192 3189/3189/3189
f 3194/3194/3194 3193/3193/3193 3192/3192/3192
f 3192/3192/3192 3195/3195/3195 3194/3194/3194
f 3192/3192/3192 3196/3196/3196 3195/3195/3195
f 3192/3192/3192 3197/3197/3197 3196/3196/3196
f 3192/3192/3192 3198/3198/3198 3197/3197/3197
f 3192/3192/3192 3199/3199/3199 3198/3198/3198
f 3192/3192/3192 3200/3200/3200 3199/3199/3199
f 3192/3192/3192 3201/3201/3201 3200/3200/3200
f 3192/3192/3192 3202/3202/3202 3201/3201/3201
f 3192/3192/3192 3203/3203/3203 3202/3202/3202
f 3192/3192/3192 3204/3204/3204 3203/3203/3203
f 3192/3192/3192 3205/3205/3205 3204/3204/3204
f 3208/3208/3208 3207/3207/3207 3206/3206/3206
f 3209/3209/3209 3208/3208/3208 3206/3206/3206
f 3208/3208/3208 3209/3209/3209 3210/3210/3210
f 3211/3211/3211 3208/3208/3208 3210/3210/3210
f 3211/3211/3211 3210/3210/3210 3212/3212/3212
f 3213/3213/3213 3211/3211/3211 3212/3212/3212
f 3213/3213/3213 3212/3212/3212 3214/3214/3214
f 3215/3215/3215 3213/3213/3213 3214/3214/3214
f 3215/3215/3215 3214/3214/3214 3216/3216/3216
f 3217/3217/3217 3215/3215/3215 3216/3216/3216
f 3217/3217/3217 3216/3216/3216 3218/3218/3218
f 3219/3219/3219 3217/3217/3217 3218/3218/3218
f 3220/3220/3220 3219/3219/3219 3218/3218/3218
f 3221/3221/3221 3220/3220/3220 3218/3218/3218
f 3220/3220/3220 3221/3221/3221 3222/3222/3222
f 3223/3223/3223 3220/3220/3220 3222/3222/3222
f 3223/3223/3223 3222/3222/3222 3224/3224/3224
f 3225/3225/3225 3223/3223/3223 3224/3224/3224
f 3225/3225/3225 3224/3224/3224 3226/3226/3226
f 3227/3227/3227 3225/3225/3225 3226/3226/3226
f 3227/3227/3227 3226/3226/3226 3228/3228/3228
f 3229/3229/3229 3227/3227/3227 3228/3228/3228
f 3229/3229/3229 3228/3228/3228 3230/3230/3230
f 3231/3231/3231 3229/3229/3229 3230/3230/3230
f 3230/3230/3230 3232/3232/3232 3231/3231/3231
f 3232/3232/3232 3233/3233/3233 3231/3231/3231
f 3236/3236/3236 3235/3235/3235 3234/3234/3234
f 3237/3237/3237 3236/3236/3236 3234/3234/3234
f 3237/3237/3237 3234/3234/3234 3238/3238/3238
f 3239/3239/3239 3237/3237/3237 3238/3238/3238
f 3239/3239/3239 3238/3238/3238 3240/3240/3240
f 3241/3241/3241 3239/3239/3239 3240/3240/3240
f 3241/3241/3241 3240/3240/3240 3242/3242/3242
f 3240/3240/3240 3243/3243/3243 3242/3242/3242
f 3243/3243/3243 3244/3244/3244 3242/3242/3242
f 3244/3244/3244 3245/3245/3245 3242/3242/3242
f 3244/3244/3244 3246/3246/3246 3245/3245/3245
f 3246/3246/3246 3247/3247/3247 3245/3245/3245
f 3246/3246/3246 3248/3248/3248 3247/3247/3247
f 3248/3248/3248 3249/3249/3249 3247/3247/3247
f 3252/3252/3252 3251/3251/3251 3250/3250/3250
f 3253/3253/3253 3252/3252/3252 3250/3250/3250
f 3253/3253/3253 3250/3250/3250 3254/3254/3254
f 3255/3255/3255 3253/3253/3253 3254/3254/3254
f 3255/3255/3255 3254/3254/3254 3256/3256/3256
f 3257/3257/3257 3255/3255/3255 3256/3256/3256
f 3260/3260/3260 3259/3259/3259 3258/3258/3258
f 3258/3258/3258 3261/3261/3261 3260/3260/3260
f 3258/3258/3258 3262/3262/3262 3261/3261/3261
f 3262/3262/3262 3263/3263/3263 3261/3261/3261
f 3263/3263/3263 3264/3264/3264 3261/3261/3261
f 3264/3264/3264 3265/3265/3265 3261/3261/3261
f 3265/3265/3265 3266/3266/3266 3261/3261/3261
f 3266/3266/3266 3267/3267/3267 3261/3261/3261
f 3267/3267/3267 3268/3268/3268 3261/3261/3261
f 3268/3268/3268 3269/3269/3269 3261/3261/3261
f 3269/3269/3269 3270/3270/3270 3261/3261/3261
f 3270/3270/3270 3271/3271/3271 3261/3261/3261
f 3271/3271/3271 3272/3272/3272 3261/3261/3261
f 3274/3274/3274 3273/3273/3273 3261/3261/3261
f 3273/3273/3273 3275/3275/3275 3261/3261/3261
f 3276/3276/3276 3275/3275/3275 3273/3273/3273
f 3273/3273/3273 3277/3277/3277 3276/3276/3276
f 3276/3276/3276 3278/3278/3278 3275/3275/3275
f 3276/3276/3276 3279/3279/3279 3278/3278/3278
f 3279/3279/3279 3280/3280/3280 3278/3278/3278
f 3280/3280/3280 3281/3281/3281 3278/3278/3278
f 3281/3281/3281 3282/3282/3282 3278/3278/3278
f 3282/3282/3282 3283/3283/3283 3278/3278/3278
f 3283/3283/3283 3284/3284/3284 3278/3278/3278
f 3284/3284/3284 3285/3285/3285 3278/3278/3278
f 3285/3285/3285 3286/3286/3286 3278/3278/3278
f 3286/3286/3286 3287/3287/3287 3278/3278/3278
f 3287/3287/3287 3288/3288/3288 3278/3278/3278
f 3291/3291/3291 3290/3290/3290 3289/3289/3289
f 3292/3292/3292 3291/3291/3291 3289/3289/3289
f 3291/3291/3291 3292/3292/3292 3293/3293/3293
f 3294/3294/3294 3291/3291/3291 3293/3293/3293
f 3294/3294/3294 3293/3293/3293 3295/3295/3295
f 3296/3296/3296 3294/3294/3294 3295/3295/3295
f 3299/3299/3299 3298/3298/3298 3297/3297/3297
f 3298/3298/3298 3300/3300/3300 3297/3297/3297
f 3297/3297/3297 3300/3300/3300 3301/3301/3301
f 3300/3300/3300 3302/3302/3302 3301/3301/3301
f 3301/3301/3301 3302/3302/3302 3303/3303/3303
f 3302/3302/3302 3304/3304/3304 3303/3303/3303
f 3307/3307/3307 3306/3306/3306 3305/3305/3305
f 3307/3307/3307 3305/3305/3305 3308/3308/3308
f 3307/3307/3307 3308/3308/3308 3309/3309/3309
f 3307/3307/3307 3309/3309/3309 3310/3310/3310
f 3307/3307/3307 3310/3310/3310 3311/3311/3311
f 3307/3307/3307 3311/3311/3311 3312/3312/3312
f 3307/3307/3307 3312/3312/3312 3313/3313/3313
f 3307/3307/3307 3313/3313/3313 3314/3314/3314
f 3307/3307/3307 3314/3314/3314 3315/3315/3315
f 3307/3307/3307 3315/3315/3315 3316/3316/3316
f 3307/3307/3307 3316/3316/3316 3317/3317/3317
f 3307/3307/3307 3317/3317/3317 3318/3318/3318
f 3318/3318/3318 3319/3319/3319 3307/3307/3307
f 3321/3321/3321 3320/3320/3320 3319/3319/3319
f 3320/3320/3320 3322/3322/3322 3319/3319/3319
f 3324/3324/3324 3323/3323/3323 3322/3322/3322
f 3322/3322/3322 3325/3325/3325 3324/3324/3324
f 3322/3322/3322 3326/3326/3326 3325/3325/3325
f 3322/3322/3322 3327/3327/3327 3326/3326/3326
f 3322/3322/3322 3328/3328/3328 3327/3327/3327
f 3322/3322/3322 3329/3329/3329 3328/3328/3328
f 3322/3322/3322 3330/3330/3330 3329/3329/3329
f 3322/3322/3322 3331/3331/3331 3330/3330/3330
f 3322/3322/3322 3332/3332/3332 3331/3331/3331
f 3322/3322/3322 3333/3333/3333 3332/3332/3332
f 3322/3322/3322 3334/3334/3334 3333/3333/3333
f 3322/3322/3322 3335/3335/3335 3334/3334/3334
f 3338/3338/3338 3337/3337/3337 3336/3336/3336
f 3339/3339/3339 3338/3338/3338 3336/3336/3336
f 3338/3338/3338 3339/3339/3339 3340/3340/3340
f 3341/3341/3341 3338/3338/3338 3340/3340/3340
f 3341/3341/3341 3340/3340/3340 3342/3342/3342
f 3343/3343/3343 3341/3341/3341 3342/3342/3342
f 3343/3343/3343 3342/3342/3342 3344/3344/3344
f 3345/3345/3345 3343/3343/3343 3344/3344/3344
f 3345/3345/3345 3344/3344/3344 3346/3346/3346
f 3347/3347/3347 3345/3345/3345 3346/3346/3346
f 3347/3347/3347 3346/3346/3346 3348/3348/3348
f 3349/3349/3349 3347/3347/3347 3348/3348/3348
f 3350/3350/3350 3349/3349/3349 3348/3348/3348
f 3351/3351/3351 3350/3350/3350 3348/3348/3348
f 3350/3350/3350 3351/3351/3351 3352/3352/3352
f 3353/3353/3353 3350/3350/3350 3352/3352/3352
f 3353/3353/3353 3352/3352/3352 3354/3354/3354
f 3355/3355/3355 3353/3353/3353 3354/3354/3354
f 3355/3355/3355 3354/3354/3354 3356/3356/3356
f 3357/3357/3357 3355/3355/3355 3356/3356/3356
f 3357/3357/3357 3356/3356/3356 3358/3358/3358
f 3359/3359/3359 3357/3357/3357 3358/3358/3358
f 3359/3359/3359 3358/3358/3358 3360/3360/3360
f 3361/3361/3361 3359/3359/3359 3360/3360/3360
f 3360/3360/3360 3362/3362/3362 3361/3361/3361
f 3362/3362/3362 3363/3363/3363 3361/3361/3361
f 3366/3366/3366 3365/3365/3365 3364/3364/3364
f 3367/3367/3367 3366/3366/3366 3364/3364/3364
f 3367/3367/3367 3364/3364/3364 3368/3368/3368
f 3369/3369/3369 3367/3367/3367 3368/3368/3368
f 3369/3369/3369 3368/3368/3368 3370/3370/3370
f 3371/3371/3371 3369/3369/3369 3370/3370/3370
f 3371/3371/3371 3370/3370/3370 3372/3372/3372
f 3370/3370/3370 3373/3373/3373 3372/3372/3372
f 3373/3373/3373 3374/3374/3374 3372/3372/3372
f 3374/3374/3374 3375/3375/3375 3372/3372/3372
f 3374/3374/3374 3376/3376/3376 3375/3375/3375
f 3376/3376/3376 3377/3377/3377 3375/3375/3375
f 3376/3376/3376 3378/3378/3378 3377/3377/3377
f 3378/3378/3378 3379/3379/3379 3377/3377/3377
f 3382/3382/3382 3381/3381/3381 3380/3380/3380
f 3383/3383/3383 3382/3382/3382 3380/3380/3380
f 3383/3383/3383 3380/3380/3380 3384/3384/3384
f 3385/3385/3385 3383/3383/3383 3384/3384/3384
f 3385/3385/3385 3384/3384/3384 3386/3386/3386
f 3387/3387/3387 3385/3385/3385 3386/3386/3386
f 3390/3390/3390 3389/3389/3389 3388/3388/3388
f 3388/3388/3388 3391/3391/3391 3390/3390/3390
f 3388/3388/3388 3392/3392/3392 3391/3391/3391
f 3392/3392/3392 3393/3393/3393 3391/3391/3391
f 3393/3393/3393 3394/3394/3394 3391/3391/3391
f 3394/3394/3394 3395/3395/3395 3391/3391/3391
f 3395/3395/3395 3396/3396/3396 3391/3391/3391
f 3396/3396/3396 3397/3397/3397 3391/3391/3391
f 3397/3397/3397 3398/3398/3398 3391/3391/3391
f 3398/3398/3398 3399/3399/3399 3391/3391/3391
f 3399/3399/3399 3400/3400/3400 3391/3391/3391
f 3400/3400/3400 3401/3401/3401 3391/3391/3391
f 3401/3401/3401 3402/3402/3402 3391/3391/3391
f 3404/3404/3404 3403/3403/3403 3391/3391/3391
f 3403/3403/3403 3405/3405/3405 3391/3391/3391
f 3406/3406/3406 3405/3405/3405 3403/3403/3403
f 3403/3403/3403 3407/3407/3407 3406/3406/3406
f 3406/3406/3406 3408/3408/3408 3405/3405/3405
f 3406/3406/3406 3409/3409/3409 3408/3408/3408
f 3409/3409/3409 3410/3410/3410 3408/3408/3408
f 3410/3410/3410 3411/3411/3411 3408/3408/3408
f 3411/3411/3411 3412/3412/3412 3408/3408/3408
f 3412/3412/3412 3413/3413/3413 3408/3408/3408
f 3413/3413/3413 3414/3414/3414 3408/3408/3408
f 3414/3414/3414 3415/3415/3415 3408/3408/3408
f 3415/3415/3415 3416/3416/3416 3408/3408/3408
f 3416/3416/3416 3417/3417/3417 3408/3408/3408
f 3417/3417/3417 3418/3418/3418 3408/3408/3408
f 3421/3421/3421 3420/3420/3420 3419/3419/3419
f 3422/3422/3422 3421/3421/3421 3419/3419/3419
f 3421/3421/3421 3422/3422/3422 3423/3423/3423
f 3424/3424/3424 3421/3421/3421 3423/3423/3423
f 3424/3424/3424 3423/3423/3423 3425/3425/3425
f 3426/3426/3426 3424/3424/3424 3425/3425/3425
f 3429/3429/3429 3428/3428/3428 3427/3427/3427
f 3428/3428/3428 3430/3430/3430 3427/3427/3427
f 3427/3427/3427 3430/3430/3430 3431/3431/3431
f 3430/3430/3430 3432/3432/3432 3431/3431/3431
f 3431/3431/3431 3432/3432/3432 3433/3433/3433
f 3432/3432/3432 3434/3434/3434 3433/3433/3433
f 3437/3437/3437 3436/3436/3436 3435/3435/3435
f 3437/3437/3437 3435/3435/3435 3438/3438/3438
f 3437/3437/3437 3438/3438/3438 3439/3439/3439
f 3437/3437/3437 3439/3439/3439 3440/3440/3440
f 3437/3437/3437 3440/3440/3440 3441/3441/3441
f 3437/3437/3437 3441/3441/3441 3442/3442/3442
f 3437/3437/3437 3442/3442/3442 3443/3443/3443
f 3437/3437/3437 3443/3443/3443 3444/3444/3444
f 3437/3437/3437 3444/3444/3444 3445/3445/3445
f 3437/3437/3437 3445/3445/3445 3446/3446/3446
f 3437/3437/3437 3446/3446/3446 3447/3447/3447
f 3437/3437/3437 3447/3447/3447 3448/3448/3448
f 3448/3448/3448 3449/3449/3449 3437/3437/3437
f 3451/3451/3451 3450/3450/3450 3449/3449/3449
f 3450/3450/3450 3452/3452/3452 3449/3449/3449
f 3454/3454/3454 3453/3453/3453 3452/3452/3452
f 3452/3452/3452 3455/3455/3455 3454/3454/3454
f 3452/3452/3452 3456/3456/3456 3455/3455/3455
f 3452/3452/3452 3457/3457/3457 3456/3456/3456
f 3452/3452/3452 3458/3458/3458 3457/3457/3457
f 3452/3452/3452 3459/3459/3459 3458/3458/3458
f 3452/3452/3452 3460/3460/3460 3459/3459/3459
f 3452/3452/3452 3461/3461/3461 3460/3460/3460
f 3452/3452/3452 3462/3462/3462 3461/3461/3461
f 3452/3452/3452 3463/3463/3463 3462/3462/3462
f 3452/3452/3452 3464/3464/3464 3463/3463/3463
f 3452/3452/3452 3465/3465/3465 3464/3464/3464
f 3468/3468/3468 3467/3467/3467 3466/3466/3466
f 3469/3469/3469 3468/3468/3468 3466/3466/3466
f 3468/3468/3468 3469/3469/3469 3470/3470/3470
f 3471/3471/3471 3468/3468/3468 3470/3470/3470
f 3471/3471/3471 3470/3470/3470 3472/3472/3472
f 3473/3473/3473 3471/3471/3471 3472/3472/3472
f 3473/3473/3473 3472/3472/3472 3474/3474/3474
f 3475/3475/3475 3473/3473/3473 3474/3474/3474
f 3475/3475/3475 3474/3474/3474 3476/3476/3476
f 3477/3477/3477 3475/3475/3475 3476/3476/3476
f 3477/3477/3477 3476/3476/3476 3478/3478/3478
f 3479/3479/3479 3477/3477/3477 3478/3478/3478
f 3480/3480/3480 3479/3479/3479 3478/3478/3478
f 3481/3481/3481 3480/3480/3480 3478/3478/3478
f 3480/3480/3480 3481/3481/3481 3482/3482/3482
f 3483/3483/3483 3480/3480/3480 3482/3482/3482
f 3483/3483/3483 3482/3482/3482 3484/3484/3484
f 3485/3485/3485 3483/3483/3483 3484/3484/3484
f 3485/3485/3485 3484/3484/3484 3486/3486/3486
f 3487/3487/3487 3485/3485/3485 3486/3486/3486
f 3487/3487/3487 3486/3486/3486 3488/3488/3488
f 3489/3489/3489 3487/3487/3487 3488/3488/3488
f 3489/3489/3489 3488/3488/3488 3490/3490/3490
f 3491/3491/3491 3489/3489/3489 3490/3490/3490
f 3490/3490/3490 3492/3492/3492 3491/3491/3491
f 3492/3492/3492 3493/3493/3493 3491/3491/3491
f 3496/3496/3496 3495/3495/3495 3494/3494/3494
f 3497/3497/3497 3496/3496/3496 3494/3494/3494
f 3497/3497/3497 3494/3494/3494 3498/3498/3498
f 3499/3499/3499 3497/3497/3497 3498/3498/3498
f 3499/3499/3499 3498/3498/3498 3500/3500/3500
f 3501/3501/3501 3499/3499/3499 3500/3500/3500
f 3501/3501/3501 3500/3500/3500 3502/3502/3502
f 3500/3500/3500 3503/3503/3503 3502/3502/3502
f 3503/3503/3503 3504/3504/3504 3502/3502/3502
f 3504/3504/3504 3505/3505/3505 3502/3502/3502
f 3504/3504/3504 3506/3506/3506 3505/3505/3505
f 3506/3506/3506 3507/3507/3507 3505/3505/3505
f 3506/3506/3506 3508/3508/3508 3507/3507/3507
f 3508/3508/3508 3509/3509/3509 3507/3507/3507
f 3512/3512/3512 3511/3511/3511 3510/3510/3510
f 3513/3513/3513 3512/3512/3512 3510/3510/3510
f 3513/3513/3513 3510/3510/3510 3514/3514/3514
f 3515/3515/3515 3513/3513/3513 3514/3514/3514
f 3515/3515/3515 3514/3514/3514 3516/3516/3516
f 3517/3517/3517 3515/3515/3515 3516/3516/3516
f 3520/3520/3520 3519/3519/3519 3518/3518/3518
f 3518/3518/3518 3521/3521/3521 3520/3520/3520
f 3518/3518/3518 3522/3522/3522 3521/3521/3521
f 3522/3522/3522 3523/3523/3523 3521/3521/3521
f 3523/3523/3523 3524/3524/3524 3521/3521/3521
f 3524/3524/3524 3525/3525/3525 3521/3521/3521
f 3525/3525/3525 3526/3526/3526 3521/3521/3521
f 3526/3526/3526 3527/3527/3527 3521/3521/3521
f 3527/3527/3527 3528/3528/3528 3521/3521/3521
f 3528/3528/3528 3529/3529/3529 3521/3521/3521
f 3529/3529/3529 3530/3530/3530 3521/3521/3521
f 3530/3530/3530 3531/3531/3531 3521/3521/3521
f 3531/3531/3531 3532/3532/3532 3521/3521/3521
f 3534/3534/3534 3533/3533/3533 3521/3521/3521
f 3533/3533/3533 3535/3535/3535 3521/3521/3521
f 3536/3536/3536 3535/3535/3535 3533/3533/3533
f 3533/3533/3533 3537/3537/3537 3536/3536/3536
f 3536/3536/3536 3538/3538/3538 3535/3535/3535
f 3536/3536/3536 3539/3539/3539 3538/3538/3538
f 3539/3539/3539 3540/3540/3540 3538/3538/3538
f 3540/3540/3540 3541/3541/3541 3538/3538/3538
f 3541/3541/3541 3542/3542/3542 3538/3538/3538
f 3542/3542/3542 3543/3543/3543 3538/3538/3538
f 3543/3543/3543 3544/3544/3544 3538/3538/3538
f 3544/3544/3544 3545/3545/3545 3538/3538/3538
f 3545/3545/3545 3546/3546/3546 3538/3538/3538
f 3546/3546/3546 3547/3547/3547 3538/3538/3538
f 3547/3547/3547 3548/3548/3548 3538/3538/3538
f 3551/3551/3551 3550/3550/3550 3549/3549/3549
f 3552/3552/3552 3551/3551/3551 3549/3549/3549
f 3551/3551/3551 3552/3552/3552 3553/3553/3553
f 3554/3554/3554 3551/3551/3551 3553/3553/3553
f 3554/3554/3554 3553/3553/3553 3555/3555/3555
f 3556/3556/3556 3554/3554/3554 3555/3555/3555
f 3559/3559/3559 3558/3558/3558 3557/3557/3557
f 3558/3558/3558 3560/3560/3560 3557/3557/3557
f 3557/3557/3557 3560/3560/3560 3561/3561/3561
f 3560/3560/3560 3562/3562/3562 3561/3561/3561
f 3561/3561/3561 3562/3562/3562 3563/3563/3563
f 3562/3562/3562 3564/3564/3564 3563/3563/3563
f 3567/3567/3567 3566/3566/3566 3565/3565/3565
f 3567/3567/3567 3565/3565/3565 3568/3568/3568
f 3567/3567/3567 3568/3568/3568 3569/3569/3569
f 3567/3567/3567 3569/3569/3569 3570/3570/3570
f 3567/3567/3567 3570/3570/3570 3571/3571/3571
f 3567/3567/3567 3571/3571/3571 3572/3572/3572
f 3567/3567/3567 3572/3572/3572 3573/3573/3573
f 3567/3567/3567 3573/3573/3573 3574/3574/3574
f 3567/3567/3567 3574/3574/3574 3575/3575/3575
f 3567/3567/3567 3575/3575/3575 3576/3576/3576
f 3567/3567/3567 3576/3576/3576 3577/3577/3577
f 3567/3567/3567 3577/3577/3577 3578/3578/3578
f 3578/3578/3578 3579/3579/3579 3567/3567/3567
f 3581/3581/3581 3580/3580/3580 3579/3579/3579
f 3580/3580/3580 3582/3582/3582 3579/3579/3579
f 3584/3584/3584 3583/3583/3583 3582/3582/3582
f 3582/3582/3582 3585/3585/3585 3584/3584/3584
f 3582/3582/3582 3586/3586/3586 3585/3585/3585
f 3582/3582/3582 3587/3587/3587 3586/3586/3586
f 3582/3582/3582 3588/3588/3588 3587/3587/3587
f 3582/3582/3582 3589/3589/3589 3588/3588/3588
f 3582/3582/3582 3590/3590/3590 3589/3589/3589
f 3582/3582/3582 3591/3591/3591 3590/3590/3590
f 3582/3582/3582 3592/3592/3592 3591/3591/3591
f 3582/3582/3582 3593/3593/3593 3592/3592/3592
f 3582/3582/3582 3594/3594/3594 3593/3593/3593
f 3582/3582/3582 3595/3595/3595 3594/3594/3594
f 3598/3598/3598 3597/3597/3597 3596/3596/3596
f 3599/3599/3599 3598/3598/3598 3596/3596/3596
f 3598/3598/3598 3599/3599/3599 3600/3600/3600
f 3601/3601/3601 3598/3598/3598 3600/3600/3600
f 3601/3601/3601 3600/3600/3600 3602/3602/3602
f 3603/3603/3603 3601/3601/3601 3602/3602/3602
f 3603/3603/3603 3602/3602/3602 3604/3604/3604
f 3605/3605/3605 3603/3603/3603 3604/3604/3604
f 3605/3605/3605 3604/3604/3604 3606/3606/3606
f 3607/3607/3607 3605/3605/3605 3606/3606/3606
f 3607/3607/3607 3606/3606/3606 3608/3608/3608
f 3609/3609/3609 3607/3607/3607 3608/3608/3608
f 3610/3610/3610 3609/3609/3609 3608/3608/3608
f 3611/3611/3611 3610/3610/3610 3608/3608/3608
f 3610/3610/3610 3611/3611/3611 3612/3612/3612
f 3613/3613/3613 3610/3610/3610 3612/3612/3612
f 3613/3613/3613 3612/3612/3612 3614/3614/3614
f 3615/3615/3615 3613/3613/3613 3614/3614/3614
f 3615/3615/3615 3614/3614/3614 3616/3616/3616
f 3617/3617/3617 3615/3615/3615 3616/3616/3616
f 3617/3617/3617 3616/3616/3616 3618/3618/3618
f 3619/3619/3619 3617/3617/3617 3618/3618/3618
f 3619/3619/3619 3618/3618/3618 3620/3620/3620
f 3621/3621/3621 3619/3619/3619 3620/3620/3620
f 3620/3620/3620 3622/3622/3622 3621/3621/3621
f 3622/3622/3622 3623/3623/3623 3621/3621/3621
f 3626/3626/3626 3625/3625/3625 3624/3624/3624
f 3627/3627/3627 3626/3626/3626 3624/3624/3624
f 3627/3627/3627 3624/3624/3624 3628/3628/3628
f 3629/3629/3629 3627/3627/3627 3628/3628/3628
f 3629/3629/3629 3628/3628/3628 3630/3630/3630
f 3631/3631/3631 3629/3629/3629 3630/3630/3630
f 3631/3631/3631 3630/3630/3630 3632/3632/3632
f 3630/3630/3630 3633/3633/3633 3632/3632/3632
f 3633/3633/3633 3634/3634/3634 3632/3632/3632
f 3634/3634/3634 3635/3635/3635 3632/3632/3632
f 3634/3634/3634 3636/3636/3636 3635/3635/3635
f 3636/3636/3636 3637/3637/3637 3635/3635/3635
f 3636/3636/3636 3638/3638/3638 3637/3637/3637
f 3638/3638/3638 3639/3639/3639 3637/3637/3637
f 3642/3642/3642 3641/3641/3641 3640/3640/3640
f 3643/3643/3643 3642/3642/3642 3640/3640/3640
f 3643/3643/3643 3640/3640/3640 3644/3644/3644
f 3645/3645/3645 3643/3643/3643 3644/3644/3644
f 3645/3645/3645 3644/3644/3644 3646/3646/3646
f 3647/3647/3647 3645/3645/3645 3646/3646/3646
f 3650/3650/3650 3649/3649/3649 3648/3648/3648
f 3648/3648/3648 3651/3651/3651 3650/3650/3650
f 3648/3648/3648 3652/3652/3652 3651/3651/3651
f 3652/3652/3652 3653/3653/3653 3651/3651/3651
f 3653/3653/3653 3654/3654/3654 3651/3651/3651
f 3654/3654/3654 3655/3655/3655 3651/3651/3651
f 3655/3655/3655 3656/3656/3656 3651/3651/3651
f 3656/3656/3656 3657/3657/3657 3651/3651/3651
f 3657/3657/3657 3658/3658/3658 3651/3651/3651
f 3658/3658/3658 3659/3659/3659 3651/3651/3651
f 3659/3659/3659 3660/3660/3660 3651/3651/3651
f 3660/3660/3660 3661/3661/3661 3651/3651/3651
f 3661/3661/3661 3662/3662/3662 3651/3651/3651
f 3664/3664/3664 3663/3663/3663 3651/3651/3651
f 3663/3663/3663 3665/3665/3665 3651/3651/3651
f 3666/3666/3666 3665/3665/3665 3663/3663/3663
f 3663/3663/3663 3667/3667/3667 3666/3666/3666
f 3666/3666/3666 3668/3668/3668 3665/3665/3665
f 3666/3666/3666 3669/3669/3669 3668/3668/3668
f 3669/3669/3669 3670/3670/3670 3668/3668/3668
f 3670/3670/3670 3671/3671/3671 3668/3668/3668
f 3671/3671/3671 3672/3672/3672 3668/3668/3668
f 3672/3672/3672 3673/3673/3673 3668/3668/3668
f 3673/3673/3673 3674/3674/3674 3668/3668/3668
f 3674/3674/3674 3675/3675/3675 3668/3668/3668
f 3675/3675/3675 3676/3676/3676 3668/3668/3668
f 3676/3676/3676 3677/3677/3677 3668/3668/3668
f 3677/3677/3677 3678/3678/3678 3668/3668/3668
f 3681/3681/3681 3680/3680/3680 3679/3679/3679
f 3682/3682/3682 3681/3681/3681 3679/3679/3679
f 3681/3681/3681 3682/3682/3682 3683/3683/3683
f 3684/3684/3684 3681/3681/3681 3683/3683/3683
f 3684/3684/3684 3683/3683/3683 3685/3685/3685
f 3686/3686/3686 3684/3684/3684 3685/3685/3685
f 3689/3689/3689 3688/3688/3688 3687/3687/3687
f 3688/3688/3688 3690/3690/3690 3687/3687/3687
f 3687/3687/3687 3690/3690/3690 3691/3691/3691
f 3690/3690/3690 3692/3692/3692 3691/3691/3691
f 3691/3691/3691 3692/3692/3692 3693/3693/3693
f 3692/3692/3692 3694/3694/3694 3693/3693/3693
f 3697/3697/3697 3696/3696/3696 3695/3695/3695
f 3697/3697/3697 3695/3695/3695 3698/3698/3698
f 3697/3697/3697 3698/3698/3698 3699/3699/3699
f 3697/3697/3697 3699/3699/3699 3700/3700/3700
f 3697/3697/3697 3700/3700/3700 3701/3701/3701
f 3697/3697/3697 3701/3701/3701 3702/3702/3702
f 3697/3697/3697 3702/3702/3702 3703/3703/3703
f 3697/3697/3697 3703/3703/3703 3704/3704/3704
f 3697/3697/3697 3704/3704/3704 3705/3705/3705
f 3697/3697/3697 3705/3705/3705 3706/3706/3706
f 3697/3697/3697 3706/3706/3706 3707/3707/3707
f 3697/3697/3697 3707/3707/3707 3708/3708/3708
f 3708/3708/3708 3709/3709/3709 3697/3697/3697
f 3711/3711/3711 3710/3710/3710 3709/3709/3709
f 3710/3710/3710 3712/3712/3712 3709/3709/3709
f 3714/3714/3714 3713/3713/3713 3712/3712/3712
f 3712/3712/3712 3715/3715/3715 3714/3714/3714
f 3712/3712/3712 3716/3716/3716 3715/3715/3715
f 3712/3712/3712 3717/3717/3717 3716/3716/3716
f 3712/3712/3712 3718/3718/3718 3717/3717/3717
f 3712/3712/3712 3719/3719/3719 3718/3718/3718
f 3712/3712/3712 3720/3720/3720 3719/3719/3719
f 3712/3712/3712 3721/3721/3721 3720/3720/3720
f 3712/3712/3712 3722/3722/3722 3721/3721/3721
f 3712/3712/3712 3723/3723/3723 3722/3722/3722
f 3712/3712/3712 3724/3724/3724 3723/3723/3723
f 3712/3712/3712 3725/3725/3725 3724/3724/3724
f 3728/3728/3728 3727/3727/3727 3726/3726/3726
f 3729/3729/3729 3728/3728/3728 3726/3726/3726
f 3728/3728/3728 3729/3729/3729 3730/3730/3730
f 3731/3731/3731 3728/3728/3728 3730/3730/3730
f 3731/3731/3731 3730/3730/3730 3732/3732/3732
f 3733/3733/3733 3731/3731/3731 3732/3732/3732
f 3733/3733/3733 3732/3732/3732 3734/3734/3734
f 3735/3735/3735 3733/3733/3733 3734/3734/3734
f 3735/3735/3735 3734/3734/3734 3736/3736/3736
f 3737/3737/3737 3735/3735/3735 3736/3736/3736
f 3737/3737/3737 3736/3736/3736 3738/3738/3738
f 3739/3739/3739 3737/3737/3737 3738/3738/3738
f 3740/3740/3740 3739/3739/3739 3738/3738/3738
f 3741/3741/3741 3740/3740/3740 3738/3738/3738
f 3740/3740/3740 3741/3741/3741 3742/3742/3742
f 3743/3743/3743 3740/3740/3740 3742/3742/3742
f 3743/3743/3743 3742/3742/3742 3744/3744/3744
f 3745/3745/3745 3743/3743/3743 3744/3744/3744
f 3745/3745/3745 3744/3744/3744 3746/3746/3746
f 3747/3747/3747 3745/3745/3745 3746/3746/3746
f 3747/3747/3747 3746/3746/3746 3748/3748/3748
f 3749/3749/3749 3747/3747/3747 3748/3748/3748
f 3749/3749/3749 3748/3748/3748 3750/3750/3750
f 3751/3751/3751 3749/3749/3749 3750/3750/3750
f 3750/3750/3750 3752/3752/3752 3751/3751/3751
f 3752/3752/3752 3753/3753/3753 3751/3751/3751
f 3756/3756/3756 3755/3755/3755 3754/3754/3754
f 3757/3757/3757 3756/3756/3756 3754/3754/3754
f 3757/3757/3757 3754/3754/3754 3758/3758/3758
f 3759/3759/3759 3757/3757/3757 3758/3758/3758
f 3759/3759/3759 3758/3758/3758 3760/3760/3760
f 3761/3761/3761 3759/3759/3759 3760/3760/3760
f 3761/3761/3761 3760/3760/3760 3762/3762/3762
f 3760/3760/3760 3763/3763/3763 3762/3762/3762
f 3763/3763/3763 3764/3764/3764 3762/3762/3762
f 3764/3764/3764 3765/3765/3765 3762/3762/3762
f 3764/3764/3764 3766/3766/3766 3765/3765/3765
f 3766/3766/3766 3767/3767/3767 3765/3765/3765
f 3766/3766/3766 3768/3768/3768 3767/3767/3767
f 3768/3768/3768 3769/3769/3769 3767/3767/3767
f 3772/3772/3772 3771/3771/3771 3770/3770/3770
f 3773/3773/3773 3772/3772/3772 3770/3770/3770
f 3773/3773/3773 3770/3770/3770 3774/3774/3774
f 3775/3775/3775 3773/3773/3773 3774/3774/3774
f 3775/3775/3775 3774/3774/3774 3776/3776/3776
f 3777/3777/3777 3775/3775/3775 3776/3776/3776
f 3780/3780/3780 3779/3779/3779 3778/3778/3778
f 3778/3778/3778 3781/3781/3781 3780/3780/3780
f 3778/3778/3778 3782/3782/3782 3781/3781/3781
f 3782/3782/3782 3783/3783/3783 3781/3781/3781
f 3783/3783/3783 3784/3784/3784 3781/3781/3781
f 3784/3784/3784 3785/3785/3785 3781/3781/3781
f 3785/3785/3785 3786/3786/3786 3781/3781/3781
f 3786/3786/3786 3787/3787/3787 3781/3781/3781
f 3787/3787/3787 3788/3788/3788 3781/3781/3781
f 3788/3788/3788 3789/3789/3789 3781/3781/3781
f 3789/3789/3789 3790/3790/3790 3781/3781/3781
f 3790/3790/3790 3791/3791/3791 3781/3781/3781
f 3791/3791/3791 3792/3792/3792 3781/3781/3781
f 3794/3794/3794 3793/3793/3793 3781/3781/3781
f 3793/3793/3793 3795/3795/3795 3781/3781/3781
f 3796/3796/3796 3795/3795/3795 3793/3793/3793
f 3793/3793/3793 3797/3797/3797 3796/3796/3796
f 3796/3796/3796 3798/3798/3798 3795/3795/3795
f 3796/3796/3796 3799/3799/3799 3798/3798/3798
f 3799/3799/3799 3800/3800/3800 3798/3798/3798
f 3800/3800/3800 3801/3801/3801 3798/3798/3798
f 3801/3801/3801 3802/3802/3802 3798/3798/3798
f 3802/3802/3802 3803/3803/3803 3798/3798/3798
f 3803/3803/3803 3804/3804/3804 3798/3798/3798
f 3804/3804/3804 3805/3805/3805 3798/3798/3798
f 3805/3805/3805 3806/3806/3806 3798/3798/3798
f 3806/3806/3806 3807/3807/3807 3798/3798/3798
f 3807/3807/3807 3808/3808/3808 3798/3798/3798
f 3811/3811/3811 3810/3810/3810 3809/3809/3809
f 3812/3812/3812 3811/3811/3811 3809/3809/3809
f 3811/3811/3811 3812/3812/3812 3813/3813/3813
f 3814/3814/3814 3811/3811/3811 3813/3813/3813
f 3814/3814/3814 3813/3813/3813 3815/3815/3815
f 3816/3816/3816 3814/3814/3814 3815/3815/3815
f 3819/3819/3819 3818/3818/3818 3817/3817/3817
f 3818/3818/3818 3820/3820/3820 3817/3817/3817
f 3817/3817/3817 3820/3820/3820 3821/3821/3821
f 3820/3820/3820 3822/3822/3822 3821/3821/3821
f 3821/3821/3821 3822/3822/3822 3823/3823/3823
f 3822/3822/3822 3824/3824/3824 3823/3823/3823
f 3827/3827/3827 3826/3826/3826 3825/3825/3825
f 3827/3827/3827 3825/3825/3825 3828/3828/3828
f 3827/3827/3827 3828/3828/3828 3829/3829/3829
f 3827/3827/3827 3829/3829/3829 3830/3830/3830
f 3827/3827/3827 3830/3830/3830 3831/3831/3831
f 3827/3827/3827 3831/3831/3831 3832/3832/3832
f 3827/3827/3827 3832/3832/3832 3833/3833/3833
f 3827/3827/3827 3833/3833/3833 3834/3834/3834
f 3827/3827/3827 3834/3834/3834 3835/3835/3835
f 3827/3827/3827 3835/3835/3835 3836/3836/3836
f 3827/3827/3827 3836/3836/3836 3837/3837/3837
f 3827/3827/3827 3837/3837/3837 3838/3838/3838
f 3838/3838/3838 3839/3839/3839 3827/3827/3827
f 3841/3841/3841 3840/3840/3840 3839/3839/3839
f 3840/3840/3840 3842/3842/3842 3839/3839/3839
f 3844/3844/3844 3843/3843/3843 3842/3842/3842
f 3842/3842/3842 3845/3845/3845 3844/3844/3844
f 3842/3842/3842 3846/3846/3846 3845/3845/3845
f 3842/3842/3842 3847/3847/3847 3846/3846/3846
f 3842/3842/3842 3848/3848/3848 3847/3847/3847
f 3842/3842/3842 3849/3849/3849 3848/3848/3848
f 3842/3842/3842 3850/3850/3850 3849/3849/3849
f 3842/3842/3842 3851/3851/3851 3850/3850/3850
f 3842/3842/3842 3852/3852/3852 3851/3851/3851
f 3842/3842/3842 3853/3853/3853 3852/3852/3852
f 3842/3842/3842 3854/3854/3854 3853/3853/3853
f 3842/3842/3842 3855/3855/3855 3854/3854/3854
f 3858/3858/3858 3857/3857/3857 3856/3856/3856
f 3859/3859/3859 3858/3858/3858 3856/3856/3856
f 3858/3858/3858 3859/3859/3859 3860/3860/3860
f 3861/3861/3861 3858/3858/3858 3860/3860/3860
f 3861/3861/3861 3860/3860/3860 3862/3862/3862
f 3863/3863/3863 3861/3861/3861 3862/3862/3862
f 3863/3863/3863 3862/3862/3862 3864/3864/3864
f 3865/3865/3865 3863/3863/3863 3864/3864/3864
f 3865/3865/3865 3864/3864/3864 3866/3866/3866
f 3867/3867/3867 3865/3865/3865 3866/3866/3866
f 3867/3867/3867 3866/3866/3866 3868/3868/3868
f 3869/3869/3869 3867/3867/3867 3868/3868/3868
f 3870/3870/3870 3869/3869/3869 3868/3868/3868
f 3871/3871/3871 3870/3870/3870 3868/3868/3868
f 3870/3870/3870 3871/3871/3871 3872/3872/3872
f 3873/3873/3873 3870/3870/3870 3872/3872/3872
f 3873/3873/3873 3872/3872/3872 3874/3874/3874
f 3875/3875/3875 3873/3873/3873 3874/3874/3874
f 3875/3875/3875 3874/3874/3874 3876/3876/3876
f 3877/3877/3877 3875/3875/3875 3876/3876/3876
f 3877/3877/3877 3876/3876/3876 3878/3878/3878
f 3879/3879/3879 3877/3877/3877 3878/3878/3878
f 3879/3879/3879 3878/3878/3878 3880/3880/3880
f 3881/3881/3881 3879/3879/3879 3880/3880/3880
f 3880/3880/3880 3882/3882/3882 3881/3881/3881
f 3882/3882/3882 3883/3883/3883 3881/3881/3881
f 3886/3886/3886 3885/3885/3885 3884/3884/3884
f 3887/3887/3887 3886/3886/3886 3884/3884/3884
f 3887/3887/3887 3884/3884/3884 3888/3888/3888
f 3889/3889/3889 3887/3887/3887 3888/3888/3888
f 3889/3889/3889 3888/3888/3888 3890/3890/3890
f 3891/3891/3891 3889/3889/3889 3890/3890/3890
f 3891/3891/3891 3890/3890/3890 3892/3892/3892
f 3890/3890/3890 3893/3893/3893 3892/3892/3892
f 3893/3893/3893 3894/3894/3894 3892/3892/3892
f 3894/3894/3894 3895/3895/3895 3892/3892/3892
f 3894/3894/3894 3896/3896/3896 3895/3895/3895
f 3896/3896/3896 3897/3897/3897 3895/3895/3895
f 3896/3896/3896 3898/3898/3898 3897/3897/3897
f 3898/3898/3898 3899/3899/3899 3897/3897/3897
f 3902/3902/3902 3901/3901/3901 3900/3900/3900
f 3903/3903/3903 3902/3902/3902 3900/3900/3900
f 3903/3903/3903 3900/3900/3900 3904/3904/3904
f 3905/3905/3905 3903/3903/3903 3904/3904/3904
f 3905/3905/3905 3904/3904/3904 3906/3906/3906
f 3907/3907/3907 3905/3905/3905 3906/3906/3906
f 3910/3910/3910 3909/3909/3909 3908/3908/3908
f 3908/3908/3908 3911/3911/3911 3910/3910/3910
f 3908/3908/3908 3912/3912/3912 3911/3911/3911
f 3912/3912/3912 3913/3913/3913 3911/3911/3911
f 3913/3913/3913 3914/3914/3914 3911/3911/3911
f 3914/3914/3914 3915/3915/3915 3911/3911/3911
f 3915/3915/3915 3916/3916/3916 3911/3911/3911
f 3916/3916/3916 3917/3917/3917 3911/3911/3911
f 3917/3917/3917 3918/3918/3918 3911/3911/3911
f 3918/3918/3918 3919/3919/3919 3911/3911/3911
f 3919/3919/3919 3920/3920/3920 3911/3911/3911
f 3920/3920/3920 3921/3921/3921 3911/3911/3911
f 3921/3921/3921 3922/3922/3922 3911/3911/3911
f 3924/3924/3924 3923/3923/3923 3911/3911/3911
f 3923/3923/3923 3925/3925/3925 3911/3911/3911
f 3926/3926/3926 3925/3925/3925 3923/3923/3923
f 3923/3923/3923 3927/3927/3927 3926/3926/3926
f 3926/3926/3926 3928/3928/3928 3925/3925/3925
f 3926/3926/3926 3929/3929/3929 3928/3928/3928
f 3929/3929/3929 3930/3930/3930 3928/3928/3928
f 3930/3930/3930 3931/3931/3931 3928/3928/3928
f 3931/3931/3931 3932/3932/3932 3928/3928/3928
f 3932/3932/3932 3933/3933/3933 3928/3928/3928
f 3933/3933/3933 3934/3934/3934 3928/3928/3928
f 3934/3934/3934 3935/3935/3935 3928/3928/3928
f 3935/3935/3935 3936/3936/3936 3928/3928/3928
f 3936/3936/3936 3937/3937/3937 3928/3928/3928
f 3937/3937/3937 3938/3938/3938 3928/3928/3928
f 3941/3941/3941 3940/3940/3940 3939/3939/3939
f 3942/3942/3942 3941/3941/3941 3939/3939/3939
f 3941/3941/3941 3942/3942/3942 3943/3943/3943
f 3944/3944/3944 3941/3941/3941 3943/3943/3943
f 3944/3944/3944 3943/3943/3943 3945/3945/3945
f 3946/3946/3946 3944/3944/3944 3945/3945/3945
f 3949/3949/3949 3948/3948/3948 3947/3947/3947
f 3948/3948/3948 3950/3950/3950 3947/3947/3947
f 3947/3947/3947 3950/3950/3950 3951/3951/3951
f 3950/3950/3950 3952/3952/3952 3951/3951/3951
f 3951/3951/3951 3952/3952/3952 3953/3953/3953
f 3952/3952/3952 3954/3954/3954 3953/3953/3953
f 3957/3957/3957 3956/3956/3956 3955/3955/3955
f 3957/3957/3957 3955/3955/3955 3958/3958/3958
f 3957/3957/3957 3958/3958/3958 3959/3959/3959
f 3957/3957/3957 3959/3959/3959 3960/3960/3960
f 3957/3957/3957 3960/3960/3960 3961/3961/3961
f 3957/3957/3957 3961/3961/3961 3962/3962/3962
f 3957/3957/3957 3962/3962/3962 3963/3963/3963
f 3957/3957/3957 3963/3963/3963 3964/3964/3964
f 3957/3957/3957 3964/3964/3964 3965/3965/3965
f 3957/3957/3957 3965/3965/3965 3966/3966/3966
f 3957/3957/3957 3966/3966/3966 3967/3967/3967
f 3957/3957/3957 3967/3967/3967 3968/3968/3968
f 3968/3968/3968 3969/3969/3969 3957/3957/3957
f 3971/3971/3971 3970/3970/3970 3969/3969/3969
f 3970/3970/3970 3972/3972/3972 3969/3969/3969
f 3974/3974/3974 3973/3973/3973 3972/3972/3972
f 3972/3972/3972 3975/3975/3975 3974/3974/3974
f 3972/3972/3972 3976/3976/3976 3975/3975/3975
f 3972/3972/3972 3977/3977/3977 3976/3976/3976
f 3972/3972/3972 3978/3978/3978 3977/3977/3977
f 3972/3972/3972 3979/3979/3979 3978/3978/3978
f 3972/3972/3972 3980/3980/3980 3979/3979/3979
f 3972/3972/3972 3981/3981/3981 3980/3980/3980
f 3972/3972/3972 3982/3982/3982 3981/3981/3981
f 3972/3972/3972 3983/3983/3983 3982/3982/3982
f 3972/3972/3972 3984/3984/3984 3983/3983/3983
f 3972/3972/3972 3985/3985/3985 3984/3984/3984
f 3988/3988/3988 3987/3987/3987 3986/3986/3986
f 3989/3989/3989 3988/3988/3988 3986/3986/3986
f 3988/3988/3988 3989/3989/3989 3990/3990/3990
f 3991/3991/3991 3988/3988/3988 3990/3990/3990
f 3991/3991/3991 3990/3990/3990 3992/3992/3992
f 3993/3993/3993 3991/3991/3991 3992/3992/3992
f 3993/3993/3993 3992/3992/3992 3994/3994/3994
f 3995/3995/3995 3993/3993/3993 3994/3994/3994
f 3995/3995/3995 3994/3994/3994 3996/3996/3996
f 3997/3997/3997 3995/3995/3995 3996/3996/3996
f 3997/3997/3997 3996/3996/3996 3998/3998/3998
f 3999/3999/3999 3997/3997/3997 3998/3998/3998
f 4000/4000/4000 3999/3999/3999 3998/3998/3998
f 4001/4001/4001 4000/4000/4000 3998/3998/3998
f 4000/4000/4000 4001/4001/4001 4002/4002/4002
f 4003/4003/4003 4000/4000/4000 4002/4002/4002
f 4003/4003/4003 4002/4002/4002 4004/4004/4004
f 4005/4005/4005 4003/4003/4003 4004/4004/4004
f 4005/4005/4005 4004/4004/4004 4006/4006/4006
f 4007/4007/4007 4005/4005/4005 4006/4006/4006
f 4007/4007/4007 4006/4006/4006 4008/4008/4008
f 4009/4009/4009 4007/4007/4007 4008/4008/4008
f 4009/4009/4009 4008/4008/4008 4010/4010/4010
f 4011/4011/4011 4009/4009/4009 4010/4010/4010
f 4010/4010/4010 4012/4012/4012 4011/4011/4011
f 4012/4012/4012 4013/4013/4013 4011/4011/4011
f 4016/4016/4016 4015/4015/4015 4014/4014/4014
f 4017/4017/4017 4016/4016/4016 4014/4014/4014
f 4017/4017/4017 4014/4014/4014 4018/4018/4018
f 4019/4019/4019 4017/4017/4017 4018/4018/4018
f 4019/4019/4019 4018/4018/4018 4020/4020/4020
f 4021/4021/4021 4019/4019/4019 4020/4020/4020
f 4021/4021/4021 4020/4020/4020 4022/4022/4022
f 4020/4020/4020 4023/4023/4023 4022/4022/4022
f 4023/4023/4023 4024/4024/4024 4022/4022/4022
f 4024/4024/4024 4025/4025/4025 4022/4022/4022
f 4024/4024/4024 4026/4026/4026 4025/4025/4025
f 4026/4026/4026 4027/4027/4027 4025/4025/4025
f 4026/4026/4026 4028/4028/4028 4027/4027/4027
f 4028/4028/4028 4029/4029/4029 4027/4027/4027
f 4032/4032/4032 4031/4031/4031 4030/4030/4030
f 4033/4033/4033 4032/4032/4032 4030/4030/4030
f 4033/4033/4033 4030/4030/4030 4034/4034/4034
f 4035/4035/4035 4033/4033/4033 4034/4034/4034
f 4035/4035/4035 4034/4034/4034 4036/4036/4036
f 4037/4037/4037 4035/4035/4035 4036/4036/4036
f 4040/4040/4040 4039/4039/4039 4038/4038/4038
f 4038/4038/4038 4041/4041/4041 4040/4040/4040
f 4038/4038/4038 4042/4042/4042 4041/4041/4041
f 4042/4042/4042 4043/4043/4043 4041/4041/4041
f 4043/4043/4043 4044/4044/4044 4041/4041/4041
f 4044/4044/4044 4045/4045/4045 4041/4041/4041
f 4045/4045/4045 4046/4046/4046 4041/4041/4041
f 4046/4046/4046 4047/4047/4047 4041/4041/4041
f 4047/4047/4047 4048/4048/4048 4041/4041/4041
f 4048/4048/4048 4049/4049/4049 4041/4041/4041
f 4049/4049/4049 4050/4050/4050 4041/4041/4041
f 4050/4050/4050 4051/4051/4051 4041/4041/4041
f 4051/4051/4051 4052/4052/4052 4041/4041/4041
f 4054/4054/4054 4053/4053/4053 4041/4041/4041
f 4053/4053/4053 4055/4055/4055 4041/4041/4041
f 4056/4056/4056 4055/4055/4055 4053/4053/4053
f 4053/4053/4053 4057/4057/4057 4056/4056/4056
f 4056/4056/4056 4058/4058/4058 4055/4055/4055
f 4056/4056/4056 4059/4059/4059 4058/4058/4058
f 4059/4059/4059 4060/4060/4060 4058/4058/4058
f 4060/4060/4060 4061/4061/4061 4058/4058/4058
f 4061/4061/4061 4062/4062/4062 4058/4058/4058
f 4062/4062/4062 4063/4063/4063 4058/4058/4058
f 4063/4063/4063 4064/4064/4064 4058/4058/4058
f 4064/4064/4064 4065/4065/4065 4058/4058/4058
f 4065/4065/4065 4066/4066/4066 4058/4058/4058
f 4066/4066/4066 4067/4067/4067 4058/4058/4058
f 4067/4067/4067 4068/4068/4068 4058/4058/4058
f 4071/4071/4071 4070/4070/4070 4069/4069/4069
f 4072/4072/4072 4071/4071/4071 4069/4069/4069
f 4071/4071/4071 4072/4072/4072 4073/4073/4073
f 4074/4074/4074 4071/4071/4071 4073/4073/4073
f 4074/4074/4074 4073/4073/4073 4075/4075/4075
f 4076/4076/4076 4074/4074/4074 4075/4075/4075
f 4079/4079/4079 4078/4078/4078 4077/4077/4077
f 4078/4078/4078 4080/4080/4080 4077/4077/4077
f 4077/4077/4077 4080/4080/4080 4081/4081/4081
f 4080/4080/4080 4082/4082/4082 4081/4081/4081
f 4081/4081/4081 4082/4082/4082 4083/4083/4083
f 4082/4082/4082 4084/4084/4084 4083/4083/4083
f 4087/4087/4087 4086/4086/4086 4085/4085/4085
f 4087/4087/4087 4085/4085/4085 4088/4088/4088
f 4087/4087/4087 4088/4088/4088 4089/4089/4089
f 4087/4087/4087 4089/4089/4089 4090/4090/4090
f 4087/4087/4087 4090/4090/4090 4091/4091/4091
f 4087/4087/4087 4091/4091/4091 4092/4092/4092
f 4087/4087/4087 4092/4092/4092 4093/4093/4093
f 4087/4087/4087 4093/4093/4093 4094/4094/4094
f 4087/4087/4087 4094/4094/4094 4095/4095/4095
f 4087/4087/4087 4095/4095/4095 4096/4096/4096
f 4087/4087/4087 4096/4096/4096 4097/4097/4097
f 4087/4087/4087 4097/4097/4097 4098/4098/4098
f 4098/4098/4098 4099/4099/4099 4087/4087/4087
f 4101/4101/4101 4100/4100/4100 4099/4099/4099
f 4100/4100/4100 4102/4102/4102 4099/4099/4099
f 4104/4104/4104 4103/4103/4103 4102/4102/4102
f 4102/4102/4102 4105/4105/4105 4104/4104/4104
f 4102/4102/4102 4106/4106/4106 4105/4105/4105
f 4102/4102/4102 4107/4107/4107 4106/4106/4106
f 4102/4102/4102 4108/4108/4108 4107/4107/4107
f 4102/4102/4102 4109/4109/4109 4108/4108/4108
f 4102/4102/4102 4110/4110/4110 4109/4109/4109
f 4102/4102/4102 4111/4111/4111 4110/4110/4110
f 4102/4102/4102 4112/4112/4112 4111/4111/4111
f 4102/4102/4102 4113/4113/4113 4112/4112/4112
f 4102/4102/4102 4114/4114/4114 4113/4113/4113
f 4102/4102/4102 4115/4115/4115 4114/4114/4114
f 4118/4118/4118 4117/4117/4117 4116/4116/4116
f 4119/4119/4119 4118/4118/4118 4116/4116/4116
f 4118/4118/4118 4119/4119/4119 4120/4120/4120
f 4121/4121/4121 4118/4118/4118 4120/4120/4120
f 4121/4121/4121 4120/4120/4120 4122/4122/4122
f 4123/4123/4123 4121/4121/4121 4122/4122/4122
f 4123/4123/4123 4122/4122/4122 4124/4124/4124
f 4125/4125/4125 4123/4123/4123 4124/4124/4124
f 4125/4125/4125 4124/4124/4124 4126/4126/4126
f 4127/4127/4127 4125/4125/4125 4126/4126/4126
f 4127/4127/4127 4126/4126/4126 4128/4128/4128
f 4129/4129/4129 4127/4127/4127 4128/4128/4128
f 4130/4130/4130 4129/4129/4129 4128/4128/4128
f 4131/4131/4131 4130/4130/4130 4128/4128/4128
f 4130/4130/4130 4131/4131/4131 4132/4132/4132
f 4133/4133/4133 4130/4130/4130 4132/4132/4132
f 4133/4133/4133 4132/4132/4132 4134/4134/4134
f 4135/4135/4135 4133/4133/4133 4134/4134/4134
f 4135/4135/4135 4134/4134/4134 4136/4136/4136
f 4137/4137/4137 4135/4135/4135 4136/4136/4136
f 4137/4137/4137 4136/4136/4136 4138/4138/4138
f 4139/4139/4139 4137/4137/4137 4138/4138/4138
f 4139/4139/4139 4138/4138/4138 4140/4140/4140
f 4141/4141/4141 4139/4139/4139 4140/4140/4140
f 4140/4140/4140 4142/4142/4142 4141/4141/4141
f 4142/4142/4142 4143/4143/4143 4141/4141/4141
f 4146/4146/4146 4145/4145/4145 4144/4144/4144
f 4147/4147/4147 4146/4146/4146 4144/4144/4144
f 4147/4147/4147 4144/4144/4144 4148/4148/4148
f 4149/4149/4149 4147/4147/4147 4148/4148/4148
f 4149/4149/4149 4148/4148/4148 4150/4150/4150
f 4151/4151/4151 4149/4149/4149 4150/4150/4150
f 4151/4151/4151 4150/4150/4150 4152/4152/4152
f 4150/4150/4150 4153/4153/4153 4152/4152/4152
f 4153/4153/4153 4154/4154/4154 4152/4152/4152
f 4154/4154/4154 4155/4155/4155 4152/4152/4152
f 4154/4154/4154 4156/4156/4156 4155/4155/4155
f 4156/4156/4156 4157/4157/4157 4155/4155/4155
f 4156/4156/4156 4158/4158/4158 4157/4157/4157
f 4158/4158/4158 4159/4159/4159 4157/4157/4157
f 4162/4162/4162 4161/4161/4161 4160/4160/4160
f 4163/4163/4163 4162/4162/4162 4160/4160/4160
f 4163/4163/4163 4160/4160/4160 4164/4164/4164
f 4165/4165/4165 4163/4163/4163 4164/4164/4164
f 4165/4165/4165 4164/4164/4164 4166/4166/4166
f 4167/4167/4167 4165/4165/4165 4166/4166/4166
f 4170/4170/4170 4169/4169/4169 4168/4168/4168
f 4168/4168/4168 4171/4171/4171 4170/4170/4170
f 4168/4168/4168 4172/4172/4172 4171/4171/4171
f 4172/4172/4172 4173/4173/4173 4171/4171/4171
f 4173/4173/4173 4174/4174/4174 4171/4171/4171
f 4174/4174/4174 4175/4175/4175 4171/4171/4171
f 4175/4175/4175 4176/4176/4176 4171/4171/4171
f 4176/4176/4176 4177/4177/4177 4171/4171/4171
f 4177/4177/4177 4178/4178/4178 4171/4171/4171
f 4178/4178/4178 4179/4179/4179 4171/4171/4171
f 4179/4179/4179 4180/4180/4180 4171/4171/4171
f 4180/4180/4180 4181/4181/4181 4171/4171/4171
f 4181/4181/4181 4182/4182/4182 4171/4171/4171
f 4184/4184/4184 4183/4183/4183 4171/4171/4171
f 4183/4183/4183 4185/4185/4185 4171/4171/4171
f 4186/4186/4186 4185/4185/4185 4183/4183/4183
f 4183/4183/4183 4187/4187/4187 4186/4186/4186
f 4186/4186/4186 4188/4188/4188 4185/4185/4185
f 4186/4186/4186 4189/4189/4189 4188/4188/4188
f 4189/4189/4189 4190/4190/4190 4188/4188/4188
f 4190/4190/4190 4191/4191/4191 4188/4188/4188
f 4191/4191/4191 4192/4192/4192 4188/4188/4188
f 4192/4192/4192 4193/4193/4193 4188/4188/4188
f 4193/4193/4193 4194/4194/4194 4188/4188/4188
f 4194/4194/4194 4195/4195/4195 4188/4188/4188
f 4195/4195/4195 4196/4196/4196 4188/4188/4188
f 4196/4196/4196 4197/4197/4197 4188/4188/4188
f 4197/4197/4197 4198/4198/4198 4188/4188/4188
f 4201/4201/4201 4200/4200/4200 4199/4199/4199
f 4202/4202/4202 4201/4201/4201 4199/4199/4199
f 4201/4201/4201 4202/4202/4202 4203/4203/4203
f 4204/4204/4204 4201/4201/4201 4203/4203/4203
f 4204/4204/4204 4203/4203/4203 4205/4205/4205
f 4206/4206/4206 4204/4204/4204 4205/4205/4205
f 4209/4209/4209 4208/4208/4208 4207/4207/4207
f 4208/4208/4208 4210/4210/4210 4207/4207/4207
f 4207/4207/4207 4210/4210/4210 4211/4211/4211
f 4210/4210/4210 4212/4212/4212 4211/4211/4211
f 4211/4211/4211 4212/4212/4212 4213/4213/4213
f 4212/4212/4212 4214/4214/4214 4213/4213/4213
f 4217/4217/4217 4216/4216/4216 4215/4215/4215
f 4217/4217/4217 4215/4215/4215 4218/4218/4218
f 4217/4217/4217 4218/4218/4218 4219/4219/4219
f 4217/4217/4217 4219/4219/4219 4220/4220/4220
f 4217/4217/4217 4220/4220/4220 4221/4221/4221
f 4217/4217/4217 4221/4221/4221 4222/4222/4222
f 4217/4217/4217 4222/4222/4222 4223/4223/4223
f 4217/4217/4217 4223/4223/4223 4224/4224/4224
f 4217/4217/4217 4224/4224/4224 4225/4225/4225
f 4217/4217/4217 4225/4225/4225 4226/4226/4226
f 4217/4217/4217 4226/4226/4226 4227/4227/4227
f 4217/4217/4217 4227/4227/4227 4228/4228/4228
f 4228/4228/4228 4229/4229/4229 4217/4217/4217
f 4231/4231/4231 4230/4230/4230 4229/4229/4229
f 4230/4230/4230 4232/4232/4232 4229/4229/4229
f 4234/4234/4234 4233/4233/4233 4232/4232/4232
f 4232/4232/4232 4235/4235/4235 4234/4234/4234
f 4232/4232/4232 4236/4236/4236 4235/4235/4235
f 4232/4232/4232 4237/4237/4237 4236/4236/4236
f 4232/4232/4232 4238/4238/4238 4237/4237/4237
f 4232/4232/4232 4239/4239/4239 4238/4238/4238
f 4232/4232/4232 4240/4240/4240 4239/4239/4239
f 4232/4232/4232 4241/4241/4241 4240/4240/4240
f 4232/4232/4232 4242/4242/4242 4241/4241/4241
f 4232/4232/4232 4243/4243/4243 4242/4242/4242
f 4232/4232/4232 4244/4244/4244 4243/4243/4243
f 4232/4232/4232 4245/4245/4245 4244/4244/4244
f 4248/4248/4248 4247/4247/4247 4246/4246/4246
f 4249/4249/4249 4248/4248/4248 4246/4246/4246
f 4248/4248/4248 4249/4249/4249 4250/4250/4250
f 4251/4251/4251 4248/4248/4248 4250/4250/4250
f 4251/4251/4251 4250/4250/4250 4252/4252/4252
f 4253/4253/4253 4251/4251/4251 4252/4252/4252
f 4253/4253/4253 4252/4252/4252 4254/4254/4254
f 4255/4255/4255 4253/4253/4253 4254/4254/4254
f 4255/4255/4255 4254/4254/4254 4256/4256/4256
f 4257/4257/4257 4255/4255/4255 4256/4256/4256
f 4257/4257/4257 4256/4256/4256 4258/4258/4258
f 4259/4259/4259 4257/4257/4257 4258/4258/4258
f 4260/4260/4260 4259/4259/4259 4258/4258/4258
f 4261/4261/4261 4260/4260/4260 4258/4258/4258
f 4260/4260/4260 4261/4261/4261 4262/4262/4262
f 4263/4263/4263 4260/4260/4260 4262/4262/4262
f 4263/4263/4263 4262/4262/4262 4264/4264/4264
f 4265/4265/4265 4263/4263/4263 4264/4264/4264
f 4265/4265/4265 4264/4264/4264 4266/4266/4266
f 4267/4267/4267 4265/4265/4265 4266/4266/4266
f 4267/4267/4267 4266/4266/4266 4268/4268/4268
f 4269/4269/4269 4267/4267/4267 4268/4268/4268
f 4269/4269/4269 4268/4268/4268 4270/4270/4270
f 4271/4271/4271 4269/4269/4269 4270/4270/4270
f 4270/4270/4270 4272/4272/4272 4271/4271/4271
f 4272/4272/4272 4273/4273/4273 4271/4271/4271
f 4276/4276/4276 4275/4275/4275 4274/4274/4274
f 4277/4277/4277 4276/4276/4276 4274/4274/4274
f 4277/4277/4277 4274/4274/4274 4278/4278/4278
f 4279/4279/4279 4277/4277/4277 4278/4278/4278
f 4279/4279/4279 4278/4278/4278 4280/4280/4280
f 4281/4281/4281 4279/4279/4279 4280/4280/4280
f 4281/4281/4281 4280/4280/4280 4282/4282/4282
f 4280/4280/4280 4283/4283/4283 4282/4282/4282
f 4283/4283/4283 4284/4284/4284 4282/4282/4282
f 4284/4284/4284 4285/4285/4285 4282/4282/4282
f 4284/4284/4284 4286/4286/4286 4285/4285/4285
f 4286/4286/4286 4287/4287/4287 4285/4285/4285
f 4286/4286/4286 4288/4288/4288 4287/4287/4287
f 4288/4288/4288 4289/4289/4289 4287/4287/4287
f 4292/4292/4292 4291/4291/4291 4290/4290/4290
f 4293/4293/4293 4292/4292/4292 4290/4290/4290
f 4293/4293/4293 4290/4290/4290 4294/4294/4294
f 4295/4295/4295 4293/4293/4293 4294/4294/4294
f 4295/4295/4295 4294/4294/4294 4296/4296/4296
f 4297/4297/4297 4295/4295/4295 4296/4296/4296
f 4300/4300/4300 4299/4299/4299 4298/4298/4298
f 4298/4298/4298 4301/4301/4301 4300/4300/4300
f 4298/4298/4298 4302/4302/4302 4301/4301/4301
f 4302/4302/4302 4303/4303/4303 4301/4301/4301
f 4303/4303/4303 4304/4304/4304 4301/4301/4301
f 4304/4304/4304 4305/4305/4305 4301/4301/4301
f 4305/4305/4305 4306/4306/4306 4301/4301/4301
f 4306/4306/4306 4307/4307/4307 4301/4301/4301
f 4307/4307/4307 4308/4308/4308 4301/4301/4301
f 4308/4308/4308 4309/4309/4309 4301/4301/4301
f 4309/4309/4309 4310/4310/4310 4301/4301/4301
f 4310/4310/4310 4311/4311/4311 4301/4301/4301
f 4311/4311/4311 4312/4312/4312 4301/4301/4301
f 4314/4314/4314 4313/4313/4313 4301/4301/4301
f 4313/4313/4313 4315/4315/4315 4301/4301/4301
f 4316/4316/4316 4315/4315/4315 4313/4313/4313
f 4313/4313/4313 4317/4317/4317 4316/4316/4316
f 4316/4316/4316 4318/4318/4318 4315/4315/4315
f 4316/4316/4316 4319/4319/4319 4318/4318/4318
f 4319/4319/4319 4320/4320/4320 4318/4318/4318
f 4320/4320/4320 4321/4321/4321 4318/4318/4318
f 4321/4321/4321 4322/4322/4322 4318/4318/4318
f 4322/4322/4322 4323/4323/4323 4318/4318/4318
f 4323/4323/4323 4324/4324/4324 4318/4318/4318
f 4324/4324/4324 4325/4325/4325 4318/4318/4318
f 4325/4325/4325 4326/4326/4326 4318/4318/4318
f 4326/4326/4326 4327/4327/4327 4318/4318/4318
f 4327/4327/4327 4328/4328/4328 4318/4318/4318
f 4331/4331/4331 4330/4330/4330 4329/4329/4329
f 4332/4332/4332 4331/4331/4331 4329/4329/4329
f 4331/4331/4331 4332/4332/4332 4333/4333/4333
f 4334/4334/4334 4331/4331/4331 4333/4333/4333
f 4334/4334/4334 4333/4333/4333 4335/4335/4335
f 4336/4336/4336 4334/4334/4334 4335/4335/4335
f 4339/4339/4339 4338/4338/4338 4337/4337/4337
f 4338/4338/4338 4340/4340/4340 4337/4337/4337
f 4337/4337/4337 4340/4340/4340 4341/4341/4341
f 4340/4340/4340 4342/4342/4342 4341/4341/4341
f 4341/4341/4341 4342/4342/4342 4343/4343/4343
f 4342/4342/4342 4344/4344/4344 4343/4343/4343
f 4347/4347/4347 4346/4346/4346 4345/4345/4345
f 4347/4347/4347 4345/4345/4345 4348/4348/4348
f 4347/4347/4347 4348/4348/4348 4349/4349/4349
f 4347/4347/4347 4349/4349/4349 4350/4350/4350
f 4347/4347/4347 4350/4350/4350 4351/4351/4351
f 4347/4347/4347 4351/4351/4351 4352/4352/4352
f 4347/4347/4347 4352/4352/4352 4353/4353/4353
f 4347/4347/4347 4353/4353/4353 4354/4354/4354
f 4347/4347/4347 4354/4354/4354 4355/4355/4355
f 4347/4347/4347 4355/4355/4355 4356/4356/4356
f 4347/4347/4347 4356/4356/4356 4357/4357/4357
f 4347/4347/4347 4357/4357/4357 4358/4358/4358
f 4358/4358/4358 4359/4359/4359 4347/4347/4347
f 4361/4361/4361 4360/4360/4360 4359/4359/4359
f 4360/4360/4360 4362/4362/4362 4359/4359/4359
f 4364/4364/4364 4363/4363/4363 4362/4362/4362
f 4362/4362/4362 4365/4365/4365 4364/4364/4364
f 4362/4362/4362 4366/4366/4366 4365/4365/4365
f 4362/4362/4362 4367/4367/4367 4366/4366/4366
f 4362/4362/4362 4368/4368/4368 4367/4367/4367
f 4362/4362/4362 4369/4369/4369 4368/4368/4368
f 4362/4362/4362 4370/4370/4370 4369/4369/4369
f 4362/4362/4362 4371/4371/4371 4370/4370/4370
f 4362/4362/4362 4372/4372/4372 4371/4371/4371
f 4362/4362/4362 4373/4373/4373 4372/4372/4372
f 4362/4362/4362 4374/4374/4374 4373/4373/4373
f 4362/4362/4362 4375/4375/4375 4374/4374/4374
f 4378/4378/4378 4377/4377/4377 4376/4376/4376
f 4379/4379/4379 4378/4378/4378 4376/4376/4376
f 4378/4378/4378 4379/4379/4379 4380/4380/4380
f 4381/4381/4381 4378/4378/4378 4380/4380/4380
f 4381/4381/4381 4380/4380/4380 4382/4382/4382
f 4383/4383/4383 4381/4381/4381 4382/4382/4382
f 4383/4383/4383 4382/4382/4382 4384/4384/4384
f 4385/4385/4385 4383/4383/4383 4384/4384/4384
f 4385/4385/4385 4384/4384/4384 4386/4386/4386
f 4387/4387/4387 4385/4385/4385 4386/4386/4386
f 4387/4387/4387 4386/4386/4386 4388/4388/4388
f 4389/4389/4389 4387/4387/4387 4388/4388/4388
f 4390/4390/4390 4389/4389/4389 4388/4388/4388
f 4391/4391/4391 4390/4390/4390 4388/4388/4388
f 4390/4390/4390 4391/4391/4391 4392/4392/4392
f 4393/4393/4393 4390/4390/4390 4392/4392/4392
f 4393/4393/4393 4392/4392/4392 4394/4394/4394
f 4395/4395/4395 4393/4393/4393 4394/4394/4394
f 4395/4395/4395 4394/4394/4394 4396/4396/4396
f 4397/4397/4397 4395/4395/4395 4396/4396/4396
f 4397/4397/4397 4396/4396/4396 4398/4398/4398
f 4399/4399/4399 4397/4397/4397 4398/4398/4398
f 4399/4399/4399 4398/4398/4398 4400/4400/4400
f 4401/4401/4401 4399/4399/4399 4400/4400/4400
f 4400/4400/4400 4402/4402/4402 4401/4401/4401
f 4402/4402/4402 4403/4403/4403 4401/4401/4401
f 4406/4406/4406 4405/4405/4405 4404/4404/4404
f 4407/4407/4407 4406/4406/4406 4404/4404/4404
f 4407/4407/4407 4404/4404/4404 4408/4408/4408
f 4409/4409/4409 4407/4407/4407 4408/4408/4408
f 4409/4409/4409 4408/4408/4408 4410/4410/4410
f 4411/4411/4411 4409/4409/4409 4410/4410/4410
f 4411/4411/4411 4410/4410/4410 4412/4412/4412
f 4410/4410/4410 4413/4413/4413 4412/4412/4412
f 4413/4413/4413 4414/4414/4414 4412/4412/4412
f 4414/4414/4414 4415/4415/4415 4412/4412/4412
f 4414/4414/4414 4416/4416/4416 4415/4415/4415
f 4416/4416/4416 4417/4417/4417 4415/4415/4415
f 4416/4416/4416 4418/4418/4418 4417/4417/4417
f 4418/4418/4418 4419/4419/4419 4417/4417/4417
f 4422/4422/4422 4421/4421/4421 4420/4420/4420
f 4423/4423/4423 4422/4422/4422 4420/4420/4420
f 4423/4423/4423 4420/4420/4420 4424/4424/4424
f 4425/4425/4425 4423/4423/4423 4424/4424/4424
f 4425/4425/4425 4424/4424/4424 4426/4426/4426
f 4427/4427/4427 4425/4425/4425 4426/4426/4426
f 4430/4430/4430 4429/4429/4429 4428/4428/4428
f 4428/4428/4428 4431/4431/4431 4430/4430/4430
f 4428/4428/4428 4432/4432/4432 4431/4431/4431
f 4432/4432/4432 4433/4433/4433 4431/4431/4431
f 4433/4433/4433 4434/4434/4434 4431/4431/4431
f 4434/4434/4434 4435/4435/4435 4431/4431/4431
f 4435/4435/4435 4436/4436/4436 4431/4431/4431
f 4436/4436/4436 4437/4437/4437 4431/4431/4431
f 4437/4437/4437 4438/4438/4438 4431/4431/4431
f 4438/4438/4438 4439/4439/4439 4431/4431/4431
f 4439/4439/4439 4440/4440/4440 4431/4431/4431
f 4440/4440/4440 4441/4441/4441 4431/4431/4431
f 4441/4441/4441 4442/4442/4442 4431/4431/4431
f 4444/4444/4444 4443/4443/4443 4431/4431/4431
f 4443/4443/4443 4445/4445/4445 4431/4431/4431
f 4446/4446/4446 4445/4445/4445 4443/4443/4443
f 4443/4443/4443 4447/4447/4447 4446/4446/4446
f 4446/4446/4446 4448/4448/4448 4445/4445/4445
f 4446/4446/4446 4449/4449/4449 4448/4448/4448
f 4449/4449/4449 4450/4450/4450 4448/4448/4448
f 4450/4450/4450 4451/4451/4451 4448/4448/4448
f 4451/4451/4451 4452/4452/4452 4448/4448/4448
f 4452/4452/4452 4453/4453/4453 4448/4448/4448
f 4453/4453/4453 4454/4454/4454 4448/4448/4448
f 4454/4454/4454 4455/4455/4455 4448/4448/4448
f 4455/4455/4455 4456/4456/4456 4448/4448/4448
f 4456/4456/4456 4457/4457/4457 4448/4448/4448
f 4457/4457/4457 4458/4458/4458 4448/4448/4448
f 4461/4461/4461 4460/4460/4460 4459/4459/4459
f 4462/4462/4462 4461/4461/4461 4459/4459/4459
f 4461/4461/4461 4462/4462/4462 4463/4463/4463
f 4464/4464/4464 4461/4461/4461 4463/4463/4463
f 4464/4464/4464 4463/4463/4463 4465/4465/4465
f 4466/4466/4466 4464/4464/4464 4465/4465/4465
f 4469/4469/4469 4468/4468/4468 4467/4467/4467
f 4468/4468/4468 4470/4470/4470 4467/4467/4467
f 4467/4467/4467 4470/4470/4470 4471/4471/4471
f 4470/4470/4470 4472/4472/4472 4471/4471/4471
f 4471/4471/4471 4472/4472/4472 4473/4473/4473
f 4472/4472/4472 4474/4474/4474 4473/4473/4473
f 4477/4477/4477 4476/4476/4476 4475/4475/4475
f 4477/4477/4477 4475/4475/4475 4478/4478/4478
f 4477/4477/4477 4478/4478/4478 4479/4479/4479
f 4477/4477/4477 4479/4479/4479 4480/4480/4480
f 4477/4477/4477 4480/4480/4480 4481/4481/4481
f 4477/4477/4477 4481/4481/4481 4482/4482/4482
f 4477/4477/4477 4482/4482/4482 4483/4483/4483
f 4477/4477/4477 4483/4483/4483 4484/4484/4484
f 4477/4477/4477 4484/4484/4484 4485/4485/4485
f 4477/4477/4477 4485/4485/4485 4486/4486/4486
f 4477/4477/4477 4486/4486/4486 4487/4487/4487
f 4477/4477/4477 4487/4487/4487 4488/4488/4488
f 4488/4488/4488 4489/4489/4489 4477/4477/4477
f 4491/4491/4491 4490/4490/4490 4489/4489/4489
f 4490/4490/4490 4492/4492/4492 4489/4489/4489
f 4494/4494/4494 4493/4493/4493 4492/4492/4492
f 4492/4492/4492 4495/4495/4495 4494/4494/4494
f 4492/4492/4492 4496/4496/4496 4495/4495/4495
f 4492/4492/4492 4497/4497/4497 4496/4496/4496
f 4492/4492/4492 4498/4498/4498 4497/4497/4497
f 4492/4492/4492 4499/4499/4499 4498/4498/4498
f 4492/4492/4492 4500/4500/4500 4499/4499/4499
f 4492/4492/4492 4501/4501/4501 4500/4500/4500
f 4492/4492/4492 4502/4502/4502 4501/4501/4501
f 4492/4492/4492 4503/4503/4503 4502/4502/4502
f 4492/4492/4492 4504/4504/4504 4503/4503/4503
f 4492/4492/4492 4505/4505/4505 4504/4504/4504
f 4508/4508/4508 4507/4507/4507 4506/4506/4506
f 4509/4509/4509 4508/4508/4508 4506/4506/4506
f 4508/4508/4508 4509/4509/4509 4510/4510/4510
f 4511/4511/4511 4508/4508/4508 4510/4510/4510
f 4511/4511/4511 4510/4510/4510 4512/4512/4512
f 4513/4513/4513 4511/4511/4511 4512/4512/4512
f 4513/4513/4513 4512/4512/4512 4514/4514/4514
f 4515/4515/4515 4513/4513/4513 4514/4514/4514
f 4515/4515/4515 4514/4514/4514 4516/4516/4516
f 4517/4517/4517 4515/4515/4515 4516/4516/4516
f 4517/4517/4517 4516/4516/4516 4518/4518/4518
f 4519/4519/4519 4517/4517/4517 4518/4518/4518
f 4520/4520/4520 4519/4519/4519 4518/4518/4518
f 4521/4521/4521 4520/4520/4520 4518/4518/4518
f 4520/4520/4520 4521/4521/4521 4522/4522/4522
f 4523/4523/4523 4520/4520/4520 4522/4522/4522
f 4523/4523/4523 4522/4522/4522 4524/4524/4524
f 4525/4525/4525 4523/4523/4523 4524/4524/4524
f 4525/4525/4525 4524/4524/4524 4526/4526/4526
f 4527/4527/4527 4525/4525/4525 4526/4526/4526
f 4527/4527/4527 4526/4526/4526 4528/4528/4528
f 4529/4529/4529 4527/4527/4527 4528/4528/4528
f 4529/4529/4529 4528/4528/4528 4530/4530/4530
f 4531/4531/4531 4529/4529/4529 4530/4530/4530
f 4530/4530/4530 4532/4532/4532 4531/4531/4531
f 4532/4532/4532 4533/4533/4533 4531/4531/4531
f 4536/4536/4536 4535/4535/4535 4534/4534/4534
f 4537/4537/4537 4536/4536/4536 4534/4534/4534
f 4537/4537/4537 4534/4534/4534 4538/4538/4538
f 4539/4539/4539 4537/4537/4537 4538/4538/4538
f 4539/4539/4539 4538/4538/4538 4540/4540/4540
f 4541/4541/4541 4539/4539/4539 4540/4540/4540
f 4541/4541/4541 4540/4540/4540 4542/4542/4542
f 4540/4540/4540 4543/4543/4543 4542/4542/4542
f 4543/4543/4543 4544/4544/4544 4542/4542/4542
f 4544/4544/4544 4545/4545/4545 4542/4542/4542
f 4544/4544/4544 4546/4546/4546 4545/4545/4545
f 4546/4546/4546 4547/4547/4547 4545/4545/4545
f 4546/4546/4546 4548/4548/4548 4547/4547/4547
f 4548/4548/4548 4549/4549/4549 4547/4547/4547
f 4552/4552/4552 4551/4551/4551 4550/4550/4550
f 4553/4553/4553 4552/4552/4552 4550/4550/4550
f 4553/4553/4553 4550/4550/4550 4554/4554/4554
f 4555/4555/4555 4553/4553/4553 4554/4554/4554
f 4555/4555/4555 4554/4554/4554 4556/4556/4556
f 4557/4557/4557 4555/4555/4555 4556/4556/4556
f 4560/4560/4560 4559/4559/4559 4558/4558/4558
f 4558/4558/4558 4561/4561/4561 4560/4560/4560
f 4558/4558/4558 4562/4562/4562 4561/4561/4561
f 4562/4562/4562 4563/4563/4563 4561/4561/4561
f 4563/4563/4563 4564/4564/4564 4561/4561/4561
f 4564/4564/4564 4565/4565/4565 4561/4561/4561
f 4565/4565/4565 4566/4566/4566 4561/4561/4561
f 4566/4566/4566 4567/4567/4567 4561/4561/4561
f 4567/4567/4567 4568/4568/4568 4561/4561/4561
f 4568/4568/4568 4569/4569/4569 4561/4561/4561
f 4569/4569/4569 4570/4570/4570 4561/4561/4561
f 4570/4570/4570 4571/4571/4571 4561/4561/4561
f 4571/4571/4571 4572/4572/4572 4561/4561/4561
f 4574/4574/4574 4573/4573/4573 4561/4561/4561
f 4573/4573/4573 4575/4575/4575 4561/4561/4561
f 4576/4576/4576 4575/4575/4575 4573/4573/4573
f 4573/4573/4573 4577/4577/4577 4576/4576/4576
f 4576/4576/4576 4578/4578/4578 4575/4575/4575
f 4576/4576/4576 4579/4579/4579 4578/4578/4578
f 4579/4579/4579 4580/4580/4580 4578/4578/4578
f 4580/4580/4580 4581/4581/4581 4578/4578/4578
f 4581/4581/4581 4582/4582/4582 4578/4578/4578
f 4582/4582/4582 4583/4583/4583 4578/4578/4578
f 4583/4583/4583 4584/4584/4584 4578/4578/4578
f 4584/4584/4584 4585/4585/4585 4578/4578/4578
f 4585/4585/4585 4586/4586/4586 4578/4578/4578
f 4586/4586/4586 4587/4587/4587 4578/4578/4578
f 4587/4587/4587 4588/4588/4588 4578/4578/4578
f 4591/4591/4591 4590/4590/4590 4589/4589/4589
f 4592/4592/4592 4591/4591/4591 4589/4589/4589
f 4591/4591/4591 4592/4592/4592 4593/4593/4593
f 4594/4594/4594 4591/4591/4591 4593/4593/4593
f 4594/4594/4594 4593/4593/4593 4595/4595/4595
f 4596/4596/4596 4594/4594/4594 4595/4595/4595
f 4599/4599/4599 4598/4598/4598 4597/4597/4597
f 4598/4598/4598 4600/4600/4600 4597/4597/4597
f 4597/4597/4597 4600/4600/4600 4601/4601/4601
f 4600/4600/4600 4602/4602/4602 4601/4601/4601
f 4601/4601/4601 4602/4602/4602 4603/4603/4603
f 4602/4602/4602 4604/4604/4604 4603/4603/4603
f 4607/4607/4607 4606/4606/4606 4605/4605/4605
f 4607/4607/4607 4605/4605/4605 4608/4608/4608
f 4607/4607/4607 4608/4608/4608 4609/4609/4609
f 4607/4607/4607 4609/4609/4609 4610/4610/4610
f 4607/4607/4607 4610/4610/4610 4611/4611/4611
f 4607/4607/4607 4611/4611/4611 4612/4612/4612
f 4607/4607/4607 4612/4612/4612 4613/4613/4613
f 4607/4607/4607 4613/4613/4613 4614/4614/4614
f 4607/4607/4607 4614/4614/4614 4615/4615/4615
f 4607/4607/4607 4615/4615/4615 4616/4616/4616
f 4607/4607/4607 4616/4616/4616 4617/4617/4617
f 4607/4607/4607 4617/4617/4617 4618/4618/4618
f 4618/4618/4618 4619/4619/4619 4607/4607/4607
f 4621/4621/4621 4620/4620/4620 4619/4619/4619
f 4620/4620/4620 4622/4622/4622 4619/4619/4619
f 4624/4624/4624 4623/4623/4623 4622/4622/4622
f 4622/4622/4622 4625/4625/4625 4624/4624/4624
f 4622/4622/4622 4626/4626/4626 4625/4625/4625
f 4622/4622/4622 4627/4627/4627 4626/4626/4626
f 4622/4622/4622 4628/4628/4628 4627/4627/4627
f 4622/4622/4622 4629/4629/4629 4628/4628/4628
f 4622/4622/4622 4630/4630/4630 4629/4629/4629
f 4622/4622/4622 4631/4631/4631 4630/4630/4630
f 4622/4622/4622 4632/4632/4632 4631/4631/4631
f 4622/4622/4622 4633/4633/4633 4632/4632/4632
f 4622/4622/4622 4634/4634/4634 4633/4633/4633
f 4622/4622/4622 4635/4635/4635 4634/4634/4634
f 4638/4638/4638 4637/4637/4637 4636/4636/4636
f 4639/4639/4639 4638/4638/4638 4636/4636/4636
f 4638/4638/4638 4639/4639/4639 4640/4640/4640
f 4641/4641/4641 4638/4638/4638 4640/4640/4640
f 4641/4641/4641 4640/4640/4640 4642/4642/4642
f 4643/4643/4643 4641/4641/4641 4642/4642/4642
f 4643/4643/4643 4642/4642/4642 4644/4644/4644
f 4645/4645/4645 4643/4643/4643 4644/4644/4644
f 4645/4645/4645 4644/4644/4644 4646/4646/4646
f 4647/4647/4647 4645/4645/4645 4646/4646/4646
f 4647/4647/4647 4646/4646/4646 4648/4648/4648
f 4649/4649/4649 4647/4647/4647 4648/4648/4648
f 4650/4650/4650 4649/4649/4649 4648/4648/4648
f 4651/4651/4651 4650/4650/4650 4648/4648/4648
f 4650/4650/4650 4651/4651/4651 4652/4652/4652
f 4653/4653/4653 4650/4650/4650 4652/4652/4652
f 4653/4653/4653 4652/4652/4652 4654/4654/4654
f 4655/4655/4655 4653/4653/4653 4654/4654/4654
f 4655/4655/4655 4654/4654/4654 4656/4656/4656
f 4657/4657/4657 4655/4655/4655 4656/4656/4656
f 4657/4657/4657 4656/4656/4656 4658/4658/4658
f 4659/4659/4659 4657/4657/4657 4658/4658/4658
f 4659/4659/4659 4658/4658/4658 4660/4660/4660
f 4661/4661/4661 4659/4659/4659 4660/4660/4660
f 4660/4660/4660 4662/4662/4662 4661/4661/4661
f 4662/4662/4662 4663/4663/4663 4661/4661/4661
f 4666/4666/4666 4665/4665/4665 4664/4664/4664
f 4667/4667/4667 4666/4666/4666 4664/4664/4664
f 4667/4667/4667 4664/4664/4664 4668/4668/4668
f 4669/4669/4669 4667/4667/4667 4668/4668/4668
f 4669/4669/4669 4668/4668/4668 4670/4670/4670
f 4671/4671/4671 4669/4669/4669 4670/4670/4670
f 4671/4671/4671 4670/4670/4670 4672/4672/4672
f 4670/4670/4670 4673/4673/4673 4672/4672/4672
f 4673/4673/4673 4674/4674/4674 4672/4672/4672
f 4674/4674/4674 4675/4675/4675 4672/4672/4672
f 4674/4674/4674 4676/4676/4676 4675/4675/4675
f 4676/4676/4676 4677/4677/4677 4675/4675/4675
f 4676/4676/4676 4678/4678/4678 4677/4677/4677
f 4678/4678/4678 4679/4679/4679 4677/4677/4677
f 4682/4682/4682 4681/4681/4681 4680/4680/4680
f 4683/4683/4683 4682/4682/4682 4680/4680/4680
f 4683/4683/4683 4680/4680/4680 4684/4684/4684
f 4685/4685/4685 4683/4683/4683 4684/4684/4684
f 4685/4685/4685 4684/4684/4684 4686/4686/4686
f 4687/4687/4687 4685/4685/4685 4686/4686/4686
f 4690/4690/4690 4689/4689/4689 4688/4688/4688
f 4688/4688/4688 4691/4691/4691 4690/4690/4690
f 4688/4688/4688 4692/4692/4692 4691/4691/4691
f 4692/4692/4692 4693/4693/4693 4691/4691/4691
f 4693/4693/4693 4694/4694/4694 4691/4691/4691
f 4694/4694/4694 4695/4695/4695 4691/4691/4691
f 4695/4695/4695 4696/4696/4696 4691/4691/4691
f 4696/4696/4696 4697/4697/4697 4691/4691/4691
f 4697/4697/4697 4698/4698/4698 4691/4691/4691
f 4698/4698/4698 4699/4699/4699 4691/4691/4691
f 4699/4699/4699 4700/4700/4700 4691/4691/4691
f 4700/4700/4700 4701/4701/4701 4691/4691/4691
f 4701/4701/4701 4702/4702/4702 4691/4691/4691
f 4704/4704/4704 4703/4703/4703 4691/4691/4691
f 4703/4703/4703 4705/4705/4705 4691/4691/4691
f 4706/4706/4706 4705/4705/4705 4703/4703/4703
f 4703/4703/4703 4707/4707/4707 4706/4706/4706
f 4706/4706/4706 4708/4708/4708 4705/4705/4705
f 4706/4706/4706 4709/4709/4709 4708/4708/4708
f 4709/4709/4709 4710/4710/4710 4708/4708/4708
f 4710/4710/4710 4711/4711/4711 4708/4708/4708
f 4711/4711/4711 4712/4712/4712 4708/4708/4708
f 4712/4712/4712 4713/4713/4713 4708/4708/4708
f 4713/4713/4713 4714/4714/4714 4708/4708/4708
f 4714/4714/4714 4715/4715/4715 4708/4708/4708
f 4715/4715/4715 4716/4716/4716 4708/4708/4708
f 4716/4716/4716 4717/4717/4717 4708/4708/4708
f 4717/4717/4717 4718/4718/4718 4708/4708/4708
f 4721/4721/4721 4720/4720/4720 4719/4719/4719
f 4722/4722/4722 4721/4721/4721 4719/4719/4719
f 4721/4721/4721 4722/4722/4722 4723/4723/4723
f 4724/4724/4724 4721/4721/4721 4723/4723/4723
f 4724/4724/4724 4723/4723/4723 4725/4725/4725
f 4726/4726/4726 4724/4724/4724 4725/4725/4725
f 4729/4729/4729 4728/4728/4728 4727/4727/4727
f 4728/4728/4728 4730/4730/4730 4727/4727/4727
f 4727/4727/4727 4730/4730/4730 4731/4731/4731
f 4730/4730/4730 4732/4732/4732 4731/4731/4731
f 4731/4731/4731 4732/4732/4732 4733/4733/4733
f 4732/4732/4732 4734/4734/4734 4733/4733/4733
f 4737/4737/4737 4736/4736/4736 4735/4735/4735
f 4737/4737/4737 4735/4735/4735 4738/4738/4738
f 4737/4737/4737 4738/4738/4738 4739/4739/4739
f 4737/4737/4737 4739/4739/4739 4740/4740/4740
f 4737/4737/4737 4740/4740/4740 4741/4741/4741
f 4737/4737/4737 4741/4741/4741 4742/4742/4742
f 4737/4737/4737 4742/4742/4742 4743/4743/4743
f 4737/4737/4737 4743/4743/4743 4744/4744/4744
f 4737/4737/4737 4744/4744/4744 4745/4745/4745
f 4737/4737/4737 4745/4745/4745 4746/4746/4746
f 4737/4737/4737 4746/4746/4746 4747/4747/4747
f 4737/4737/4737 4747/4747/4747 4748/4748/4748
f 4748/4748/4748 4749/4749/4749 4737/4737/4737
f 4751/4751/4751 4750/4750/4750 4749/4749/4749
f 4750/4750/4750 4752/4752/4752 4749/4749/4749
f 4754/4754/4754 4753/4753/4753 4752/4752/4752
f 4752/4752/4752 4755/4755/4755 4754/4754/4754
f 4752/4752/4752 4756/4756/4756 4755/4755/4755
f 4752/4752/4752 4757/4757/4757 4756/4756/4756
f 4752/4752/4752 4758/4758/4758 4757/4757/4757
f 4752/4752/4752 4759/4759/4759 4758/4758/4758
f 4752/4752/4752 4760/4760/4760 4759/4759/4759
f 4752/4752/4752 4761/4761/4761 4760/4760/4760
f 4752/4752/4752 4762/4762/4762 4761/4761/4761
f 4752/4752/4752 4763/4763/4763 4762/4762/4762
f 4752/4752/4752 4764/4764/4764 4763/4763/4763
f 4752/4752/4752 4765/4765/4765 4764/4764/4764
f 4768/4768/4768 4767/4767/4767 4766/4766/4766
f 4769/4769/4769 4768/4768/4768 4766/4766/4766
f 4768/4768/4768 4769/4769/4769 4770/4770/4770
f 4771/4771/4771 4768/4768/4768 4770/4770/4770
f 4771/4771/4771 4770/4770/4770 4772/4772/4772
f 4773/4773/4773 4771/4771/4771 4772/4772/4772
f 4773/4773/4773 4772/4772/4772 4774/4774/4774
f 4775/4775/4775 4773/4773/4773 4774/4774/4774
f 4775/4775/4775 4774/4774/4774 4776/4776/4776
f 4777/4777/4777 4775/4775/4775 4776/4776/4776
f 4777/4777/4777 4776/4776/4776 4778/4778/4778
f 4779/4779/4779 4777/4777/4777 4778/4778/4778
f 4780/4780/4780 4779/4779/4779 4778/4778/4778
f 4781/4781/4781 4780/4780/4780 4778/4778/4778
f 4780/4780/4780 4781/4781/4781 4782/4782/4782
f 4783/4783/4783 4780/4780/4780 4782/4782/4782
f 4783/4783/4783 4782/4782/4782 4784/4784/4784
f 4785/4785/4785 4783/4783/4783 4784/4784/4784
f 4785/4785/4785 4784/4784/4784 4786/4786/4786
f 4787/4787/4787 4785/4785/4785 4786/4786/4786
f 4787/4787/4787 4786/4786/4786 4788/4788/4788
f 4789/4789/4789 4787/4787/4787 4788/4788/4788
f 4789/4789/4789 4788/4788/4788 4790/4790/4790
f 4791/4791/4791 4789/4789/4789 4790/4790/4790
f 4790/4790/4790 4792/4792/4792 4791/4791/4791
f 4792/4792/4792 4793/4793/4793 4791/4791/4791
f 4796/4796/4796 4795/4795/4795 4794/4794/4794
f 4797/4797/4797 4796/4796/4796 4794/4794/4794
f 4797/4797/4797 4794/4794/4794 4798/4798/4798
f 4799/4799/4799 4797/4797/4797 4798/4798/4798
f 4799/4799/4799 4798/4798/4798 4800/4800/4800
f 4801/4801/4801 4799/4799/4799 4800/4800/4800
f 4801/4801/4801 4800/4800/4800 4802/4802/4802
f 4800/4800/4800 4803/4803/4803 4802/4802/4802
f 4803/4803/4803 4804/4804/4804 4802/4802/4802
f 4804/4804/4804 4805/4805/4805 4802/4802/4802
f 4804/4804/4804 4806/4806/4806 4805/4805/4805
f 4806/4806/4806 4807/4807/4807 4805/4805/4805
f 4806/4806/4806 4808/4808/4808 4807/4807/4807
f 4808/4808/4808 4809/4809/4809 4807/4807/4807
f 4812/4812/4812 4811/4811/4811 4810/4810/4810
f 4813/4813/4813 4812/4812/4812 4810/4810/4810
f 4813/4813/4813 4810/4810/4810 4814/4814/4814
f 4815/4815/4815 4813/4813/4813 4814/4814/4814
f 4815/4815/4815 4814/4814/4814 4816/4816/4816
f 4817/4817/4817 4815/4815/4815 4816/4816/4816
f 4820/4820/4820 4819/4819/4819 4818/4818/4818
f 4818/4818/4818 4821/4821/4821 4820/4820/4820
f 4818/4818/4818 4822/4822/4822 4821/4821/4821
f 4822/4822/4822 4823/4823/4823 4821/4821/4821
f 4823/4823/4823 4824/4824/4824 4821/4821/4821
f 4824/4824/4824 4825/4825/4825 4821/4821/4821
f 4825/4825/4825 4826/4826/4826 4821/4821/4821
f 4826/4826/4826 4827/4827/4827 4821/4821/4821
f 4827/4827/4827 4828/4828/4828 4821/4821/4821
f 4828/4828/4828 4829/4829/4829 4821/4821/4821
f 4829/4829/4829 4830/4830/4830 4821/4821/4821
f 4830/4830/4830 4831/4831/4831 4821/4821/4821
f 4831/4831/4831 4832/4832/4832 4821/4821/4821
f 4834/4834/4834 4833/4833/4833 4821/4821/4821
f 4833/4833/4833 4835/4835/4835 4821/4821/4821
f 4836/4836/4836 4835/4835/4835 4833/4833/4833
f 4833/4833/4833 4837/4837/4837 4836/4836/4836
f 4836/4836/4836 4838/4838/4838 4835/4835/4835
f 4836/4836/4836 4839/4839/4839 4838/4838/4838
f 4839/4839/4839 4840/4840/4840 4838/4838/4838
f 4840/4840/4840 4841/4841/4841 4838/4838/4838
f 4841/4841/4841 4842/4842/4842 4838/4838/4838
f 4842/4842/4842 4843/4843/4843 4838/4838/4838
f 4843/4843/4843 4844/4844/4844 4838/4838/4838
f 4844/4844/4844 4845/4845/4845 4838/4838/4838
f 4845/4845/4845 4846/4846/4846 4838/4838/4838
f 4846/4846/4846 4847/4847/4847 4838/4838/4838
f 4847/4847/4847 4848/4848/4848 4838/4838/4838
f 4851/4851/4851 4850/4850/4850 4849/4849/4849
f 4852/4852/4852 4851/4851/4851 4849/4849/4849
f 4851/4851/4851 4852/4852/4852 4853/4853/4853
f 4854/4854/4854 4851/4851/4851 4853/4853/4853
f 4854/4854/4854 4853/4853/4853 4855/4855/4855
f 4856/4856/4856 4854/4854/4854 4855/4855/4855
f 4859/4859/4859 4858/4858/4858 4857/4857/4857
f 4858/4858/4858 4860/4860/4860 4857/4857/4857
f 4857/4857/4857 4860/4860/4860 4861/4861/4861
f 4860/4860/4860 4862/4862/4862 4861/4861/4861
f 4861/4861/4861 4862/4862/4862 4863/4863/4863
f 4862/4862/4862 4864/4864/4864 4863/4863/4863
f 4867/4867/4867 4866/4866/4866 4865/4865/4865
f 4867/4867/4867 4865/4865/4865 4868/4868/4868
f 4867/4867/4867 4868/4868/4868 4869/4869/4869
f 4867/4867/4867 4869/4869/4869 4870/4870/4870
f 4867/4867/4867 4870/4870/4870 4871/4871/4871
f 4867/4867/4867 4871/4871/4871 4872/4872/4872
f 4867/4867/4867 4872/4872/4872 4873/4873/4873
f 4867/4867/4867 4873/4873/4873 4874/4874/4874
f 4867/4867/4867 4874/4874/4874 4875/4875/4875
f 4867/4867/4867 4875/4875/4875 4876/4876/4876
f 4867/4867/4867 4876/4876/4876 4877/4877/4877
f 4867/4867/4867 4877/4877/4877 4878/4878/4878
f 4878/4878/4878 4879/4879/4879 4867/4867/4867
f 4881/4881/4881 4880/4880/4880 4879/4879/4879
f 4880/4880/4880 4882/4882/4882 4879/4879/4879
f 4884/4884/4884 4883/4883/4883 4882/4882/4882
f 4882/4882/4882 4885/4885/4885 4884/4884/4884
f 4882/4882/4882 4886/4886/4886 4885/4885/4885
f 4882/4882/4882 4887/4887/4887 4886/4886/4886
f 4882/4882/4882 4888/4888/4888 4887/4887/4887
f 4882/4882/4882 4889/4889/4889 4888/4888/4888
f 4882/4882/4882 4890/4890/4890 4889/4889/4889
f 4882/4882/4882 4891/4891/4891 4890/4890/4890
f 4882/4882/4882 4892/4892/4892 4891/4891/4891
f 4882/4882/4882 4893/4893/4893 4892/4892/4892
f 4882/4882/4882 4894/4894/4894 4893/4893/4893
f 4882/4882/4882 4895/4895/4895 4894/4894/4894
f 4898/4898/4898 4897/4897/4897 4896/4896/4896
f 4899/4899/4899 4898/4898/4898 4896/4896/4896
f 4898/4898/4898 4899/4899/4899 4900/4900/4900
f 4901/4901/4901 4898/4898/4898 4900/4900/4900
f 4901/4901/4901 4900/4900/4900 4902/4902/4902
f 4903/4903/4903 4901/4901/4901 4902/4902/4902
f 4903/4903/4903 4902/4902/4902 4904/4904/4904
f 4905/4905/4905 4903/4903/4903 4904/4904/4904
f 4905/4905/4905 4904/4904/4904 4906/4906/4906
f 4907/4907/4907 4905/4905/4905 4906/4906/4906
f 4907/4907/4907 4906/4906/4906 4908/4908/4908
f 4909/4909/4909 4907/4907/4907 4908/4908/4908
f 4910/4910/4910 4909/4909/4909 4908/4908/4908
f 4911/4911/4911 4910/4910/4910 4908/4908/4908
f 4910/4910/4910 4911/4911/4911 4912/4912/4912
f 4913/4913/4913 4910/4910/4910 4912/4912/4912
f 4913/4913/4913 4912/4912/4912 4914/4914/4914
f 4915/4915/4915 4913/4913/4913 4914/4914/4914
f 4915/4915/4915 4914/4914/4914 4916/4916/4916
f 4917/4917/4917 4915/4915/4915 4916/4916/4916
f 4917/4917/4917 4916/4916/4916 4918/4918/4918
f 4919/4919/4919 4917/4917/4917 4918/4918/4918
f 4919/4919/4919 4918/4918/4918 4920/4920/4920
f 4921/4921/4921 4919/4919/4919 4920/4920/4920
f 4920/4920/4920 4922/4922/4922 4921/4921/4921
f 4922/4922/4922 4923/4923/4923 4921/4921/4921
f 4926/4926/4926 4925/4925/4925 4924/4924/4924
f 4927/4927/4927 4926/4926/4926 4924/4924/4924
f 4927/4927/4927 4924/4924/4924 4928/4928/4928
f 4929/4929/4929 4927/4927/4927 4928/4928/4928
f 4929/4929/4929 4928/4928/4928 4930/4930/4930
f 4931/4931/4931 4929/4929/4929 4930/4930/4930
f 4931/4931/4931 4930/4930/4930 4932/4932/4932
f 4930/4930/4930 4933/4933/4933 4932/4932/4932
f 4933/4933/4933 4934/4934/4934 4932/4932/4932
f 4934/4934/4934 4935/4935/4935 4932/4932/4932
f 4934/4934/4934 4936/4936/4936 4935/4935/4935
f 4936/4936/4936 4937/4937/4937 4935/4935/4935
f 4936/4936/4936 4938/4938/4938 4937/4937/4937
f 4938/4938/4938 4939/4939/4939 4937/4937/4937
f 4942/4942/4942 4941/4941/4941 4940/4940/4940
f 4943/4943/4943 4942/4942/4942 4940/4940/4940
f 4943/4943/4943 4940/4940/4940 4944/4944/4944
f 4945/4945/4945 4943/4943/4943 4944/4944/4944
f 4945/4945/4945 4944/4944/4944 4946/4946/4946
f 4947/4947/4947 4945/4945/4945 4946/4946/4946
f 4950/4950/4950 4949/4949/4949 4948/4948/4948
f 4948/4948/4948 4951/4951/4951 4950/4950/4950
f 4948/4948/4948 4952/4952/4952 4951/4951/4951
f 4952/4952/4952 4953/4953/4953 4951/4951/4951
f 4953/4953/4953 4954/4954/4954 4951/4951/4951
f 4954/4954/4954 4955/4955/4955 4951/4951/4951
f 4955/4955/4955 4956/4956/4956 4951/4951/4951
f 4956/4956/4956 4957/4957/4957 4951/4951/4951
f 4957/4957/4957 4958/4958/4958 4951/4951/4951
f 4958/4958/4958 4959/4959/4959 4951/4951/4951
f 4959/4959/4959 4960/4960/4960 4951/4951/4951
f 4960/4960/4960 4961/4961/4961 4951/4951/4951
f 4961/4961/4961 4962/4962/4962 4951/4951/4951
f 4964/4964/4964 4963/4963/4963 4951/4951/4951
f 4963/4963/4963 4965/4965/4965 4951/4951/4951
f 4966/4966/4966 4965/4965/4965 4963/4963/4963
f 4963/4963/4963 4967/4967/4967 4966/4966/4966
f 4966/4966/4966 4968/4968/4968 4965/4965/4965
f 4966/4966/4966 4969/4969/4969 4968/4968/4968
f 4969/4969/4969 4970/4970/4970 4968/4968/4968
f 4970/4970/4970 4971/4971/4971 4968/4968/4968
f 4971/4971/4971 4972/4972/4972 4968/4968/4968
f 4972/4972/4972 4973/4973/4973 4968/4968/4968
f 4973/4973/4973 4974/4974/4974 4968/4968/4968
f 4974/4974/4974 4975/4975/4975 4968/4968/4968
f 4975/4975/4975 4976/4976/4976 4968/4968/4968
f 4976/4976/4976 4977/4977/4977 4968/4968/4968
f 4977/4977/4977 4978/4978/4978 4968/4968/4968
f 4981/4981/4981 4980/4980/4980 4979/4979/4979
f 4982/4982/4982 4981/4981/4981 4979/4979/4979
f 4981/4981/4981 4982/4982/4982 4983/4983/4983
f 4984/4984/4984 4981/4981/4981 4983/4983/4983
f 4984/4984/4984 4983/4983/4983 4985/4985/4985
f 4986/4986/4986 4984/4984/4984 4985/4985/4985
f 4989/4989/4989 4988/4988/4988 4987/4987/4987
f 4988/4988/4988 4990/4990/4990 4987/4987/4987
f 4987/4987/4987 4990/4990/4990 4991/4991/4991
f 4990/4990/4990 4992/4992/4992 4991/4991/4991
f 4991/4991/4991 4992/4992/4992 4993/4993/4993
f 4992/4992/4992 4994/4994/4994 4993/4993/4993
f 4997/4997/4997 4996/4996/4996 4995/4995/4995
f 4997/4997/4997 4995/4995/4995 4998/4998/4998
f 4997/4997/4997 4998/4998/4998 4999/4999/4999
f 4997/4997/4997 4999/4999/4999 5000/5000/5000
f 4997/4997/4997 5000/5000/5000 5001/5001/5001
f 4997/4997/4997 5001/5001/5001 5002/5002/5002
f 4997/4997/4997 5002/5002/5002 5003/5003/5003
f 4997/4997/4997 5003/5003/5003 5004/5004/5004
f 4997/4997/4997 5004/5004/5004 5005/5005/5005
f 4997/4997/4997 5005/5005/5005 5006/5006/5006
f 4997/4997/4997 5006/5006/5006 5007/5007/5007
f 4997/4997/4997 5007/5007/5007 5008/5008/5008
f 5008/5008/5008 5009/5009/5009 4997/4997/4997
f 5011/5011/5011 5010/5010/5010 5009/5009/5009
f 5010/5010/5010 5012/5012/5012 5009/5009/5009
f 5014/5014/5014 5013/5013/5013 5012/5012/5012
f 5012/5012/5012 5015/5015/5015 5014/5014/5014
f 5012/5012/5012 5016/5016/5016 5015/5015/5015
f 5012/5012/5012 5017/5017/5017 5016/5016/5016
f 5012/5012/5012 5018/5018/5018 5017/5017/5017
f 5012/5012/5012 5019/5019/5019 5018/5018/5018
f 5012/5012/5012 5020/5020/5020 5019/5019/5019
f 5012/5012/5012 5021/5021/5021 5020/5020/5020
f 5012/5012/5012 5022/5022/5022 5021/5021/5021
f 5012/5012/5012 5023/5023/5023 5022/5022/5022
f 5012/5012/5012 5024/5024/5024 5023/5023/5023
f 5012/5012/5012 5025/5025/5025 5024/5024/5024
f 5028/5028/5028 5027/5027/5027 5026/5026/5026
f 5029/5029/5029 5028/5028/5028 5026/5026/5026
f 5028/5028/5028 5029/5029/5029 5030/5030/5030
f 5031/5031/5031 5028/5028/5028 5030/5030/5030
f 5031/5031/5031 5030/5030/5030 5032/5032/5032
f 5033/5033/5033 5031/5031/5031 5032/5032/5032
f 5033/5033/5033 5032/5032/5032 5034/5034/5034
f 5035/5035/5035 5033/5033/5033 5034/5034/5034
f 5035/5035/5035 5034/5034/5034 5036/5036/5036
f 5037/5037/5037 5035/5035/5035 5036/5036/5036
f 5037/5037/5037 5036/5036/5036 5038/5038/5038
f 5039/5039/5039 5037/5037/5037 5038/5038/5038
f 5040/5040/5040 5039/5039/5039 5038/5038/5038
f 5041/5041/5041 5040/5040/5040 5038/5038/5038
f 5040/5040/5040 5041/5041/5041 5042/5042/5042
f 5043/5043/5043 5040/5040/5040 5042/5042/5042
f 5043/5043/5043 5042/5042/5042 5044/5044/5044
f 5045/5045/5045 5043/5043/5043 5044/5044/5044
f 5045/5045/5045 5044/5044/5044 5046/5046/5046
f 5047/5047/5047 5045/5045/5045 5046/5046/5046
f 5047/5047/5047 5046/5046/5046 5048/5048/5048
f 5049/5049/5049 5047/5047/5047 5048/5048/5048
f 5049/5049/5049 5048/5048/5048 5050/5050/5050
f 5051/5051/5051 5049/5049/5049 5050/5050/5050
f 5050/5050/5050 5052/5052/5052 5051/5051/5051
f 5052/5052/5052 5053/5053/5053 5051/5051/5051
f 5056/5056/5056 5055/5055/5055 5054/5054/5054
f 5057/5057/5057 5056/5056/5056 5054/5054/5054
f 5057/5057/5057 5054/5054/5054 5058/5058/5058
f 5059/5059/5059 5057/5057/5057 5058/5058/5058
f 5059/5059/5059 5058/5058/5058 5060/5060/5060
f 5061/5061/5061 5059/5059/5059 5060/5060/5060
f 5061/5061/5061 5060/5060/5060 5062/5062/5062
f 5060/5060/5060 5063/5063/5063 5062/5062/5062
f 5063/5063/5063 5064/5064/5064 5062/5062/5062
f 5064/5064/5064 5065/5065/5065 5062/5062/5062
f 5064/5064/5064 5066/5066/5066 5065/5065/5065
f 5066/5066/5066 5067/5067/5067 5065/5065/5065
f 5066/5066/5066 5068/5068/5068 5067/5067/5067
f 5068/5068/5068 5069/5069/5069 5067/5067/5067
f 5072/5072/5072 5071/5071/5071 5070/5070/5070
f 5073/5073/5073 5072/5072/5072 5070/5070/5070
f 5073/5073/5073 5070/5070/5070 5074/5074/5074
f 5075/5075/5075 5073/5073/5073 5074/5074/5074
f 5075/5075/5075 5074/5074/5074 5076/5076/5076
f 5077/5077/5077 5075/5075/5075 5076/5076/5076
f 5080/5080/5080 5079/5079/5079 5078/5078/5078
f 5078/5078/5078 5081/5081/5081 5080/5080/5080
f 5078/5078/5078 5082/5082/5082 5081/5081/5081
f 5082/5082/5082 5083/5083/5083 5081/5081/5081
f 5083/5083/5083 5084/5084/5084 5081/5081/5081
f 5084/5084/5084 5085/5085/5085 5081/5081/5081
f 5085/5085/5085 5086/5086/5086 5081/5081/5081
f 5086/5086/5086 5087/5087/5087 5081/5081/5081
f 5087/5087/5087 5088/5088/5088 5081/5081/5081
f 5088/5088/5088 5089/5089/5089 5081/5081/5081
f 5089/5089/5089 5090/5090/5090 5081/5081/5081
f 5090/5090/5090 5091/5091/5091 5081/5081/5081
f 5091/5091/5091 5092/5092/5092 5081/5081/5081
f 5094/5094/5094 5093/5093/5093 5081/5081/5081
f 5093/5093/5093 5095/5095/5095 5081/5081/5081
f 5096/5096/5096 5095/5095/5095 5093/5093/5093
f 5093/5093/5093 5097/5097/5097 5096/5096/5096
f 5096/5096/5096 5098/5098/5098 5095/5095/5095
f 5096/5096/5096 5099/5099/5099 5098/5098/5098
f 5099/5099/5099 5100/5100/5100 5098/5098/5098
f 5100/5100/5100 5101/5101/5101 5098/5098/5098
f 5101/5101/5101 5102/5102/5102 5098/5098/5098
f 5102/5102/5102 5103/5103/5103 5098/5098/5098
f 5103/5103/5103 5104/5104/5104 5098/5098/5098
f 5104/5104/5104 5105/5105/5105 5098/5098/5098
f 5105/5105/5105 5106/5106/5106 5098/5098/5098
f 5106/5106/5106 5107/5107/5107 5098/5098/5098
f 5107/5107/5107 5108/5108/5108 5098/5098/5098
f 5111/5111/5111 5110/5110/5110 5109/5109/5109
f 5112/5112/5112 5111/5111/5111 5109/5109/5109
f 5111/5111/5111 5112/5112/5112 5113/5113/5113
f 5114/5114/5114 5111/5111/5111 5113/5113/5113
f 5114/5114/5114 5113/5113/5113 5115/5115/5115
f 5116/5116/5116 5114/5114/5114 5115/5115/5115
f 5119/5119/5119 5118/5118/5118 5117/5117/5117
f 5118/5118/5118 5120/5120/5120 5117/5117/5117
f 5117/5117/5117 5120/5120/5120 5121/5121/5121
f 5120/5120/5120 5122/5122/5122 5121/5121/5121
f 5121/5121/5121 5122/5122/5122 5123/5123/5123
f 5122/5122/5122 5124/5124/5124 5123/5123/5123
f 5127/5127/5127 5126/5126/5126 5125/5125/5125
f 5127/5127/5127 5125/5125/5125 5128/5128/5128
f 5127/5127/5127 5128/5128/5128 5129/5129/5129
f 5127/5127/5127 5129/5129/5129 5130/5130/5130
f 5127/5127/5127 5130/5130/5130 5131/5131/5131
f 5127/5127/5127 5131/5131/5131 5132/5132/5132
f 5127/5127/5127 5132/5132/5132 5133/5133/5133
f 5127/5127/5127 5133/5133/5133 5134/5134/5134
f 5127/5127/5127 5134/5134/5134 5135/5135/5135
f 5127/5127/5127 5135/5135/5135 5136/5136/5136
f 5127/5127/5127 5136/5136/5136 5137/5137/5137
f 5127/5127/5127 5137/5137/5137 5138/5138/5138
f 5138/5138/5138 5139/5139/5139 5127/5127/5127
f 5141/5141/5141 5140/5140/5140 5139/5139/5139
f 5140/5140/5140 5142/5142/5142 5139/5139/5139
f 5144/5144/5144 5143/5143/5143 5142/5142/5142
f 5142/5142/5142 5145/5145/5145 5144/5144/5144
f 5142/5142/5142 5146/5146/5146 5145/5145/5145
f 5142/5142/5142 5147/5147/5147 5146/5146/5146
f 5142/5142/5142 5148/5148/5148 5147/5147/5147
f 5142/5142/5142 5149/5149/5149 5148/5148/5148
f 5142/5142/5142 5150/5150/5150 5149/5149/5149
f 5142/5142/5142 5151/5151/5151 5150/5150/5150
f 5142/5142/5142 5152/5152/5152 5151/5151/5151
f 5142/5142/5142 5153/5153/5153 5152/5152/5152
f 5142/5142/5142 5154/5154/5154 5153/5153/5153
f 5142/5142/5142 5155/5155/5155 5154/5154/5154
f 5158/5158/5158 5157/5157/5157 5156/5156/5156
f 5159/5159/5159 5158/5158/5158 5156/5156/5156
f 5158/5158/5158 5159/5159/5159 5160/5160/5160
f 5161/5161/5161 5158/5158/5158 5160/5160/5160
f 5161/5161/5161 5160/5160/5160 5162/5162/5162
f 5163/5163/5163 5161/5161/5161 5162/5162/5162
f 5163/5163/5163 5162/5162/5162 5164/5164/5164
f 5165/5165/5165 5163/5163/5163 5164/5164/5164
f 5165/5165/5165 5164/5164/5164 5166/5166/5166
f 5167/5167/5167 5165/5165/5165 5166/5166/5166
f 5167/5167/5167 5166/5166/5166 5168/5168/5168
f 5169/5169/5169 5167/5167/5167 5168/5168/5168
f 5170/5170/5170 5169/5169/5169 5168/5168/5168
f 5171/5171/5171 5170/5170/5170 5168/5168/5168
f 5170/5170/5170 5171/5171/5171 5172/5172/5172
f 5173/5173/5173 5170/5170/5170 5172/5172/5172
f 5173/5173/5173 5172/5172/5172 5174/5174/5174
f 5175/5175/5175 5173/5173/5173 5174/5174/5174
f 5175/5175/5175 5174/5174/5174 5176/5176/5176
f 5177/5177/5177 5175/5175/5175 5176/5176/5176
f 5177/5177/5177 5176/5176/5176 5178/5178/5178
f 5179/5179/5179 5177/5177/5177 5178/5178/5178
f 5179/5179/5179 5178/5178/5178 5180/5180/5180
f 5181/5181/5181 5179/5179/5179 5180/5180/5180
f 5180/5180/5180 5182/5182/5182 5181/5181/5181
f 5182/5182/5182 5183/5183/5183 5181/5181/5181
f 5186/5186/5186 5185/5185/5185 5184/5184/5184
f 5187/5187/5187 5186/5186/5186 5184/5184/5184
f 5187/5187/5187 5184/5184/5184 5188/5188/5188
f 5189/5189/5189 5187/5187/5187 5188/5188/5188
f 5189/5189/5189 5188/5188/5188 5190/5190/5190
f 5191/5191/5191 5189/5189/5189 5190/5190/5190
f 5191/5191/5191 5190/5190/5190 5192/5192/5192
f 5190/5190/5190 5193/5193/5193 5192/5192/5192
f 5193/5193/5193 5194/5194/5194 5192/5192/5192
f 5194/5194/5194 5195/5195/5195 5192/5192/5192
f 5194/5194/5194 5196/5196/5196 5195/5195/5195
f 5196/5196/5196 5197/5197/5197 5195/5195/5195
f 5196/5196/5196 5198/5198/5198 5197/5197/5197
f 5198/5198/5198 5199/5199/5199 5197/5197/5197
f 5202/5202/5202 5201/5201/5201 5200/5200/5200
f 5203/5203/5203 5202/5202/5202 5200/5200/5200
f 5203/5203/5203 5200/5200/5200 5204/5204/5204
f 5205/5205/5205 5203/5203/5203 5204/5204/5204
f 5205/5205/5205 5204/5204/5204 5206/5206/5206
f 5207/5207/5207 5205/5205/5205 5206/5206/5206
f 5210/5210/5210 5209/5209/5209 5208/5208/5208
f 5208/5208/5208 5211/5211/5211 5210/5210/5210
f 5208/5208/5208 5212/5212/5212 5211/5211/5211
f 5212/5212/5212 5213/5213/5213 5211/5211/5211
f 5213/5213/5213 5214/5214/5214 5211/5211/5211
f 5214/5214/5214 5215/5215/5215 5211/5211/5211
f 5215/5215/5215 5216/5216/5216 5211/5211/5211
f 5216/5216/5216 5217/5217/5217 5211/5211/5211
f 5217/5217/5217 5218/5218/5218 5211/5211/5211
f 5218/5218/5218 5219/5219/5219 5211/5211/5211
f 5219/5219/5219 5220/5220/5220 5211/5211/5211
f 5220/5220/5220 5221/5221/5221 5211/5211/5211
f 5221/5221/5221 5222/5222/5222 5211/5211/5211
f 5224/5224/5224 5223/5223/5223 5211/5211/5211
f 5223/5223/5223 5225/5225/5225 5211/5211/5211
f 5226/5226/5226 5225/5225/5225 5223/5223/5223
f 5223/5223/5223 5227/5227/5227 5226/5226/5226
f 5226/5226/5226 5228/5228/5228 5225/5225/5225
f 5226/5226/5226 5229/5229/5229 5228/5228/5228
f 5229/5229/5229 5230/5230/5230 5228/5228/5228
f 5230/5230/5230 5231/5231/5231 5228/5228/5228
f 5231/5231/5231 5232/5232/5232 5228/5228/5228
f 5232/5232/5232 5233/5233/5233 5228/5228/5228
f 5233/5233/5233 5234/5234/5234 5228/5228/5228
f 5234/5234/5234 5235/5235/5235 5228/5228/5228
f 5235/5235/5235 5236/5236/5236 5228/5228/5228
f 5236/5236/5236 5237/5237/5237 5228/5228/5228
f 5237/5237/5237 5238/5238/5238 5228/5228/5228
f 5241/5241/5241 5240/5240/5240 5239/5239/5239
f 5242/5242/5242 5241/5241/5241 5239/5239/5239
f 5241/5241/5241 5242/5242/5242 5243/5243/5243
f 5244/5244/5244 5241/5241/5241 5243/5243/5243
f 5244/5244/5244 5243/5243/5243 5245/5245/5245
f 5246/5246/5246 5244/5244/5244 5245/5245/5245
f 5249/5249/5249 5248/5248/5248 5247/5247/5247
f 5248/5248/5248 5250/5250/5250 5247/5247/5247
f 5247/5247/5247 5250/5250/5250 5251/5251/5251
f 5250/5250/5250 5252/5252/5252 5251/5251/5251
f 5251/5251/5251 5252/5252/5252 5253/5253/5253
f 5252/5252/5252 5254/5254/5254 5253/5253/5253
f 5257/5257/5257 5256/5256/5256 5255/5255/5255
f 5257/5257/5257 5255/5255/5255 5258/5258/5258
f 5257/5257/5257 5258/5258/5258 5259/5259/5259
f 5257/5257/5257 5259/5259/5259 5260/5260/5260
f 5257/5257/5257 5260/5260/5260 5261/5261/5261
f 5257/5257/5257 5261/5261/5261 5262/5262/5262
f 5257/5257/5257 5262/5262/5262 5263/5263/5263
f 5257/5257/5257 5263/5263/5263 5264/5264/5264
f 5257/5257/5257 5264/5264/5264 5265/5265/5265
f 5257/5257/5257 5265/5265/5265 5266/5266/5266
f 5257/5257/5257 5266/5266/5266 5267/5267/5267
f 5257/5257/5257 5267/5267/5267 5268/5268/5268
f 5268/5268/5268 5269/5269/5269 5257/5257/5257
f 5271/5271/5271 5270/5270/5270 5269/5269/5269
f 5270/5270/5270 5272/5272/5272 5269/5269/5269
f 5274/5274/5274 5273/5273/5273 5272/5272/5272
f 5272/5272/5272 5275/5275/5275 5274/5274/5274
f 5272/5272/5272 5276/5276/5276 5275/5275/5275
f 5272/5272/5272 5277/5277/5277 5276/5276/5276
f 5272/5272/5272 5278/5278/5278 5277/5277/5277
f 5272/5272/5272 5279/5279/5279 5278/5278/5278
f 5272/5272/5272 5280/5280/5280 5279/5279/5279
f 5272/5272/5272 5281/5281/5281 5280/5280/5280
f 5272/5272/5272 5282/5282/5282 5281/5281/5281
f 5272/5272/5272 5283/5283/5283 5282/5282/5282
f 5272/5272/5272 5284/5284/5284 5283/5283/5283
f 5272/5272/5272 5285/5285/5285 5284/5284/5284
f 5288/5288/5288 5287/5287/5287 5286/5286/5286
f 5289/5289/5289 5288/5288/5288 5286/5286/5286
f 5288/5288/5288 5289/5289/5289 5290/5290/5290
f 5291/5291/5291 5288/5288/5288 5290/5290/5290
f 5291/5291/5291 5290/5290/5290 5292/5292/5292
f 5293/5293/5293 5291/5291/5291 5292/5292/5292
f 5293/5293/5293 5292/5292/5292 5294/5294/5294
f 5295/5295/5295 5293/5293/5293 5294/5294/5294
f 5295/5295/5295 5294/5294/5294 5296/5296/5296
f 5297/5297/5297 5295/5295/5295 5296/5296/5296
f 5297/5297/5297 5296/5296/5296 5298/5298/5298
f 5299/5299/5299 5297/5297/5297 5298/5298/5298
f 5300/5300/5300 5299/5299/5299 5298/5298/5298
f 5301/5301/5301 5300/5300/5300 5298/5298/5298
f 5300/5300/5300 5301/5301/5301 5302/5302/5302
f 5303/5303/5303 5300/5300/5300 5302/5302/5302
f 5303/5303/5303 5302/5302/5302 5304/5304/5304
f 5305/5305/5305 5303/5303/5303 5304/5304/5304
f 5305/5305/5305 5304/5304/5304 5306/5306/5306
f 5307/5307/5307 5305/5305/5305 5306/5306/5306
f 5307/5307/5307 5306/5306/5306 5308/5308/5308
f 5309/5309/5309 5307/5307/5307 5308/5308/5308
f 5309/5309/5309 5308/5308/5308 5310/5310/5310
f 5311/5311/5311 5309/5309/5309 5310/5310/5310
f 5310/5310/5310 5312/5312/5312 5311/5311/5311
f 5312/5312/5312 5313/5313/5313 5311/5311/5311
f 5316/5316/5316 5315/5315/5315 5314/5314/5314
f 5317/5317/5317 5316/5316/5316 5314/5314/5314
f 5317/5317/5317 5314/5314/5314 5318/5318/5318
f 5319/5319/5319 5317/5317/5317 5318/5318/5318
f 5319/5319/5319 5318/5318/5318 5320/5320/5320
f 5321/5321/5321 5319/5319/5319 5320/5320/5320
f 5321/5321/5321 5320/5320/5320 5322/5322/5322
f 5320/5320/5320 5323/5323/5323 5322/5322/5322
f 5323/5323/5323 5324/5324/5324 5322/5322/5322
f 5324/5324/5324 5325/5325/5325 5322/5322/5322
f 5324/5324/5324 5326/5326/5326 5325/5325/5325
f 5326/5326/5326 5327/5327/5327 5325/5325/5325
f 5326/5326/5326 5328/5328/5328 5327/5327/5327
f 5328/5328/5328 5329/5329/5329 5327/5327/5327
f 5332/5332/5332 5331/5331/5331 5330/5330/5330
f 5333/5333/5333 5332/5332/5332 5330/5330/5330
f 5333/5333/5333 5330/5330/5330 5334/5334/5334
f 5335/5335/5335 5333/5333/5333 5334/5334/5334
f 5335/5335/5335 5334/5334/5334 5336/5336/5336
f 5337/5337/5337 5335/5335/5335 5336/5336/5336
f 5340/5340/5340 5339/5339/5339 5338/5338/5338
f 5338/5338/5338 5341/5341/5341 5340/5340/5340
f 5338/5338/5338 5342/5342/5342 5341/5341/5341
f 5342/5342/5342 5343/5343/5343 5341/5341/5341
f 5343/5343/5343 5344/5344/5344 5341/5341/5341
f 5344/5344/5344 5345/5345/5345 5341/5341/5341
f 5345/5345/5345 5346/5346/5346 5341/5341/5341
f 5346/5346/5346 5347/5347/5347 5341/5341/5341
f 5347/5347/5347 5348/5348/5348 5341/5341/5341
f 5348/5348/5348 5349/5349/5349 5341/5341/5341
f 5349/5349/5349 5350/5350/5350 5341/5341/5341
f 5350/5350/5350 5351/5351/5351 5341/5341/5341
f 5351/5351/5351 5352/5352/5352 5341/5341/5341
f 5354/5354/5354 5353/5353/5353 5341/5341/5341
f 5353/5353/5353 5355/5355/5355 5341/5341/5341
f 5356/5356/5356 5355/5355/5355 5353/5353/5353
f 5353/5353/5353 5357/5357/5357 5356/5356/5356
f 5356/5356/5356 5358/5358/5358 5355/5355/5355
f 5356/5356/5356 5359/5359/5359 5358/5358/5358
f 5359/5359/5359 5360/5360/5360 5358/5358/5358
f 5360/5360/5360 5361/5361/5361 5358/5358/5358
f 5361/5361/5361 5362/5362/5362 5358/5358/5358
f 5362/5362/5362 5363/5363/5363 5358/5358/5358
f 5363/5363/5363 5364/5364/5364 5358/5358/5358
f 5364/5364/5364 5365/5365/5365 5358/5358/5358
f 5365/5365/5365 5366/5366/5366 5358/5358/5358
f 5366/5366/5366 5367/5367/5367 5358/5358/5358
f 5367/5367/5367 5368/5368/5368 5358/5358/5358
f 5371/5371/5371 5370/5370/5370 5369/5369/5369
f 5372/5372/5372 5371/5371/5371 5369/5369/5369
f 5371/5371/5371 5372/5372/5372 5373/5373/5373
f 5374/5374/5374 5371/5371/5371 5373/5373/5373
f 5374/5374/5374 5373/5373/5373 5375/5375/5375
f 5376/5376/5376 5374/5374/5374 5375/5375/5375
f 5379/5379/5379 5378/5378/5378 5377/5377/5377
f 5378/5378/5378 5380/5380/5380 5377/5377/5377
f 5377/5377/5377 5380/5380/5380 5381/5381/5381
f 5380/5380/5380 5382/5382/5382 5381/5381/5381
f 5381/5381/5381 5382/5382/5382 5383/5383/5383
f 5382/5382/5382 5384/5384/5384 5383/5383/5383
f 5387/5387/5387 5386/5386/5386 5385/5385/5385
f 5387/5387/5387 5385/5385/5385 5388/5388/5388
f 5387/5387/5387 5388/5388/5388 5389/5389/5389
f 5387/5387/5387 5389/5389/5389 5390/5390/5390
f 5387/5387/5387 5390/5390/5390 5391/5391/5391
f 5387/5387/5387 5391/5391/5391 5392/5392/5392
f 5387/5387/5387 5392/5392/5392 5393/5393/5393
f 5387/5387/5387 5393/5393/5393 5394/5394/5394
f 5387/5387/5387 5394/5394/5394 5395/5395/5395
f 5387/5387/5387 5395/5395/5395 5396/5396/5396
f 5387/5387/5387 5396/5396/5396 5397/5397/5397
f 5387/5387/5387 5397/5397/5397 5398/5398/5398
f 5398/5398/5398 5399/5399/5399 5387/5387/5387
f 5401/5401/5401 5400/5400/5400 5399/5399/5399
f 5400/5400/5400 5402/5402/5402 5399/5399/5399
f 5404/5404/5404 5403/5403/5403 5402/5402/5402
f 5402/5402/5402 5405/5405/5405 5404/5404/5404
f 5402/5402/5402 5406/5406/5406 5405/5405/5405
f 5402/5402/5402 5407/5407/5407 5406/5406/5406
f 5402/5402/5402 5408/5408/5408 5407/5407/5407
f 5402/5402/5402 5409/5409/5409 5408/5408/5408
f 5402/5402/5402 5410/5410/5410 5409/5409/5409
f 5402/5402/5402 5411/5411/5411 5410/5410/5410
f 5402/5402/5402 5412/5412/5412 5411/5411/5411
f 5402/5402/5402 5413/5413/5413 5412/5412/5412
f 5402/5402/5402 5414/5414/5414 5413/5413/5413
f 5402/5402/5402 5415/5415/5415 5414/5414/5414
f 5418/5418/5418 5417/5417/5417 5416/5416/5416
f 5419/5419/5419 5418/5418/5418 5416/5416/5416
f 5418/5418/5418 5419/5419/5419 5420/5420/5420
f 5421/5421/5421 5418/5418/5418 5420/5420/5420
f 5421/5421/5421 5420/5420/5420 5422/5422/5422
f 5423/5423/5423 5421/5421/5421 5422/5422/5422
f 5423/5423/5423 5422/5422/5422 5424/5424/5424
f 5425/5425/5425 5423/5423/5423 5424/5424/5424
f 5425/5425/5425 5424/5424/5424 5426/5426/5426
f 5427/5427/5427 5425/5425/5425 5426/5426/5426
f 5427/5427/5427 5426/5426/5426 5428/5428/5428
f 5429/5429/5429 5427/5427/5427 5428/5428/5428
f 5430/5430/5430 5429/5429/5429 5428/5428/5428
f 5431/5431/5431 5430/5430/5430 5428/5428/5428
f 5430/5430/5430 5431/5431/5431 5432/5432/5432
f 5433/5433/5433 5430/5430/5430 5432/5432/5432
f 5433/5433/5433 5432/5432/5432 5434/5434/5434
f 5435/5435/5435 5433/5433/5433 5434/5434/5434
f 5435/5435/5435 5434/5434/5434 5436/5436/5436
f 5437/5437/5437 5435/5435/5435 5436/5436/5436
f 5437/5437/5437 5436/5436/5436 5438/5438/5438
f 5439/5439/5439 5437/5437/5437 5438/5438/5438
f 5439/5439/5439 5438/5438/5438 5440/5440/5440
f 5441/5441/5441 5439/5439/5439 5440/5440/5440
f 5440/5440/5440 5442/5442/5442 5441/5441/5441
f 5442/5442/5442 5443/5443/5443 5441/5441/5441
f 5446/5446/5446 5445/5445/5445 5444/5444/5444
f 5447/5447/5447 5446/5446/5446 5444/5444/5444
f 5447/5447/5447 5444/5444/5444 5448/5448/5448
f 5449/5449/5449 5447/5447/5447 5448/5448/5448
f 5449/5449/5449 5448/5448/5448 5450/5450/5450
f 5451/5451/5451 5449/5449/5449 5450/5450/5450
f 5451/5451/5451 5450/5450/5450 5452/5452/5452
f 5450/5450/5450 5453/5453/5453 5452/5452/5452
f 5453/5453/5453 5454/5454/5454 5452/5452/5452
f 5454/5454/5454 5455/5455/5455 5452/5452/5452
f 5454/5454/5454 5456/5456/5456 5455/5455/5455
f 5456/5456/5456 5457/5457/5457 5455/5455/5455
f 5456/5456/5456 5458/5458/5458 5457/5457/5457
f 5458/5458/5458 5459/5459/5459 5457/5457/5457
f 5462/5462/5462 5461/5461/5461 5460/5460/5460
f 5463/5463/5463 5462/5462/5462 5460/5460/5460
f 5463/5463/5463 5460/5460/5460 5464/5464/5464
f 5465/5465/5465 5463/5463/5463 5464/5464/5464
f 5465/5465/5465 5464/5464/5464 5466/5466/5466
f 5467/5467/5467 5465/5465/5465 5466/5466/5466
f 5470/5470/5470 5469/5469/5469 5468/5468/5468
f 5468/5468/5468 5471/5471/5471 5470/5470/5470
f 5468/5468/5468 5472/5472/5472 5471/5471/5471
f 5472/5472/5472 5473/5473/5473 5471/5471/5471
f 5473/5473/5473 5474/5474/5474 5471/5471/5471
f 5474/5474/5474 5475/5475/5475 5471/5471/5471
f 5475/5475/5475 5476/5476/5476 5471/5471/5471
f 5476/5476/5476 5477/5477/5477 5471/5471/5471
f 5477/5477/5477 5478/5478/5478 5471/5471/5471
f 5478/5478/5478 5479/5479/5479 5471/5471/5471
f 5479/5479/5479 5480/5480/5480 5471/5471/5471
f 5480/5480/5480 5481/5481/5481 5471/5471/5471
f 5481/5481/5481 5482/5482/5482 5471/5471/5471
f 5484/5484/5484 5483/5483/5483 5471/5471/5471
f 5483/5483/5483 5485/5485/5485 5471/5471/5471
f 5486/5486/5486 5485/5485/5485 5483/5483/5483
f 5483/5483/5483 5487/5487/5487 5486/5486/5486
f 5486/5486/5486 5488/5488/5488 5485/5485/5485
f 5486/5486/5486 5489/5489/5489 5488/5488/5488
f 5489/5489/5489 5490/5490/5490 5488/5488/5488
f 5490/5490/5490 5491/5491/5491 5488/5488/5488
f 5491/5491/5491 5492/5492/5492 5488/5488/5488
f 5492/5492/5492 5493/5493/5493 5488/5488/5488
f 5493/5493/5493 5494/5494/5494 5488/5488/5488
f 5494/5494/5494 5495/5495/5495 5488/5488/5488
f 5495/5495/5495 5496/5496/5496 5488/5488/5488
f 5496/5496/5496 5497/5497/5497 5488/5488/5488
f 5497/5497/5497 5498/5498/5498 5488/5488/5488
f 5501/5501/5501 5500/5500/5500 5499/5499/5499
f 5502/5502/5502 5501/5501/5501 5499/5499/5499
f 5501/5501/5501 5502/5502/5502 5503/5503/5503
f 5504/5504/5504 5501/5501/5501 5503/5503/5503
f 5504/5504/5504 5503/5503/5503 5505/5505/5505
f 5506/5506/5506 5504/5504/5504 5505/5505/5505
f 5509/5509/5509 5508/5508/5508 5507/5507/5507
f 5508/5508/5508 5510/5510/5510 5507/5507/5507
f 5507/5507/5507 5510/5510/5510 5511/5511/5511
f 5510/5510/5510 5512/5512/5512 5511/5511/5511
f 5511/5511/5511 5512/5512/5512 5513/5513/5513
f 5512/5512/5512 5514/5514/5514 5513/5513/5513
f 5517/5517/5517 5516/5516/5516 5515/5515/5515
f 5517/5517/5517 5515/5515/5515 5518/5518/5518
f 5517/5517/5517 5518/5518/5518 5519/5519/5519
f 5517/5517/5517 5519/5519/5519 5520/5520/5520
f 5517/5517/5517 5520/5520/5520 5521/5521/5521
f 5517/5517/5517 5521/5521/5521 5522/5522/5522
f 5517/5517/5517 5522/5522/5522 5523/5523/5523
f 5517/5517/5517 5523/5523/5523 5524/5524/5524
f 5517/5517/5517 5524/5524/5524 5525/5525/5525
f 5517/5517/5517 5525/5525/5525 5526/5526/5526
f 5517/5517/5517 5526/5526/5526 5527/5527/5527
f 5517/5517/5517 5527/5527/5527 5528/5528/5528
f 5528/5528/5528 5529/5529/5529 5517/5517/5517
f 5531/5531/5531 5530/5530/5530 5529/5529/5529
f 5530/5530/5530 5532/5532/5532 5529/5529/5529
f 5534/5534/5534 5533/5533/5533 5532/5532/5532
f 5532/5532/5532 5535/5535/5535 5534/5534/5534
f 5532/5532/5532 5536/5536/5536 5535/5535/5535
f 5532/5532/5532 5537/5537/5537 5536/5536/5536
f 5532/5532/5532 5538/5538/5538 5537/5537/5537
f 5532/5532/5532 5539/5539/5539 5538/5538/5538
f 5532/5532/5532 5540/5540/5540 5539/5539/5539
f 5532/5532/5532 5541/5541/5541 5540/5540/5540
f 5532/5532/5532 5542/5542/5542 5541/5541/5541
f 5532/5532/5532 5543/5543/5543 5542/5542/5542
f 5532/5532/5532 5544/5544/5544 5543/5543/5543
f 5532/5532/5532 5545/5545/5545 5544/5544/5544
f 5548/5548/5548 5547/5547/5547 5546/5546/5546
f 5549/5549/5549 5548/5548/5548 5546/5546/5546
f 5548/5548/5548 5549/5549/5549 5550/5550/5550
f 5551/5551/5551 5548/5548/5548 5550/5550/5550
f 5551/5551/5551 5550/5550/5550 5552/5552/5552
f 5553/5553/5553 5551/5551/5551 5552/5552/5552
f 5553/5553/5553 5552/5552/5552 5554/5554/5554
f 5555/5555/5555 5553/5553/5553 5554/5554/5554
f 5555/5555/5555 5554/5554/5554 5556/5556/5556
f 5557/5557/5557 5555/5555/5555 5556/5556/5556
f 5557/5557/5557 5556/5556/5556 5558/5558/5558
f 5559/5559/5559 5557/5557/5557 5558/5558/5558
f 5560/5560/5560 5559/5559/5559 5558/5558/5558
f 5561/5561/5561 5560/5560/5560 5558/5558/5558
f 5560/5560/5560 5561/5561/5561 5562/5562/5562
f 5563/5563/5563 5560/5560/5560 5562/5562/5562
f 5563/5563/5563 5562/5562/5562 5564/5564/5564
f 5565/5565/5565 5563/5563/5563 5564/5564/5564
f 5565/5565/5565 5564/5564/5564 5566/5566/5566
f 5567/5567/5567 5565/5565/5565 5566/5566/5566
f 5567/5567/5567 5566/5566/5566 5568/5568/5568
f 5569/5569/5569 5567/5567/5567 5568/5568/5568
f 5569/5569/5569 5568/5568/5568 5570/5570/5570
f 5571/5571/5571 5569/5569/5569 5570/5570/5570
f 5570/5570/5570 5572/5572/5572 5571/5571/5571
f 5572/5572/5572 5573/5573/5573 5571/5571/5571
f 5576/5576/5576 5575/5575/5575 5574/5574/5574
f 5577/5577/5577 5576/5576/5576 5574/5574/5574
f 5577/5577/5577 5574/5574/5574 5578/5578/5578
f 5579/5579/5579 5577/5577/5577 5578/5578/5578
f 5579/5579/5579 5578/5578/5578 5580/5580/5580
f 5581/5581/5581 5579/5579/5579 5580/5580/5580
f 5581/5581/5581 5580/5580/5580 5582/5582/5582
f 5580/5580/5580 5583/5583/5583 5582/5582/5582
f 5583/5583/5583 5584/5584/5584 5582/5582/5582
f 5584/5584/5584 5585/5585/5585 5582/5582/5582
f 5584/5584/5584 5586/5586/5586 5585/5585/5585
f 5586/5586/5586 5587/5587/5587 5585/5585/5585
f 5586/5586/5586 5588/5588/5588 5587/5587/5587
f 5588/5588/5588 5589/5589/5589 5587/5587/5587
f 5592/5592/5592 5591/5591/5591 5590/5590/5590
f 5593/5593/5593 5592/5592/5592 5590/5590/5590
f 5593/5593/5593 5590/5590/5590 5594/5594/5594
f 5595/5595/5595 5593/5593/5593 5594/5594/5594
f 5595/5595/5595 5594/5594/5594 5596/5596/5596
f 5597/5597/5597 5595/5595/5595 5596/5596/5596
f 5600/5600/5600 5599/5599/5599 5598/5598/5598
f 5598/5598/5598 5601/5601/5601 5600/5600/5600
f 5598/5598/5598 5602/5602/5602 5601/5601/5601
f 5602/5602/5602 5603/5603/5603 5601/5601/5601
f 5603/5603/5603 5604/5604/5604 5601/5601/5601
f 5604/5604/5604 5605/5605/5605 5601/5601/5601
f 5605/5605/5605 5606/5606/5606 5601/5601/5601
f 5606/5606/5606 5607/5607/5607 5601/5601/5601
f 5607/5607/5607 5608/5608/5608 5601/5601/5601
f 5608/5608/5608 5609/5609/5609 5601/5601/5601
f 5609/5609/5609 5610/5610/5610 5601/5601/5601
f 5610/5610/5610 5611/5611/5611 5601/5601/5601
f 5611/5611/5611 5612/5612/5612 5601/5601/5601
f 5614/5614/5614 5613/5613/5613 5601/5601/5601
f 5613/5613/5613 5615/5615/5615 5601/5601/5601
f 5616/5616/5616 5615/5615/5615 5613/5613/5613
f 5613/5613/5613 5617/5617/5617 5616/5616/5616
f 5616/5616/5616 5618/5618/5618 5615/5615/5615
f 5616/5616/5616 5619/5619/5619 5618/5618/5618
f 5619/5619/5619 5620/5620/5620 5618/5618/5618
f 5620/5620/5620 5621/5621/5621 5618/5618/5618
f 5621/5621/5621 5622/5622/5622 5618/5618/5618
f 5622/5622/5622 5623/5623/5623 5618/5618/5618
f 5623/5623/5623 5624/5624/5624 5618/5618/5618
f 5624/5624/5624 5625/5625/5625 5618/5618/5618
f 5625/5625/5625 5626/5626/5626 5618/5618/5618
f 5626/5626/5626 5627/5627/5627 5618/5618/5618
f 5627/5627/5627 5628/5628/5628 5618/5618/5618
f 5631/5631/5631 5630/5630/5630 5629/5629/5629
f 5632/5632/5632 5631/5631/5631 5629/5629/5629
f 5631/5631/5631 5632/5632/5632 5633/5633/5633
f 5634/5634/5634 5631/5631/5631 5633/5633/5633
f 5634/5634/5634 5633/5633/5633 5635/5635/5635
f 5636/5636/5636 5634/5634/5634 5635/5635/5635
f 5639/5639/5639 5638/5638/5638 5637/5637/5637
f 5638/5638/5638 5640/5640/5640 5637/5637/5637
f 5637/5637/5637 5640/5640/5640 5641/5641/5641
f 5640/5640/5640 5642/5642/5642 5641/5641/5641
f 5641/5641/5641 5642/5642/5642 5643/5643/5643
f 5642/5642/5642 5644/5644/5644 5643/5643/5643
f 5647/5647/5647 5646/5646/5646 5645/5645/5645
f 5647/5647/5647 5645/5645/5645 5648/5648/5648
f 5647/5647/5647 5648/5648/5648 5649/5649/5649
f 5647/5647/5647 5649/5649/5649 5650/5650/5650
f 5647/5647/5647 5650/5650/5650 5651/5651/5651
f 5647/5647/5647 5651/5651/5651 5652/5652/5652
f 5647/5647/5647 5652/5652/5652 5653/5653/5653
f 5647/5647/5647 5653/5653/5653 5654/5654/5654
f 5647/5647/5647 5654/5654/5654 5655/5655/5655
f 5647/5647/5647 5655/5655/5655 5656/5656/5656
f 5647/5647/5647 5656/5656/5656 5657/5657/5657
f 5647/5647/5647 5657/5657/5657 5658/5658/5658
f 5658/5658/5658 5659/5659/5659 5647/5647/5647
f 5661/5661/5661 5660/5660/5660 5659/5659/5659
f 5660/5660/5660 5662/5662/5662 5659/5659/5659
f 5664/5664/5664 5663/5663/5663 5662/5662/5662
f 5662/5662/5662 5665/5665/5665 5664/5664/5664
f 5662/5662/5662 5666/5666/5666 5665/5665/5665
f 5662/5662/5662 5667/5667/5667 5666/5666/5666
f 5662/5662/5662 5668/5668/5668 5667/5667/5667
f 5662/5662/5662 5669/5669/5669 5668/5668/5668
f 5662/5662/5662 5670/5670/5670 5669/5669/5669
f 5662/5662/5662 5671/5671/5671 5670/5670/5670
f 5662/5662/5662 5672/5672/5672 5671/5671/5671
f 5662/5662/5662 5673/5673/5673 5672/5672/5672
f 5662/5662/5662 5674/5674/5674 5673/5673/5673
f 5662/5662/5662 5675/5675/5675 5674/5674/5674
f 5678/5678/5678 5677/5677/5677 5676/5676/5676
f 5679/5679/5679 5678/5678/5678 5676/5676/5676
f 5678/5678/5678 5679/5679/5679 5680/5680/5680
f 5681/5681/5681 5678/5678/5678 5680/5680/5680
f 5681/5681/5681 5680/5680/5680 5682/5682/5682
f 5683/5683/5683 5681/5681/5681 5682/5682/5682
f 5683/5683/5683 5682/5682/5682 5684/5684/5684
f 5685/5685/5685 5683/5683/5683 5684/5684/5684
f 5685/5685/5685 5684/5684/5684 5686/5686/5686
f 5687/5687/5687 5685/5685/5685 5686/5686/5686
f 5687/5687/5687 5686/5686/5686 5688/5688/5688
f 5689/5689/5689 5687/5687/5687 5688/5688/5688
f 5690/5690/5690 5689/5689/5689 5688/5688/5688
f 5691/5691/5691 5690/5690/5690 5688/5688/5688
f 5690/5690/5690 5691/5691/5691 5692/5692/5692
f 5693/5693/5693 5690/5690/5690 5692/5692/5692
f 5693/5693/5693 5692/5692/5692 5694/5694/5694
f 5695/5695/5695 5693/5693/5693 5694/5694/5694
f 5695/5695/5695 5694/5694/5694 5696/5696/5696
f 5697/5697/5697 5695/5695/5695 5696/5696/5696
f 5697/5697/5697 5696/5696/5696 5698/5698/5698
f 5699/5699/5699 5697/5697/5697 5698/5698/5698
f 5699/5699/5699 5698/5698/5698 5700/5700/5700
f 5701/5701/5701 5699/5699/5699 5700/5700/5700
f 5700/5700/5700 5702/5702/5702 5701/5701/5701
f 5702/5702/5702 5703/5703/5703 5701/5701/5701
f 5706/5706/5706 5705/5705/5705 5704/5704/5704
f 5707/5707/5707 5706/5706/5706 5704/5704/5704
f 5707/5707/5707 5704/5704/5704 5708/5708/5708
f 5709/5709/5709 5707/5707/5707 5708/5708/5708
f 5709/5709/5709 5708/5708/5708 5710/5710/5710
f 5711/5711/5711 5709/5709/5709 5710/5710/5710
f 5711/5711/5711 5710/5710/5710 5712/5712/5712
f 5710/5710/5710 5713/5713/5713 5712/5712/5712
f 5713/5713/5713 5714/5714/5714 5712/5712/5712
f 5714/5714/5714 5715/5715/5715 5712/5712/5712
f 5714/5714/5714 5716/5716/5716 5715/5715/5715
f 5716/5716/5716 5717/5717/5717 5715/5715/5715
f 5716/5716/5716 5718/5718/5718 5717/5717/5717
f 5718/5718/5718 5719/5719/5719 5717/5717/5717

usemtl Material.002
usemap Material.002
f 5722/5722/5722 5721/5721/5721 5720/5720/5720
f 5723/5723/5723 5722/5722/5722 5720/5720/5720
f 5726/5726/5726 5725/5725/5725 5724/5724/5724
f 5727/5727/5727 5726/5726/5726 5724/5724/5724
f 5730/5730/5730 5729/5729/5729 5728/5728/5728
f 5731/5731/5731 5730/5730/5730 5728/5728/5728
f 5734/5734/5734 5733/5733/5733 5732/5732/5732
f 5735/5735/5735 5734/5734/5734 5732/5732/5732
f 5738/5738/5738 5737/5737/5737 5736/5736/5736
f 5739/5739/5739 5738/5738/5738 5736/5736/5736
f 5742/5742/5742 5741/5741/5741 5740/5740/5740
f 5743/5743/5743 5742/5742/5742 5740/5740/5740
f 5746/5746/5746 5745/5745/5745 5744/5744/5744
f 5747/5747/5747 5746/5746/5746 5744/5744/5744
f 5750/5750/5750 5749/5749/5749 5748/5748/5748
f 5751/5751/5751 5750/5750/5750 5748/5748/5748
f 5754/5754/5754 5753/5753/5753 5752/5752/5752
f 5755/5755/5755 5754/5754/5754 5752/5752/5752
f 5758/5758/5758 5757/5757/5757 5756/5756/5756
f 5759/5759/5759 5758/5758/5758 5756/5756/5756
f 5762/5762/5762 5761/5761/5761 5760/5760/5760
f 5763/5763/5763 5762/5762/5762 5760/5760/5760
f 5766/5766/5766 5765/5765/5765 5764/5764/5764
f 5767/5767/5767 5766/5766/5766 5764/5764/5764
f 5770/5770/5770 5769/5769/5769 5768/5768/5768
f 5771/5771/5771 5770/5770/5770 5768/5768/5768
f 5774/5774/5774 5773/5773/5773 5772/5772/5772
f 5775/5775/5775 5774/5774/5774 5772/5772/5772
f 5778/5778/5778 5777/5777/5777 5776/5776/5776
f 5779/5779/5779 5778/5778/5778 5776/5776/5776
f 5782/5782/5782 5781/5781/5781 5780/5780/5780
f 5783/5783/5783 5782/5782/5782 5780/5780/5780
f 5786/5786/5786 5785/5785/5785 5784/5784/5784
f 5787/5787/5787 5786/5786/5786 5784/5784/5784
f 5790/5790/5790 5789/5789/5789 5788/5788/5788
f 5791/5791/5791 5790/5790/5790 5788/5788/5788
f 5794/5794/5794 5793/5793/5793 5792/5792/5792
f 5795/5795/5795 5794/5794/5794 5792/5792/5792
f 5798/5798/5798 5797/5797/5797 5796/5796/5796
f 5799/5799/5799 5798/5798/5798 5796/5796/5796
f 5802/5802/5802 5801/5801/5801 5800/5800/5800
f 5803/5803/5803 5802/5802/5802 5800/5800/5800
f 5806/5806/5806 5805/5805/5805 5804/5804/5804
f 5807/5807/5807 5806/5806/5806 5804/5804/5804
f 5810/5810/5810 5809/5809/5809 5808/5808/5808
f 5811/5811/5811 5810/5810/5810 5808/5808/5808
f 5814/5814/5814 5813/5813/5813 5812/5812/5812
f 5815/5815/5815 5814/5814/5814 5812/5812/5812
f 5818/5818/5818 5817/5817/5817 5816/5816/5816
f 5819/5819/5819 5818/5818/5818 5816/5816/5816
f 5822/5822/5822 5821/5821/5821 5820/5820/5820
f 5823/5823/5823 5822/5822/5822 5820/5820/5820
f 5826/5826/5826 5825/5825/5825 5824/5824/5824
f 5827/5827/5827 5826/5826/5826 5824/5824/5824
f 5830/5830/5830 5829/5829/5829 5828/5828/5828
f 5831/5831/5831 5830/5830/5830 5828/5828/5828
f 5834/5834/5834 5833/5833/5833 5832/5832/5832
f 5835/5835/5835 5834/5834/5834 5832/5832/5832
f 5838/5838/5838 5837/5837/5837 5836/5836/5836
f 5839/5839/5839 5838/5838/5838 5836/5836/5836
f 5842/5842/5842 5841/5841/5841 5840/5840/5840
f 5843/5843/5843 5842/5842/5842 5840/5840/5840
f 5846/5846/5846 5845/5845/5845 5844/5844/5844
f 5847/5847/5847 5846/5846/5846 5844/5844/5844
f 5850/5850/5850 5849/5849/5849 5848/5848/5848
f 5851/5851/5851 5850/5850/5850 5848/5848/5848
f 5854/5854/5854 5853/5853/5853 5852/5852/5852
f 5855/5855/5855 5854/5854/5854 5852/5852/5852
f 5858/5858/5858 5857/5857/5857 5856/5856/5856
f 5859/5859/5859 5858/5858/5858 5856/5856/5856
f 5862/5862/5862 5861/5861/5861 5860/5860/5860
f 5863/5863/5863 5862/5862/5862 5860/5860/5860
f 5866/5866/5866 5865/5865/5865 5864/5864/5864
f 5867/5867/5867 5866/5866/5866 5864/5864/5864
f 5870/5870/5870 5869/5869/5869 5868/5868/5868
f 5871/5871/5871 5870/5870/5870 5868/5868/5868
f 5874/5874/5874 5873/5873/5873 5872/5872/5872
f 5875/5875/5875 5874/5874/5874 5872/5872/5872
f 5878/5878/5878 5877/5877/5877 5876/5876/5876
f 5879/5879/5879 5878/5878/5878 5876/5876/5876
f 5882/5882/5882 5881/5881/5881 5880/5880/5880
f 5883/5883/5883 5882/5882/5882 5880/5880/5880
f 5886/5886/5886 5885/5885/5885 5884/5884/5884
f 5887/5887/5887 5886/5886/5886 5884/5884/5884
f 5890/5890/5890 5889/5889/5889 5888/5888/5888
f 5891/5891/5891 5890/5890/5890 5888/5888/5888
